Product_Price,Discount_Rate,Product_Rating,Number_of_Reviews,Stock_Availability,Days_to_Deliver,Return_Rate,Category_ID,Performance_Score,Good_Performance
199.6714153011233,0.1770236095385294,4.41107090511057,4.143134726391533,1.0,9.0,0.1851156315205497,5.0,3.270345653657578,0
136.17356988288154,0.0414669752128248,3.033533568980212,5.308267697401204,1.0,3.0,0.3846390381981175,10.0,3.0289659291728226,0
214.76885381006923,0.2761974130074415,2.8668809113138582,6.173786103901937,1.0,19.0,0.0564101371090986,4.0,3.2876061682743045,0
302.30298564080255,0.094253560316938,4.47347279615823,5.53338948872752,1.0,11.0,,7.0,,0
126.5846625276664,0.4118445340829866,3.553081672510545,6.51025834052315,1.0,14.0,0.6721629420243134,6.0,3.5398775827563003,0
126.58630430508194,0.5157009792685964,1.8740221815548983,5.717027701406222,,2.0,0.1143704003275513,7.0,,0
307.92128155073914,0.6342283268293691,,5.860786223465865,1.0,7.0,0.1728748848123761,6.0,,0
226.74347291529088,0.2717021731900056,3.3660095377840427,5.802118375377063,1.0,10.0,0.0918933494131603,2.0,3.368660657844104,0
103.0525614065048,0.1611555559536509,5.0,5.19295685089021,1.0,10.0,0.533084660686317,7.0,3.7512701231297996,1
204.25600435859647,0.3019616530585536,5.0,5.860786223465865,1.0,20.0,0.4808625580481529,8.0,3.962063355430129,1
103.65823071875376,0.2474761658633007,2.7989904555171856,,1.0,1.0,0.0926540476689371,7.0,,0
103.42702464297432,0.2773672197869529,4.833189864363147,6.380122536899765,1.0,,0.3389903083652167,4.0,4.079514645142145,1
174.1962271566034,0.4722249959604593,3.1485574501363187,6.113682179832231,0.0,21.0,0.4428959977604166,4.0,3.2049484344521133,0
5.0,0.2190395136759253,1.933299413196058,4.442651256490317,0.0,14.0,0.601067151278191,5.0,2.1859017119698803,0
5.0,0.2513040412624526,3.375401833977857,6.0844994130751715,1.0,27.0,0.1200693094062128,9.0,3.4514966956324518,0
93.77124707590272,0.1344989142255937,4.197637501776279,1.3862943611198906,1.0,2.0,0.194587544634269,5.0,2.356025800119625,0
48.71688796655762,0.2575375190463321,3.337263352003662,4.304065093204169,1.0,6.0,0.2527507973557247,2.0,2.875574709291571,0
181.4247332595274,0.5758311543371692,3.4929516590748984,3.044522437723423,1.0,1.0,0.4399909462487144,5.0,2.5225392056972433,0
,0.1747889880746776,4.9435660449286125,6.12029741895095,1.0,3.0,0.1681357498153924,3.0,4.079888493693652,1
8.769629866470865,0.4404393990716352,,6.049733455231958,1.0,4.0,0.134252413271722,10.0,,0
296.56487689215544,0.239968723155057,2.9567016887150475,6.224558429275359,1.0,13.0,0.2870342154463924,8.0,3.2926413611793484,0
127.42236995134644,0.4457504855829945,4.502030323667326,0.6931471805599453,1.0,3.0,0.2365323972831044,10.0,2.2614498041782936,0
156.75282046879238,0.4181457323941839,3.997675566954245,5.342334251964811,1.0,15.0,0.2868819647653873,10.0,3.444394109418064,0
,0.1247787246488094,1.278395198537957,5.90536184805457,1.0,13.0,0.3073870576973033,2.0,2.521489222292093,0
95.56172754748174,0.4135696874278296,4.228352913771449,3.9318256327243257,1.0,22.0,0.2448527975107134,4.0,3.121918295823735,0
161.09225897098662,0.0855221607194543,4.191828707716102,5.752572638825633,1.0,11.0,0.2757330680375313,,3.647356661126625,1
34.90064225776972,0.102384952851844,3.82012112958086,3.295836866004329,1.0,4.0,0.6981797231269743,4.0,2.677163567008248,0
187.5698018345672,0.2285050887405005,4.691700581069575,,1.0,30.0,0.4219296333464862,5.0,,0
89.9361310081195,0.5466614162505907,3.127606415673497,5.267858159063328,1.0,17.0,0.2348082595443368,10.0,3.0844383620795304,0
120.83062502067231,,4.136499788820901,5.765191102784844,1.0,5.0,0.4392427423256399,4.0,3.596308697898686,0
89.82933877706031,,2.233040628832647,3.8712010109078907,1.0,21.0,0.5290084460377669,3.0,2.2487748655978725,0
335.2278184508938,0.0536995154899485,4.207090383398832,4.127134385045092,,25.0,0.165657093515233,1.0,,0
148.6502775262066,0.3806987361056626,5.0,4.23410650459726,1.0,24.0,,4.0,,0
44.22890710440997,,2.805143647532459,4.406719247264253,1.0,8.0,0.6231222128519216,9.0,2.6194487906218753,0
232.2544912103189,0.3066911814390244,3.040197868012225,4.356708826689592,1.0,21.0,0.5038987541552962,1.0,2.7223120443807085,0
27.915635002897773,0.3430330836467324,3.089984557108448,5.017279836814924,1.0,24.0,0.5549921497558848,7.0,2.9301793439366794,0
170.88635950047555,0.476114544370721,3.929998225801595,5.765191102784844,0.0,30.0,0.589093179642019,3.0,3.383737985227688,0
5.0,0.2554704259647891,2.7369637271462817,5.153291594497778,1.0,10.0,0.3497992180589406,8.0,2.870813125596058,0
17.181395110156956,0.5012006017832084,4.22124737869098,6.107022887742254,1.0,7.0,0.3346886923964812,6.0,3.753668079319772,1
169.68612358691234,0.154006662960799,4.646839945469165,5.945420608606575,1.0,17.0,0.5246563996006038,1.0,3.837430880849518,1
223.84665799954104,0.0632323404051646,4.334347213453784,3.7135720667043075,1.0,28.0,0.2549122185421095,10.0,3.0968280616843837,0
167.13682811899704,0.4483454588827538,2.0315845743619274,2.772588722239781,,7.0,0.3979554073771115,5.0,,0
138.43517176117595,0.1099758633977806,4.795167665158606,6.447305862541213,1.0,27.0,0.490454052898386,8.0,4.0541680142461285,1
119.88963044107112,0.2998031027074426,4.737367414253679,3.2188758248682006,1.0,24.0,0.3454205847019087,3.0,3.09152559622155,0
5.0,0.5363077304756033,4.630161372346304,3.8918202981106265,1.0,19.0,0.1570977736253158,4.0,3.2881910836466464,0
78.01557916052914,0.0670542699936395,4.172842248655825,1.9459101490553132,1.0,9.0,,7.0,,0
103.93612290402125,0.3373425781481131,4.020189314205132,5.6937321388027,1.0,24.0,0.4814916201851448,6.0,3.5198970432858343,0
255.7122226218916,,4.832389398126397,5.568344503761097,1.0,2.0,0.4113410521295865,7.0,3.8211908999529705,1
,,5.0,7.170888478512505,1.0,22.0,0.3213211758121739,9.0,4.387002308391316,1
5.0,,2.84695953663515,6.483107351457199,1.0,20.0,0.2332279131793371,9.0,3.337070437455352,0
182.4083969394795,0.0929129012701737,4.878125395794772,5.0689042022202315,1.0,19.0,0.2996084048690974,2.0,3.711999738010159,1
111.49177195836836,0.1620845901138898,3.713782901992547,4.941642422609304,0.0,27.0,0.4053566691881585,3.0,3.0869345537421786,0
82.30779996940413,0.0555877186492738,3.6703269479714,4.663439094112067,1.0,6.0,0.386005096012045,4.0,3.0899614882197715,0
211.1676288840868,0.3628731421368042,,3.912023005428146,1.0,10.0,0.4450009459371487,6.0,,0
253.0999522495951,0.326185553069642,3.515210590484605,3.8066624897703196,1.0,13.0,0.2030909648858895,5.0,2.80746479014776,0
243.12801191161984,0.5516768599767246,2.8027350420315846,3.7612001156935624,1.0,25.0,0.2436387646555829,6.0,2.5007262985895857,0
66.07824767773614,0.1099186560623747,3.336145570494054,3.6109179126442243,1.0,2.0,0.0973206461655024,8.0,2.6982694727577883,0
119.07876241487854,0.2171848103951794,2.70181361622185,,1.0,10.0,0.628793311283439,2.0,,0
183.1263431403564,0.0782209788311515,3.3510916126869934,4.700480365792416,1.0,10.0,,6.0,,0
247.55451271223592,0.1767688055025618,,6.885509670034817,1.0,26.0,0.0881493730097246,9.0,,0
102.082576215471,0.5954379734962468,3.8967549184388,5.560681631015528,1.0,,0.0729879450109591,5.0,3.512308867677987,0
131.43410233361828,0.3971726866093809,2.185250137708669,7.183111701743281,1.0,22.0,0.2254129421088497,1.0,3.2839509771846815,0
39.36650259939718,0.1055672064555032,2.3544818522546764,4.941642422609304,1.0,4.0,0.0288040752574586,8.0,2.71852465263317,0
30.379337591932924,0.0311859105555057,4.161914270730526,5.214935757608986,1.0,23.0,0.7465082970084779,4.0,3.379944776173211,0
231.2525822394198,0.0279579619790819,3.002561882929901,4.770684624465664,0.0,2.0,0.1366020517644683,8.0,2.804909730158766,0
285.6240028570823,0.3679765943353593,4.874529790229931,4.110873864173311,1.0,7.0,0.4818452121037517,4.0,3.386705032923216,0
,0.159129571300425,4.025269722015047,3.8501476017100584,1.0,18.0,0.3181258430002678,8.0,3.001527000718983,0
250.3532897892024,0.7380869638355531,4.406762150206407,6.769641976852503,1.0,17.0,0.4119456319482542,9.0,4.011208326748663,1
186.16360250476345,0.2436991769678001,5.0,7.1693500166706,1.0,11.0,0.1594243339260296,5.0,4.418920138215974,1
85.48802453948757,0.170977740591307,3.4902891881934277,2.6390573296152584,1.0,21.0,0.5555118166070621,5.0,2.376730510840536,0
186.1395605508414,,3.225513294583724,3.8918202981106265,1.0,18.0,,2.0,,0
303.8036566465969,0.4477791997522805,4.671702585598814,5.111987788356543,,8.0,0.6069036036756003,,,0
146.41739608900485,0.197351654715525,,4.127134385045092,1.0,28.0,0.5762823671622261,4.0,,0
306.4643655814006,0.2614729695537015,3.612669690178699,4.9126548857360515,1.0,28.0,0.3236448883572381,3.0,3.1541353641208474,0
5.0,0.2791904822094437,5.0,3.737669618283368,0.0,12.0,0.3916802276146266,2.0,3.242964839962085,0
232.1902504375224,0.2492464228769708,3.587755690160069,5.2094861528414205,1.0,24.0,0.549130221017849,3.0,3.188122077712884,0
158.70470682381713,0.3888004532026781,3.832773637555781,4.564348191467836,0.0,1.0,0.3282293519685367,4.0,3.036768042068956,0
120.09926495341324,0.0898309777348184,3.821222650834258,4.875197323201151,1.0,20.0,0.2502876627991633,9.0,3.240990724734216,0
159.17607765355024,0.2393537041475697,2.8654061051015285,3.4011973816621555,1.0,30.0,0.2079699759245279,6.0,2.4249276613543524,0
5.0,0.2004520499405746,3.877585389486391,5.123963979403259,1.0,25.0,0.4550876695023692,10.0,3.2972058157150603,0
128.0328112162488,0.4009969437535314,5.0,7.112327444710911,0.0,21.0,0.020199441759161,5.0,4.329658345061441,1
185.71125715117464,0.4674355152035755,4.244968315376176,4.787491742782046,,12.0,0.1338888205829737,9.0,,0
297.78940447415164,0.1279157924541819,3.831063426398931,6.4425401664681985,1.0,27.0,,8.0,,0
98.17297817263524,0.403734941984525,3.63823271883433,,1.0,,0.5158244631702392,,,0
69.15063971068123,0.0894865576156005,4.130867028406351,6.815639990074331,1.0,29.0,0.2980988558194204,3.0,3.937419037220956,1
99.82429564154634,0.2478156639906327,4.549766628489185,6.150602768446279,1.0,6.0,0.1506792898349497,7.0,3.934951623962568,1
241.5402117702074,0.26449203451846,,5.780743515792329,1.0,3.0,0.4298505681380476,10.0,,0
182.87511096596845,0.4549932251283338,3.4681351381780208,6.368187186350492,,5.0,0.2513602459994865,6.0,,0
97.02397962329611,0.3895079338725103,4.1247815941101145,3.1780538303479453,,14.0,0.497880911700518,8.0,,0
201.3267433113356,0.0971817728565808,4.279939741148279,5.231108616854587,1.0,,0.1899362684095381,6.0,3.5433212278337805,0
159.70775493480403,0.3828986050331805,2.7928050124730213,7.215975002651466,1.0,13.0,,10.0,,0
246.8644990532889,0.297838427885603,3.968230541183694,6.089044875446846,1.0,13.0,0.4261165785026026,4.0,3.628782363407011,0
79.79469061226476,0.5903979088514874,1.638696113697638,6.889591308354466,1.0,29.0,0.296285541719494,10.0,2.9630987296414966,0
117.23378534022318,0.1760983318750708,4.282533709821185,6.118097198041347,0.0,17.0,0.0771334384097725,7.0,3.7330159556589235,1
110.78918468678424,0.2144134952920709,4.460343054562681,,1.0,24.0,0.424587097914304,7.0,,0
,0.6204682337798468,4.547546125786459,5.90808293816893,1.0,27.0,0.1900518871854182,8.0,3.8534329543281793,1
179.6120277064576,0.4872331449600042,3.404953147830432,6.061456918928017,1.0,15.0,0.2645447477810864,2.0,3.4275093852543606,0
176.10552721798894,0.0962069245149607,4.109046835024035,5.407171771460119,1.0,6.0,0.5590569537218075,6.0,3.453958874703288,0
150.51134566424608,0.2496558034719668,5.0,6.652863029353346,0.0,12.0,0.4021961071732378,3.0,4.115419687371356,1
126.5412866624853,0.341237799092246,5.0,6.259581464064922,1.0,2.0,0.2940449419083687,8.0,4.119065450837803,1
8.46292579495858,0.4009150563139554,3.770827300773439,6.324358962381311,1.0,4.0,0.4376628908900462,,3.6181060308457598,0
107.93546772346409,0.1179359076194324,3.93931963072956,5.817111159963204,1.0,20.0,0.286295930271112,4.0,3.5636020142265634,0
115.72854834732306,0.5572754113921149,4.910911144734433,4.6913478822291435,1.0,25.0,0.0816795942277906,2.0,3.655432903716958,1
69.77227307783811,0.0629427880187678,2.299197984737825,2.3978952727983707,1.0,25.0,0.214561934125174,,1.8961353889096064,0
133.87142883339908,,3.4769242573229757,6.714170529909471,0.0,21.0,0.4070422658738372,6.0,3.5236124087272644,0
190.40508568145384,0.5302969759506505,5.0,5.579729825986222,1.0,12.0,0.1599456947442858,1.0,3.9419298088470094,1
338.618590121053,0.2709993961105075,4.775200541684766,4.672828834461906,1.0,3.0,0.7228418499484678,8.0,3.467360497022785,0
167.4577812831839,0.2770890275188418,4.169263777649904,3.8918202981106265,1.0,17.0,0.2904583230365203,3.0,3.0771599358858457,0
175.75503907227645,0.301184192228817,2.29416759466938,6.274762021241939,1.0,6.0,0.0796211609500151,1.0,3.0841714120503303,0
142.55540842338328,0.1401494015576146,3.750089766958838,6.298949246855942,1.0,24.0,0.3819053543799165,10.0,3.613339609964335,0
5.0,0.0737337849011167,3.210084603750067,6.226536669287466,0.0,17.0,0.575939902669354,1.0,3.2368068617523957,0
147.34861245507832,0.3291565105170932,4.131038902817213,5.739792912179234,1.0,27.0,0.5875335684825514,1.0,3.556846721084145,0
156.02302099410264,0.359768584824016,2.99065331520512,4.919980925828125,1.0,17.0,0.610463137101139,5.0,2.8501629764102576,0
396.3242112485286,0.3097774732702404,2.7742766050253924,4.6913478822291435,0.0,11.0,0.3461576055720399,5.0,2.647883485564492,0
130.76390352188776,0.180350414287884,1.7351347223163582,1.0986122886681096,1.0,23.0,0.1473150046345991,1.0,1.2941745746000564,0
180.15473423336124,0.1104932580161498,5.0,6.289715570908997,1.0,7.0,0.3243366127119474,5.0,4.122047348730309,1
146.52882302947566,0.2268526189451653,3.4002294885569424,3.332204510175204,1.0,2.0,,7.0,,0
33.1321962380468,0.6389059701703222,3.957145783702535,5.700443573390686,1.0,19.0,0.1127120244262987,5.0,3.57044898061296,0
264.28228145150206,0.2431391535156832,3.7977618835258182,5.351858133476067,1.0,2.0,0.1510173883339683,9.0,3.394458715786354,0
225.19330326867745,0.2159680460480785,,5.41610040220442,1.0,22.0,0.4446349346754346,4.0,,0
229.10319470430468,0.2485571743584797,2.5409350885518065,6.665683717782408,1.0,29.0,0.2155271755044979,9.0,3.2729737156545453,0
59.061254520526106,0.2374704597128737,2.794684874002765,2.3025850929940455,1.0,13.0,0.2454587384663104,,2.0595577298060577,0
,0.5319284493276698,3.0768315611706067,,0.0,24.0,0.4595263460596996,1.0,,0
9.81489372077192,0.3904389243462244,4.166606247013805,2.833213344056216,1.0,24.0,0.1314387576949729,4.0,2.7903187504833924,0
208.68570938002705,0.1697375890428857,,2.4849066497880004,1.0,16.0,0.2514466747682856,,,0
369.04556258099785,0.204026175015018,5.0,5.1298987149230735,1.0,17.0,0.3347031823483914,1.0,3.772028978007244,1
50.946367486931166,0.2549263267105989,4.82715103589315,2.995732273553991,1.0,11.0,0.2749912413117774,,3.074581848161102,0
93.3702270397228,0.2890608269629373,4.608359549665709,6.1463292576688975,1.0,9.0,0.0066187759688188,2.0,3.9859188419731892,1
159.96513650876412,0.1407896901376907,3.6803410975268496,5.424950017481402,1.0,27.0,0.0553509209885275,8.0,3.388551260057455,0
99.65243458838007,0.1884686348827569,5.0,2.197224577336219,1.0,24.0,0.7820133044846604,4.0,2.802764712303934,0
5.0,0.5651992012277928,3.581994368878876,,1.0,,,8.0,,0
156.85629748060273,0.5441384134079766,3.7687385858457536,5.652489180268651,1.0,29.0,0.1797095441451646,1.0,3.467300279589864,0
43.76962862738951,0.2074958132489381,3.969974539749269,6.20050917404269,1.0,14.0,0.1896627223022809,5.0,3.7102100236520585,1
197.35924306351816,0.1937947313120766,4.501823040543344,5.153291594497778,1.0,13.0,0.1090317915504079,9.0,3.6249103362565895,0
58.05757657661968,0.3917365978571069,,5.493061443340548,1.0,25.0,0.6534965925392114,7.0,,0
304.993440501754,0.0549042835324885,3.3248747215553967,6.180016653652572,1.0,11.0,0.250724522306989,3.0,3.4338099802565325,0
71.6746707663763,0.513200034727355,3.267006280574046,5.645446897643238,1.0,12.0,0.2073061178734266,4.0,3.2589753579479046,0
117.79384837943245,0.1680138488305095,4.439902957152084,4.343805421853684,1.0,22.0,0.2727391539131153,10.0,3.324554978634316,0
231.35172173696697,0.3498451382963249,,5.652489180268651,1.0,3.0,0.2155475056901477,7.0,,0
26.913568356604472,0.0647089915680699,3.406648875177127,5.6937321388027,1.0,1.0,0.1160808833129365,6.0,3.3475630150490736,0
172.74599346041293,0.3992098512519557,2.212811930321546,5.986452005284438,,27.0,0.2425406997237491,4.0,,0
280.7142754282428,0.3602074853627584,3.5926839039917557,5.673323267171492,1.0,8.0,0.5891837446308282,3.0,3.321233792821984,0
5.0,0.3368158164406375,4.4235257988258585,,1.0,26.0,0.2366539098493987,2.0,,0
168.46338585323042,0.1256675155755714,5.0,4.189654742026425,1.0,19.0,0.1842203415465582,10.0,3.520052354298616,0
175.98827942484235,0.186745643052941,2.602042037659338,6.809039306042979,1.0,13.0,0.2728398026805887,9.0,3.3289606463405113,0
228.18228717773104,0.3090542956810058,3.3734287471694264,5.44673737166631,1.0,7.0,0.3664385613233075,3.0,3.2101049981030023,0
26.3049289121918,0.1611047165510067,3.4105964384746232,5.814130531825066,1.0,13.0,0.544798021646453,7.0,3.299518130608079,0
17.95433869157236,0.156019393834899,5.0,,1.0,26.0,0.138777785307066,1.0,,0
202.19415656168977,0.4891720840330514,3.765058499541367,4.969813299576001,1.0,6.0,0.3278139410457669,8.0,3.231404601480194,0
179.6984673233186,0.0405952160464261,2.892673440627734,6.089044875446846,1.0,3.0,0.3395447992648331,1.0,3.215873879032181,0
175.04928503458763,0.5013100171730703,4.358695282921819,5.910796644040527,1.0,6.0,0.4477290372463021,2.0,3.727171298931626,1
184.6448209496976,0.125480123667906,3.395361479959053,2.5649493574615367,1.0,28.0,0.5985697643978863,1.0,2.307915446342505,0
,0.3783262469877855,2.5756127266420457,5.472270673671474,,3.0,0.1408438884862639,4.0,,0
173.22536971610035,0.3222129037148611,2.907226692723849,3.332204510175204,1.0,13.0,0.5894157919319819,2.0,2.344668871755705,0
179.30724732986812,0.1213622535720952,5.0,7.406103381237015,1.0,13.0,,1.0,,0
78.56485819736322,0.164766719941082,4.184209221649462,6.52649485957079,1.0,,0.4363328975690757,1.0,3.8443655670172068,1
336.57745111447565,0.4210690230658028,3.907760055452543,1.9459101490553132,1.0,25.0,0.3661687860125967,2.0,2.373643309695092,0
197.3832920911788,0.2230656431040991,3.5501062641879537,6.375024819828096,1.0,13.0,0.398787789618527,6.0,3.552792393699905,0
30.86965027973514,0.7475416808203147,4.092148842118799,6.6280413761795325,1.0,1.0,0.1628900770203733,2.0,3.892693934297305,1
215.65536086338292,,,4.875197323201151,1.0,29.0,0.2266606782075093,2.0,,0
52.531832977267854,0.1693998756977423,4.092168828207326,5.945420608606575,1.0,8.0,0.2396851210018643,8.0,3.67255668966453,1
228.7084603742452,0.1012367631091599,3.914845090277753,5.170483995038151,1.0,5.0,0.4021539793410481,5.0,3.336652438754337,0
265.8595579007404,0.1552197678852778,,5.768320995793772,1.0,20.0,0.279067603170169,8.0,,0
67.93176816482895,0.2516719879928031,3.823104346000731,4.828313737302301,1.0,17.0,0.373443829493785,8.0,3.2030470936922257,0
246.33761292443216,0.6988438963940432,2.822061164447361,4.762173934797756,,9.0,0.1100535036299522,2.0,,0
191.27809269364985,0.1628761947287865,3.187577109099132,5.111987788356543,1.0,13.0,0.4499225552159565,7.0,3.018642669103424,0
232.206015999449,0.035861074519571,,3.8712010109078907,1.0,25.0,0.161904112972468,9.0,,0
339.6792982653948,0.1868926162656133,5.0,6.280395838960195,1.0,13.0,0.4201554462439955,8.0,4.100087662439259,1
125.46118839971297,0.2802197590789023,4.662754591952687,4.859812404361672,0.0,5.0,0.4615651941708822,9.0,3.4307325192554003,0
74.62638356425104,0.5039853388745347,2.969929504870763,5.036952602413629,1.0,14.0,0.271583241944877,8.0,2.9447409342834185,0
61.04855703744767,0.2905356993774629,3.5181551506029,6.513230110912307,1.0,11.0,0.1587003964648138,4.0,3.6294910142218892,0
68.41897150345618,0.2137032540043945,3.1631235257935666,5.327876168789581,1.0,25.0,,10.0,,0
142.2898290585896,0.1742040407701023,5.0,5.46383180502561,1.0,26.0,0.0544311611399162,7.0,3.9282633092797,1
184.1151974816644,0.3991960073625363,2.380122835729071,,1.0,14.0,0.3835031818076655,9.0,,0
177.6690799330019,0.2659319496638474,3.9144760588187792,6.483107351457199,1.0,25.0,0.4297084236192838,9.0,3.724780944240815,1
232.7183249036024,,3.691472157435152,4.025351690735149,1.0,7.0,,4.0,,0
151.3001891877907,0.1054043592980552,4.6268386307091145,5.262690188904886,0.0,24.0,0.2822609645116357,7.0,3.5730903160527845,0
295.3534077157317,0.1896220786800948,3.6959907722753047,6.97166860472579,1.0,17.0,0.3835805826496935,6.0,3.7931807737979204,1
123.53431667620438,0.3548328182831716,2.0417911233445647,4.941642422609304,0.0,4.0,0.6712360010965677,3.0,2.3649619759013034,0
422.01691665896186,0.0785174307392475,3.548882165357559,4.941642422609304,1.0,,0.2027255714101242,10.0,3.16150047864379,0
212.56673477650065,0.123504889954708,2.8278377820566747,4.189654742026425,1.0,10.0,0.5463809687278022,6.0,2.5787553416850373,0
64.28424435837175,0.2413778454503063,3.879579546556561,3.6109179126442243,1.0,15.0,0.5806594536840073,8.0,2.81897530167909,0
42.91075019388877,0.4688543103047804,5.0,6.003887067106539,1.0,20.0,0.370859385424459,2.0,4.02699424304707,1
198.24724152431853,0.5491671814360513,2.0605747557677216,6.089044875446846,1.0,12.0,0.2408037692897033,3.0,2.902782611083202,0
127.65372146741493,0.1320866566288173,2.999777264600096,6.949856455000773,0.0,9.0,0.1930288818910577,,3.446262065962058,0
221.4000494092092,0.2989363140201345,3.247307046216503,6.100318952020064,1.0,3.0,0.1298727996984606,4.0,3.4030439441529285,0
197.3237624573545,0.5146805029932751,3.4183689045867887,4.430816798843313,1.0,15.0,0.2358992988183162,4.0,2.9494127417240463,0
142.71710873431272,0.4008971368260078,4.540125664105244,2.5649493574615367,1.0,12.0,,2.0,,0
65.32062819315951,0.2842255949831302,3.626455582438613,7.1459844677143876,1.0,26.0,0.4110141901894447,10.0,3.8121747352518724,1
5.0,0.317544110113382,4.215802725720445,4.828313737302301,0.0,15.0,0.5365847147263753,1.0,3.227498268533593,0
105.34850479329788,0.1384834698703489,,4.727387818712341,1.0,26.0,0.5718008059211799,7.0,,0
235.63987943234724,0.2009712364540103,4.029924345417937,6.5652649700353605,1.0,1.0,0.1440292667416905,4.0,3.852743375829445,1
171.4093744130204,0.2418896431622072,4.577797630877715,5.575949103146316,1.0,15.0,0.5482096084149515,6.0,3.694261861611991,1
25.4261221288012,0.2295611941890383,3.0677004502629117,4.290459441148391,1.0,11.0,0.716645487081771,8.0,2.6708889150333275,0
167.3180925851182,0.2156860757163646,4.581358119806515,6.492239835020471,1.0,5.0,0.3907336088577988,7.0,4.002068476657187,1
188.5317379728837,0.1231095801822028,3.852372768727568,7.316548177182976,1.0,7.0,0.1753203007031529,7.0,4.000849500505289,1
61.6142563798867,0.5160624858560737,4.845460240482252,3.332204510175204,1.0,12.0,0.2677039231963755,6.0,3.184304664606187,0
165.37251059455278,0.2623139249573352,3.5985800999230264,6.388561405545629,1.0,,0.2974433417460698,4.0,3.5965117932836854,0
155.8208718446,0.2309942687514944,4.181244655162098,5.003946305945459,1.0,25.0,0.3233019111309868,4.0,3.40902137162228,0
35.702970216937686,0.0959512859344814,3.7593937683214698,5.407171771460119,,6.0,0.2133363504776744,9.0,,0
185.77873603482837,0.340353357371217,3.703787737959421,6.6052979209482015,0.0,22.0,0.0812767418184493,5.0,3.6468491231045386,1
206.07845263682344,,4.05893042822569,6.992096427415888,1.0,3.0,0.7564157843023388,9.0,3.8699179426545744,1
258.3051243175277,0.1620025771710848,4.336807469224904,4.5217885770490405,1.0,10.0,0.2749272116612797,9.0,3.336274118472418,0
255.38020520349028,0.1945993531314553,2.5504350880759947,4.276666119016055,1.0,26.0,0.6892498842850335,4.0,2.4653238940782076,0
12.233063204290886,0.3889033363849212,5.0,3.2580965380214817,1.0,21.0,0.3015131507232337,2.0,3.217126331261798,0
56.21749600848773,0.3240072686151163,1.9403369594502011,5.513428746164982,1.0,26.0,0.4688315764263451,2.0,2.636397092344306,0
201.503526720866,0.0569606868617727,3.115187890261104,1.6094379124341003,0.0,22.0,0.3985578580858222,9.0,1.8491949582175073,0
201.3785950912209,0.5068443274386882,3.705730929235099,5.075173815233827,1.0,30.0,0.3579066288260527,9.0,3.233263190498977,0
201.5047686306048,0.3043925052678168,4.212355969085948,3.1354942159291497,1.0,4.0,0.3190420648874421,3.0,2.861782239435636,0
535.2731490654721,0.2972452247392276,5.0,5.049856007249537,1.0,13.0,0.163268187405713,5.0,3.782303164693719,1
207.0890510693167,0.1367056096153261,1.9417085117748925,2.5649493574615367,1.0,19.0,0.0883012490684199,5.0,1.8285079621347342,0
263.5565640180599,0.4491401171221709,3.292305871610289,6.293419278846481,1.0,5.0,0.3614028580851163,2.0,3.4326675606810366,0
245.40017634932025,0.2518147960573942,1.6731665122007344,4.2626798770413155,1.0,23.0,,2.0,,0
215.1391251305798,0.1695139260731264,3.831621973910248,4.787491742782046,1.0,27.0,0.3109368154486612,10.0,3.206708949308981,0
118.47307553596544,0.0801464927057364,4.071683584500031,6.418364935936212,0.0,,0.1816568701316304,1.0,3.71785154055455,1
225.89692204932675,0.2325370523553835,,6.021023349349526,1.0,18.0,0.1223937113654744,2.0,,0
72.71747854624282,0.4841625365767797,3.9206347608934538,4.31748811353631,1.0,1.0,0.761538997474281,7.0,3.011192538923418,0
126.31813932599913,0.1693257626556566,4.84402512944238,3.1354942159291497,1.0,21.0,0.5266946739393608,1.0,3.072919381767825,0
101.46364521708966,0.0747789270014016,4.383837081539059,5.934894195619588,0.0,21.0,0.4599108046805205,1.0,3.642020930365396,1
158.18741393863226,0.1852423234921943,3.364751802994832,5.003946305945459,1.0,28.0,0.1206111422988191,9.0,3.122962384521807,0
381.46585666735086,0.1679635137045052,2.3910392532079605,6.077642243349034,1.0,16.0,0.1529843282919855,2.0,3.049111508629497,0
5.0,0.2763354949660545,4.07500229829181,5.176149732573829,1.0,,,4.0,,0
218.62601903745133,0.1309785515470798,2.307897982854636,4.852030263919617,1.0,16.0,0.2913482144891576,3.0,2.620498629419908,0
5.0,0.1542500262093677,,5.198497031265825,1.0,28.0,0.0830057733972413,4.0,,0
102.80681342105666,0.0899353835301188,3.637937897963176,6.028278520230698,1.0,22.0,0.4792251919701237,7.0,3.467813676860455,0
258.8950596967366,0.3465590425511273,4.995177411511416,6.548219102762372,1.0,19.0,0.4362785005725323,10.0,4.175280995318771,1
156.42800190954628,0.1649902537464189,3.3197855658676003,2.772588722239781,1.0,16.0,0.2936887599330556,2.0,2.4009530910323633,0
42.22552220706939,0.1454381844637113,4.068850786400992,5.407171771460119,1.0,1.0,0.0888582973973343,2.0,3.5319201865189656,0
78.46962907400318,0.451163889216197,,2.3978952727983707,1.0,20.0,0.8189421428553078,9.0,,0
217.9597748934676,0.5292063498589319,3.754955881989076,5.247024072160486,1.0,20.0,0.369870957512197,6.0,3.302115382941337,0
76.96333682828633,0.3771771971387949,3.367340486603408,6.476972362889683,1.0,10.0,0.1653399681224401,7.0,3.5569599098837794,0
171.6458589581975,0.4977153092263308,4.19245601847052,4.90527477843843,1.0,2.0,0.0721799985286855,5.0,3.4341288412139996,0
154.5571839903814,0.4231845666292447,2.8738367365167914,6.695798917058491,1.0,14.0,0.3846110499670762,5.0,3.381352159730849,0
84.83996523941829,0.2173364748969555,2.590564671040941,5.700443573390686,1.0,8.0,0.3908883296524425,4.0,2.968181274503094,0
364.3944089325325,,5.0,6.705639094860002,1.0,,0.2072094008707131,8.0,4.270249848283857,1
213.3919022318011,0.177115816076833,4.5271679888921,6.052089168924416,1.0,28.0,0.6240200488339319,7.0,3.8016899364673784,1
,0.1560104234247701,3.86589160860224,3.4965075614664802,1.0,3.0,0.6045046280170205,10.0,2.7744079862774362,0
168.64543147694278,0.3583027272484148,5.0,4.3694478524670215,1.0,16.0,,2.0,,0
83.8213535231612,,3.532234481275155,5.017279836814924,1.0,17.0,0.6487570441868044,2.0,3.0883263347171788,0
235.2433334796224,0.0444376371349206,5.0,4.025351690735149,1.0,,,6.0,,0
70.74792615672993,0.1774341564063493,3.975574084925822,5.323009979138408,1.0,27.0,0.4379718426257994,1.0,3.3995382591866914,0
138.5263558533101,0.0810503458688375,2.775249249923609,5.2574953720277815,1.0,19.0,0.1924102632944693,7.0,2.948866258918884,0
200.49872789804573,0.2332597297899884,5.0,6.844815479208263,1.0,24.0,0.2660545895293627,8.0,4.3002337258566055,1
236.57551941701212,0.4563029734443914,4.790710846624085,5.141663556502659,1.0,20.0,0.2822734733661465,10.0,3.7023287109272025,1
29.97035929442238,0.1109951227085874,3.6789789689904353,6.137727054086234,1.0,3.0,0.1594337640755064,8.0,3.5810229510069433,0
116.54987641590516,0.524107383079782,4.527171259533949,6.749931193788569,1.0,13.0,0.579253942805241,,4.019997073389102,1
102.50546888390438,0.2494485341513156,3.396296566002093,6.44413125670044,1.0,16.0,0.2705480775684318,7.0,3.5376483878972826,0
84.66707674262881,0.3576596696917246,4.629149035059542,4.2626798770413155,1.0,11.0,0.4094149303715004,1.0,3.3485805910619115,0
326.54542402810966,0.1411241998676989,1.4089214347160404,5.327876168789581,1.0,20.0,0.4728695982063267,3.0,2.3673575048820252,0
190.49817109609555,0.2562193556155805,2.780198666305406,4.859812404361672,1.0,27.0,0.171601255661145,6.0,2.8357029366984348,0
23.911604566495484,0.5239791499617252,4.779259744286962,5.036952602413629,1.0,16.0,0.1597520874367579,9.0,3.690839260951522,1
241.7861947054776,0.4819498063691885,3.5503444617810804,4.90527477843843,1.0,20.0,0.2807999118969452,5.0,3.135560235864572,0
362.21561970126334,0.2639644320402215,4.007542294888742,6.265301212737709,1.0,2.0,0.3233444571815251,5.0,3.7179383903405046,1
253.24652605511469,0.223514158884564,2.453214337884565,5.198497031265825,1.0,4.0,0.2131458089289187,9.0,2.7982056827477897,0
5.0,0.2764270470816738,5.0,5.407171771460119,1.0,27.0,0.295436491310455,9.0,3.8630642331759444,1
101.57659271337486,0.321129255341407,4.990529643717677,7.10085190894405,1.0,28.0,0.3678114577869238,6.0,4.3529051386129005,1
276.69111491866227,0.557406885681536,3.59931478162467,2.9444389791664403,1.0,25.0,0.0065277243487117,5.0,2.621752061530058,0
79.23305343812193,0.1621890861748199,3.395304143136673,5.303304908059076,1.0,4.0,0.3623726900354623,10.0,3.1766385916652995,0
,0.154807479392052,4.829604361419693,6.102558594613568,1.0,28.0,0.2916083795454411,2.0,4.004287647042859,1
227.4634053429337,0.2096039228273493,5.0,3.912023005428146,1.0,17.0,0.496738652888304,8.0,3.374259171050783,0
57.306952842191706,0.1068665371877108,4.753760255811353,5.648974238161206,,1.0,0.2389363675173609,8.0,,0
144.04746439381998,0.36441921405229,5.0,4.418840607796597,1.0,1.0,0.3016024834558143,7.0,3.5653316856478163,0
5.0,0.069854215232803,2.8776486709380817,6.408528791059498,1.0,30.0,0.3774288735758747,8.0,3.298132330977907,0
47.56123586657101,0.5752524381494896,2.980613169501209,4.77912349311153,1.0,5.0,0.3754361176367825,3.0,2.8508950922065863,0
124.74318486068395,0.2816515588456469,2.611058881946651,,0.0,22.0,0.475042603016117,3.0,,0
25.22168180351505,0.3794411536939451,4.241760649649479,5.6131281063880705,1.0,,0.3335373901635709,2.0,3.613935213743499,0
313.2411303931636,0.0456596310029253,3.97560354980437,4.110873864173311,1.0,6.0,0.2527802918004498,1.0,3.0729475208136514,0
6.985862203936733,,3.648048876528014,4.61512051684126,1.0,,0.1849864309829192,3.0,3.1067584194669995,0
105.99555133030162,0.3259029406210039,4.609258628123299,5.087596335232384,1.0,25.0,0.2111376693730543,3.0,3.6277548179444237,0
163.07405772860915,0.3450841502829877,5.0,4.875197323201151,1.0,17.0,0.4957875732101999,7.0,3.6634016823183058,1
294.1273289066115,0.2370136739010705,2.2743375907131576,5.4116460518550396,1.0,26.0,,10.0,,0
6.413784882056064,0.4243518655493258,3.203027972098885,5.616771097666571,0.0,22.0,0.0247081740660215,9.0,3.161300883326321,0
266.31637521549595,0.1288120009908881,,5.5254529391317835,1.0,13.0,0.2415245358811353,1.0,,0
151.0233061019587,0.3299114686361586,3.332261316141418,5.765191102784844,0.0,,0.2273155614491012,8.0,3.2169987450022,0
51.84913489520491,,3.001793923641846,4.709530201312334,1.0,24.0,0.249064091041743,1.0,2.86376381164209,0
196.21034742632708,0.1057107830323264,4.818537427650394,3.7135720667043075,1.0,12.0,0.2483015815732056,3.0,3.291826274756809,0
169.905969557347,0.5357995621053333,2.51049993027602,6.063785208687608,1.0,15.0,0.3897144730487863,4.0,3.045392640106933,0
89.97831228412053,0.1595713437757506,3.498420192208895,6.34738920965601,1.0,19.0,0.180501143109018,8.0,3.567484611158557,0
156.9802084990019,0.1228798987176632,4.1286440258048085,4.499809670330265,1.0,29.0,0.2143370546502351,1.0,3.258533100490956,0
111.46864031382398,0.3099564477393267,3.2261800860898813,5.056245805348308,1.0,21.0,0.1844955197628023,2.0,3.0704466720878845,0
161.3517345251248,0.5006741240171694,4.583155656013175,5.337538079701318,1.0,26.0,0.0427423877151234,5.0,3.7259752087726405,1
216.21306745210467,0.1925333812435086,3.231123024802631,5.433722003554239,1.0,20.0,0.3126844143308664,6.0,3.1600289281211507,0
308.6016816145352,0.6798139772747849,5.0,5.780743515792329,1.0,28.0,0.1617905765635721,5.0,4.001864939424984,1
26.2184501173151,0.1658069239561412,3.674253702504227,,1.0,17.0,0.290763889846549,3.0,,0
363.3033374656266,0.445325731706341,4.471270136705353,5.950642552587727,0.0,9.0,0.2645223902329598,,3.7207963424118677,1
5.0,0.2871034665903474,4.546023952982816,2.995732273553991,1.0,21.0,0.1840096965630182,7.0,2.98032732394672,0
134.82149049644167,,3.172459997255927,5.247024072160486,1.0,18.0,0.1850722732497778,1.0,3.1060767659005615,0
,0.3569482999794101,1.7465134513441112,6.269096283706261,1.0,28.0,0.1675755030102523,2.0,2.8458191650474727,0
178.09918677350328,0.0872053159749631,4.1607557546638345,5.198497031265825,1.0,2.0,0.2978891026888159,,3.464273590707518,0
87.73004801794062,0.23791157291652,3.8722883471248695,3.8918202981106265,1.0,11.0,,4.0,,0
129.18777496427248,0.2125906368597829,4.355826027575128,7.139660335964919,1.0,23.0,0.2371999251554048,8.0,4.136788526788446,1
100.69990653411672,0.3380474712276761,3.5734725276171617,6.493753839851686,1.0,20.0,0.3834999730226189,9.0,3.6008151683978467,0
91.06352430557884,0.2905275608427198,3.369572301199284,6.093569770045136,1.0,17.0,0.3008777156713059,7.0,3.415724308358993,0
234.96020970210247,0.3479181328972756,5.0,5.075173815233827,1.0,21.0,0.1980320566982337,1.0,3.7829457332305014,1
185.70154859650472,0.4221996077051169,2.327645938489222,4.110873864173311,1.0,18.0,0.1612790440342268,5.0,2.4320647258408368,0
80.70904047393458,0.2424964231836355,4.533950478364238,6.747586526829315,1.0,15.0,0.2755941497964786,6.0,4.082737319435194,1
239.95998754332507,0.3024763373927353,3.225398141816609,5.433722003554239,1.0,,0.3340692832103901,8.0,3.153462001150837,0
180.72995208766093,0.5685546252018754,3.464221382259578,6.352629396319566,1.0,16.0,0.4274029026641294,10.0,3.505996791266875,0
231.286211883896,0.2939324011203272,3.4828971674260343,4.836281906951478,1.0,25.0,0.5793690349575713,8.0,3.0281696320643428,0
212.96288419236123,0.2371806947234474,2.996565725828743,4.812184355372417,1.0,29.0,0.4218468544045772,9.0,2.8579122260623073,0
67.10049890779277,0.4348483136027772,4.371224210236239,7.147559271189454,1.0,1.0,0.3574513964891337,9.0,4.121267186153505,1
93.98189598030304,0.2476647534198212,5.0,5.402677381872279,1.0,28.0,0.4062966783079577,4.0,3.839543878900092,1
224.7293605123262,0.5915252921662858,4.2700136612466615,3.828641396489095,0.0,18.0,0.9,6.0,2.876597883445393,0
211.03702654334649,0.4941427378687356,3.903381996212095,4.31748811353631,1.0,27.0,0.0609827025061999,3.0,3.1444026920444914,0
147.9098406035852,0.1927509224419929,2.813559500900753,,1.0,22.0,0.4874588349072871,1.0,,0
161.7327383308782,0.215708580571228,4.316825265824451,2.6390573296152584,1.0,,0.1069174901638335,6.0,2.7970638071815914,0
277.7664895788425,0.4548274324248505,5.0,5.231108616854587,1.0,7.0,0.3473563123986042,1.0,3.799861322576655,1
90.842861116417,0.432033472949111,3.4193053762049077,5.093750200806762,1.0,25.0,0.2439109875868285,9.0,3.1470650132066265,0
204.70973811700375,0.4727380263938699,3.4240164206481336,6.118097198041347,1.0,30.0,0.3264621090819981,6.0,3.439743305855258,0
129.7807347566106,0.2538973946761992,3.2389108690190023,4.882801922586371,1.0,2.0,0.2000411155235773,1.0,3.020396701278797,0
128.23187967727796,,3.3105857655055795,7.102499355774649,1.0,12.0,0.2591802112325326,3.0,3.7031480706881204,1
259.877685198719,0.2317922806044498,1.0547004463276153,4.0943445622221,1.0,16.0,0.06712189427965,1.0,1.9367591683417462,0
232.54163489880295,0.2332041462800099,4.205035385855712,5.594711379601839,0.0,9.0,0.2188875305092318,2.0,3.5166500621209904,0
231.35096360006384,0.1697303259220881,2.954447823645386,3.3672958299864737,1.0,20.0,0.267842948597351,6.0,2.4383992887346264,0
280.54788071543294,0.4915121741124872,2.1897368812082,5.986452005284438,1.0,11.0,0.5236952963159529,7.0,2.867091294805421,0
152.10038416327592,0.3319587751508012,4.553189949732548,7.362645270417824,1.0,,0.0561321807554117,1.0,4.318843124867284,1
218.1952971294964,0.3427031340245881,2.717982214958064,6.242223265455165,1.0,3.0,0.5599471812648497,10.0,3.147870429366805,0
118.9733243406544,0.4732074603715058,3.461330946116242,5.497168225293201,1.0,23.0,0.5515305601194981,5.0,3.2233767340105577,0
182.41663524884424,0.057826174727944,5.0,5.293304824724492,1.0,21.0,0.2425572425593728,6.0,3.839479998905473,1
136.98569456323153,0.3342823374545915,2.390784201975486,6.293419278846481,0.0,13.0,0.1443949305325863,4.0,3.0154604783376215,0
159.69959649927182,0.5055663733930453,2.267401765402238,,1.0,21.0,0.2157746575371683,6.0,,0
209.51570254369136,0.1092677169367234,4.069306189562338,7.214504414151143,1.0,28.0,0.3868380344589748,5.0,4.014706193178483,1
68.17793167665275,0.476371862104171,4.949487364010368,5.0238805208462765,1.0,13.0,0.0410562679591615,7.0,3.778747848266198,1
359.238727568546,0.3351520189164386,2.2256582822680366,7.2520539518528135,1.0,2.0,0.1555500927472214,4.0,3.3347694799136143,0
49.3982618500298,0.3113112656037834,4.207689736837177,3.9318256327243257,1.0,6.0,0.3893543500546049,1.0,3.084752714541248,0
28.58113872122678,0.3156514521042243,4.380999539961692,4.477336814478206,1.0,6.0,0.51087548235809,2.0,3.2934257638565207,0
265.8110873500068,0.1342593059642669,1.7408395163076795,3.332204510175204,1.0,12.0,0.139610760683896,6.0,1.9680750074388538,0
229.1662693962936,0.0426125165402731,4.59850133790722,,1.0,4.0,0.382366846786888,10.0,,0
212.4119817052155,0.4402492515093427,4.676605879842179,6.0844994130751715,1.0,5.0,0.3958524198991679,2.0,3.9168216918795897,1
212.834550926428,0.1195934956640864,3.488214426743975,6.356107660695891,1.0,23.0,0.5693379260145777,5.0,3.4882504837034416,0
148.77532271530853,0.2000779313230957,5.0,6.115892125483033,1.0,30.0,0.3394175278095189,,4.066884132083006,1
60.274562851416846,0.7007817975708072,4.936455574324845,5.703782474656201,1.0,8.0,0.0827717918807244,7.0,3.9691626137506533,1
157.58045581937265,0.2817555447671213,3.9031179257172046,5.37989735354046,1.0,6.0,0.2252145699427535,4.0,3.4301734623604694,0
82.28382884878883,0.3492651154755515,3.348554609675066,,1.0,21.0,0.3968274070644345,7.0,,0
247.5119733417751,0.183486628129589,2.827172107417043,5.003946305945459,1.0,28.0,0.2224049869437752,8.0,2.8875717373617,0
135.29426184978612,0.5023166737897836,3.762436490633809,,1.0,3.0,0.2921968127405765,7.0,,0
67.45028032074885,0.0624500784100217,4.369758919704179,5.828945617610207,1.0,23.0,0.3069988236330654,2.0,3.7351874884381204,1
117.86141583470068,0.4354437700393007,3.475823138959359,5.886104031450156,0.0,8.0,0.1006750389072555,1.0,3.3360254572373393,0
191.2931454275624,0.0920630148030118,,5.442417710521793,1.0,19.0,0.3895145128169529,5.0,,0
93.62754471960253,0.6257518883853295,5.0,6.476972362889683,,21.0,0.1659276367861326,7.0,,0
67.77796044335686,0.3770081169472025,3.990223221844893,4.477336814478206,1.0,11.0,0.2688872469858296,1.0,3.1855128836842534,0
174.36872114919123,0.1271719790497805,3.420375503323166,4.969813299576001,1.0,18.0,0.2371441101576066,8.0,3.111665369170545,0
174.49665711087226,0.2743528735631583,4.657158388423288,6.113682179832231,0.0,10.0,0.3275773887576756,3.0,3.8314525315674492,1
,0.3825666156869312,5.0,5.318119993844216,,26.0,0.0511264796459637,7.0,,0
102.89616943816772,0.1784396198271592,1.0,6.493753839851686,1.0,28.0,0.8725687238663907,3.0,2.4736124071822276,0
173.20499373576362,,4.234263649922071,4.852030263919617,,20.0,0.2026542700927952,4.0,,0
5.19156585026758,0.5209740341645329,2.3733507891896526,4.9344739331306915,1.0,12.0,0.2470053491422034,8.0,2.680281425786628,0
9.253622562344477,0.279074004926693,4.299110506798941,6.490723534502507,,20.0,0.3272133066712974,2.0,,0
78.1555778747564,0.4849887995749727,3.9279272023745793,5.236441962829949,1.0,28.0,0.3638345445000416,6.0,3.369336560898808,0
128.65528482881527,0.3481128642195799,4.43572652644055,5.384495062789089,1.0,29.0,0.5175383742719623,10.0,3.5861314545585543,0
181.09075655980047,0.3776973082787966,3.3007523855053447,4.804021044733257,1.0,8.0,0.3348129403543388,9.0,2.9945446795512476,0
297.53562169495524,0.4552676384890686,1.926759888180848,4.584967478670571,1.0,19.0,0.3919000754056223,10.0,2.3678141837923863,0
235.76596232020196,0.564636774420852,3.349631808743332,5.771441123130016,1.0,21.0,0.2799217266317567,9.0,3.315300715109986,0
134.00614700365728,0.1352549552408208,4.206847635139783,3.6635616461296463,1.0,16.0,0.2358300430336309,5.0,3.0346415392880814,0
148.09837920973112,0.4189062970344011,4.815392328675223,6.453624998892692,1.0,27.0,0.1043633173468201,3.0,4.141371767668532,1
,0.6277239733678208,2.6281686995274747,6.118097198041347,1.0,21.0,0.1603519219292511,6.0,3.154626254837544,0
148.148686400761,0.4233062618932802,4.827060426873017,4.1588830833596715,1.0,18.0,0.4122737144887685,9.0,3.3960343528593553,0
121.13413610798617,0.3242865327317485,,5.87493073085203,0.0,9.0,0.3485534020542069,6.0,,0
182.27185603380892,0.5237323534287259,4.162449881594526,5.6240175061873385,1.0,4.0,0.4752648704163551,4.0,3.557132230410741,0
67.27690564476771,,3.2901060471343677,4.127134385045092,1.0,9.0,0.4953622716870097,5.0,2.755110280029873,0
201.9346514241172,0.3592652758898438,3.982170627712101,4.564348191467836,1.0,25.0,0.6683853946706642,7.0,3.1284956295910584,0
303.2738913002578,0.3939614324212918,4.691877634570274,5.062595033026967,0.0,2.0,0.1931740455308205,10.0,3.5568947546300356,0
139.12398515431423,0.3799956547644613,2.572985922711464,5.8888779583328805,1.0,9.0,0.4532322420656825,3.0,3.0052113081713134,0
190.1711722098941,0.0841743365393104,3.1200941032531686,5.723585101952381,1.0,9.0,0.3475362233531133,9.0,3.1956059272163593,0
219.01439917111125,0.4372271147397712,3.9849625873420864,5.42934562895444,1.0,18.0,0.1125021091359042,1.0,3.500288301795986,0
109.87795281141638,0.0941077935758852,5.0,6.0844994130751715,1.0,11.0,0.512609442618471,8.0,4.022827935398857,1
172.40924818104168,0.3982612864989766,2.936810287833172,6.05443934626937,1.0,13.0,0.3026888527754837,5.0,3.2305181484589833,0
151.2592400781795,0.0776550664575109,5.0,5.666426688112432,1.0,6.0,0.5402071203087272,10.0,3.8918865823719844,1
159.76760985488318,0.1282124549316295,5.0,6.139884552226255,1.0,9.0,0.3382528635270704,9.0,4.074314792962462,1
72.69902161445336,0.2142506430565661,3.7026888492984087,4.812184355372417,1.0,16.0,0.6781808871823799,2.0,3.089094668894613,0
152.45101742589426,0.1898088523955465,3.5018474738000998,6.461468176353717,1.0,4.0,0.2869371666842475,1.0,3.5817920090893054,0
199.79982912454497,0.449549690409468,3.107934801335308,5.6594822157596205,1.0,2.0,0.3741208900492839,10.0,3.1661944072521524,0
295.1143607795042,0.2340831361350911,3.7317974696673306,6.251903883165888,1.0,7.0,0.3879362403563313,7.0,3.5907029047454326,0
245.9270826085207,0.1004746869111375,2.393280567440442,5.472270673671474,1.0,15.0,0.1011289016125314,10.0,2.8787676487551126,0
365.3182457511557,0.1752910699720822,,,0.0,25.0,0.2994458841137687,9.0,,0
73.26524371119505,0.3112062459089998,5.0,5.459585514144159,0.0,6.0,0.5013289780938652,5.0,3.737609858624474,1
237.23206367206785,0.3072581434169985,3.188914937523282,4.941642422609304,1.0,11.0,0.6109361820223971,4.0,2.9358714653876246,0
168.33420057383518,0.3162298390616307,3.559275696010949,5.883322388488279,,27.0,0.0730405881727228,4.0,,0
368.9802933217673,0.4493230296578294,2.098859525732758,5.267858159063328,1.0,30.0,0.1862929587161569,8.0,2.6826426662688703,0
69.17017146448485,,4.174062088131043,6.297109319933935,1.0,20.0,0.3418232166112982,,3.790392987910338,1
66.0278157819224,0.3797328747609579,4.064481684951374,5.831882477283517,1.0,17.0,0.1203394000861906,1.0,3.6512895371483665,1
90.06073545559778,0.2587951204847887,3.863702359765771,5.849324779946859,0.0,4.0,0.0892881933656223,8.0,3.4824207392172415,0
5.0,0.217206502029108,3.5831729497778566,4.304065093204169,1.0,19.0,0.6618110810987824,2.0,2.892126491652637,0
97.4244978319239,0.6337271424536701,3.5072420812275453,7.1276936993473985,0.0,,0.106859368622891,10.0,3.7198330685706598,1
74.0867338446302,0.3024225452045582,4.301900233700672,6.315358001522335,1.0,11.0,0.3188170995449584,6.0,3.851604074027978,1
165.03937864762077,0.353243831536729,3.771183398411377,6.1463292576688975,1.0,13.0,0.0699208611238893,2.0,3.6383879644404424,0
184.17559757771596,0.1960088011812329,4.114971871555332,4.795790545596741,1.0,,0.3909142101698689,5.0,3.3065430702671814,0
337.61708392158863,0.194604146338236,4.014982817454547,5.442417710521793,1.0,26.0,0.2222531572119515,3.0,3.4942678086959673,0
245.04238381860503,0.1201659626916901,4.923427287095762,3.8066624897703196,1.0,,0.5694186385159008,7.0,3.297485934066221,0
92.3096344337597,0.2881738348704263,4.476994097375054,5.44673737166631,1.0,28.0,0.2949620036344671,9.0,3.665826449723021,1
60.15853286516421,0.1945107684338112,3.992861843150191,,1.0,3.0,0.2892203827164341,2.0,,0
199.19191715065057,0.2219017467003496,,5.488937726156686,1.0,14.0,0.2290160510114245,7.0,,0
17.97667929793579,0.4924424140581507,4.220268529056561,,1.0,2.0,0.2945013017441879,8.0,,0
333.14587658543536,0.0850659978225831,5.0,5.003946305945459,1.0,29.0,0.4376587400700187,10.0,3.713652143769634,1
267.9440120721287,0.1707846803550596,4.406942608386638,5.337538079701318,1.0,18.0,0.7712696345733026,8.0,3.50978454035039,0
103.08243478952951,0.3275299415979275,1.9580809210684569,6.439350371100098,1.0,5.0,0.3434673264207205,7.0,2.946344014473268,0
5.0,0.3146017534698956,5.0,3.5553480614894135,1.0,13.0,0.2731771342922388,4.0,3.311968991588376,0
285.3872374165413,0.5591300431761457,3.9351762413426687,6.154858094016418,1.0,13.0,0.3400882121270077,4.0,3.652510282316592,1
,0.0569074657411333,3.7480452290992217,4.04305126783455,1.0,24.0,0.4876653767516968,10.0,2.9146003966397145,0
,0.5215862971395819,4.081348347489577,2.4849066497880004,1.0,24.0,0.3838366571752957,9.0,2.601244002497172,0
5.0,0.1109111744624726,3.4550168380429325,4.127134385045092,1.0,14.0,0.2431721885336543,10.0,2.87151261302397,0
90.06249770462271,0.2265228453079547,4.0270288603889455,6.075346031088684,,12.0,0.5183833611874709,9.0,,0
150.52436997181832,0.0823237952883983,3.2081239336569074,5.049856007249537,0.0,21.0,0.1779161559055942,5.0,2.9626231444565057,0
154.6980593764742,0.0203376211117979,5.0,,1.0,13.0,0.1500670781351727,7.0,,0
,0.515099224706211,3.6864118863789495,5.4116460518550396,,18.0,0.4676545866993317,7.0,,0
212.2849932347499,0.1524295832997067,3.4174161572775663,1.9459101490553132,1.0,13.0,0.527219026391479,9.0,2.145295702349325,0
43.23795706174056,0.401561690342304,2.875074184280726,5.937536205082426,0.0,4.0,0.0408311889161739,7.0,3.123124297453783,0
135.76205149787066,0.1934741652155991,4.068775789148641,,1.0,23.0,0.0725607218508125,8.0,,0
162.0295631711899,0.5676055160091945,3.987107100125092,6.148468295917646,1.0,30.0,0.738801316060022,7.0,3.5916230656133266,0
201.44388340587489,0.207457529958512,4.1884246136775065,4.025351690735149,1.0,22.0,0.4344318049324902,4.0,3.096088991705049,0
221.16148780888895,0.2430327927543291,2.772748112494871,4.852030263919617,1.0,10.0,0.6031769684924874,2.0,2.744072930475336,0
,0.1686796225990403,2.198818801188427,6.063785208687608,1.0,23.0,0.2819317464489891,3.0,2.9422767337918554,0
5.0,0.1197872134843499,4.425591302506559,6.8308742346461795,1.0,5.0,0.450476131841335,7.0,4.02940356502821,1
277.7676821898509,0.4281637369757693,5.0,4.941642422609304,1.0,18.0,0.3063904697193473,9.0,3.7212146328389215,1
183.2314011979592,0.2805328520070296,2.7736463776101035,6.274762021241939,1.0,8.0,0.0483429204020678,2.0,3.2822185733362095,0
75.15134634434463,0.0255304591814648,,4.1588830833596715,,14.0,0.20265755965105,7.0,,0
305.1151975522523,0.5758838933798938,4.083911058736381,6.202535517187922,1.0,28.0,0.6036226308015209,4.0,3.673600552490625,1
161.56746342928588,0.2466749134265328,3.79293709544917,5.7745515455444085,1.0,2.0,0.2772722687475712,7.0,3.4940858480934764,0
267.9297184063827,0.1265914119379539,,4.174387269895637,1.0,28.0,0.2250722412053884,5.0,,0
156.7518481410109,0.076905262823075,2.415481980575003,4.6913478822291435,1.0,8.0,,,,0
356.0747924881987,0.1317865994756037,4.7877285159246,3.7612001156935624,1.0,16.0,0.1253759277092744,6.0,3.3183762555360543,0
325.5340842443204,0.3423522504030944,3.0243936385623966,4.976733742420574,1.0,7.0,0.3010595971682618,2.0,2.9425656587174784,0
125.10358515209263,0.4422870444385288,3.0201933242623995,4.23410650459726,1.0,3.0,0.3826575973450943,7.0,2.701777761615119,0
247.15709509543552,0.2290208014335576,4.791926309886954,5.736572297479192,0.0,29.0,0.5253575697119283,5.0,3.7326706992561536,1
214.5375949585148,0.8,1.9170165533282733,7.353722330399631,1.0,4.0,0.4808711268750915,9.0,3.1767490950761803,0
286.8631557532349,0.2079234242657764,2.276402189331833,1.3862943611198906,0.0,29.0,0.1547695134198589,1.0,1.4954952813847286,0
53.50765394198956,0.2608344425937606,3.7818657564919183,5.455321115357701,1.0,7.0,0.2054315482949632,1.0,3.4082563275450855,0
,0.1095262841662347,4.093284429004852,5.545177444479562,1.0,4.0,0.3917553973558231,2.0,3.5225159254746448,0
255.8424486849588,0.2508512520003949,4.284734647968923,6.602587892189336,1.0,9.0,0.3972263751713961,8.0,3.915224951810091,1
,0.4615262690501316,3.498201506603747,5.356586274672012,0.0,23.0,,9.0,,0
31.6741487334225,0.6224521206393593,5.0,5.46383180502561,1.0,17.0,0.5692143997275111,7.0,3.825306661562181,1
5.0,0.3984798933684013,3.5721074412341656,5.2574953720277815,1.0,,0.3868737139720029,1.0,3.2287168453076,0
123.05931655554424,0.0587343222846886,3.5692138478972777,4.543294782270004,1.0,20.0,0.3912324838859579,7.0,3.0124274770627206,0
221.75422557959624,0.0996858624336007,3.0030133311861222,2.8903717578961645,1.0,14.0,0.2599005479775879,8.0,2.3163367502477805,0
300.2357052096028,0.0587453867701584,3.923906816521071,5.062595033026967,1.0,14.0,0.029580812133981,7.0,3.382425074089722,0
157.4094780419775,0.1404948127964428,4.414961232046775,2.833213344056216,1.0,29.0,0.2767695995553421,,2.8605945761245066,0
,0.1813561796987826,5.0,5.480638923341991,1.0,25.0,0.6166700927081845,7.0,3.8208576584609606,1
11.989854178510852,0.1207732276954052,2.310715735559782,4.709530201312334,1.0,13.0,0.1788147975013952,10.0,2.601382395117334,0
5.0,0.3803905055871858,3.554004661644299,5.433722003554239,1.0,4.0,0.2572260642587987,2.0,3.3002732528722314,0
,0.115508747068787,4.246703610809144,3.784189633918261,1.0,13.0,0.5139751956561254,9.0,3.0311432953679107,0
188.40654489393077,0.3442408863859198,4.387057534594535,6.697034247666484,1.0,21.0,,2.0,,0
146.7305251905907,0.4240345061051237,3.806548657804539,6.514712690872529,1.0,17.0,0.4204393755068342,2.0,3.6929453952822078,1
5.0,0.2228239973320058,4.342423969532102,4.1588830833596715,1.0,15.0,0.3744925963991075,5.0,3.209735993540921,0
141.08799604872115,0.4966158879327197,2.9910361070741995,4.844187086458591,1.0,30.0,0.5933790863656276,8.0,2.830994751494132,0
19.553049949514676,0.3672419812866422,5.0,5.655991810819852,1.0,,0.3005383788639597,6.0,3.936689867473164,1
216.96725488300385,0.1766046090707247,4.792628102979429,3.4339872044851463,1.0,11.0,0.6201199689692398,9.0,3.1232234087434674,0
186.6598246096848,,2.4550722129348275,4.882801922586371,1.0,4.0,0.4590372451135704,,2.6550620129271283,0
56.01202136726448,0.189464696727799,2.7248969518832444,4.465908118654584,1.0,28.0,0.4132406993875608,5.0,2.6470830764721605,0
98.61330826633063,0.4155398954279267,2.7530782498930937,6.60934924316738,1.0,,0.1479291055290403,1.0,3.354450251801644,0
44.07864781110485,0.3736665773648109,4.477969970896528,6.354370040797351,1.0,11.0,0.4785069153954906,8.0,3.9017976175187186,1
143.73209027268285,0.3157432682241395,2.5152722335825324,5.564520407322693,0.0,10.0,,3.0,,0
245.51423205012384,0.0839932954106549,3.4689756657919197,5.3981627015177525,0.0,22.0,0.0868317840523049,2.0,3.189672719961633,0
51.42739536644562,0.1704002605691204,4.254704396416774,6.685860947068359,1.0,13.0,0.1761787365008035,7.0,3.972404295387057,1
200.40465155178444,0.1477675605532415,3.733834065453565,6.695798917058491,1.0,22.0,0.3450735336230971,2.0,3.7332585945743544,1
96.97423816275592,0.039946971742571,4.058887515712706,6.952728644624868,1.0,8.0,,1.0,,0
70.71271677376558,0.1032941517860653,2.7341972886512416,3.7135720667043075,0.0,28.0,0.1226720355048655,2.0,2.3832161283708153,0
139.2969640045442,0.1051529492765956,4.394854373397244,,1.0,13.0,0.0644551664967534,6.0,,0
46.47576775806259,0.2278664790943892,3.1867881075240034,5.82600010738045,1.0,9.0,0.4615298888229454,2.0,3.2302092974591474,0
94.6350694652818,0.4036845371958589,,5.455321115357701,1.0,30.0,0.4518183877847688,1.0,,0
30.21221074111516,0.1854125091233029,4.037731727905986,1.791759469228055,1.0,1.0,0.3365168789890064,1.0,2.3853171561330098,0
346.47251329163896,0.2356320321207812,3.903078221530848,2.995732273553991,1.0,1.0,0.310046420452073,4.0,2.697941686588122,0
153.52635519717285,0.2356871952026764,3.823980019015593,6.48768401848461,1.0,15.0,0.5022672081206846,8.0,3.6754437715274832,1
80.02744920074144,0.2556894500410284,3.0493731780232443,6.413458957167356,1.0,22.0,0.2782665227178079,6.0,3.388133653815943,0
171.3979910734222,0.2773165893515958,3.5004505888008075,4.890349128221754,1.0,4.0,0.5202985092839043,4.0,3.0632252721300683,0
138.767195030917,0.4929038584246122,3.802183590837036,6.501289670540389,1.0,27.0,0.6144232337989484,6.0,3.6483756907371414,1
127.9030400466777,,2.4249147668329147,,1.0,20.0,0.3919463842231986,6.0,,0
211.4166700043425,0.4978941595164927,3.337467033686621,6.198478716492308,1.0,1.0,0.445820443941136,9.0,3.4053663396341136,0
225.7507710047305,0.2708167713466874,4.187679879032847,5.123963979403259,1.0,25.0,0.1160393709967696,4.0,3.4890532712347624,0
96.94988523894725,0.2447966527292512,2.5225633961546574,3.6109179126442243,1.0,,0.1780359458159071,6.0,2.3566935430919487,0
92.418175935532,0.7069398340941843,4.95658165159424,5.141663556502659,1.0,11.0,0.420972037312235,10.0,3.740937320126047,1
122.4948302848356,0.4405181037535751,5.0,5.214935757608986,1.0,19.0,0.3271090667932637,1.0,3.799058913924043,1
5.0,0.0428320459356001,2.554849424039914,5.484796933490655,1.0,15.0,0.1703915323194837,7.0,2.9333005431992656,0
5.0,0.3382887652701045,5.0,3.526360524616161,1.0,21.0,0.2358497301787044,7.0,3.3107382113491077,0
286.68742674445247,0.1093125928188253,3.6564184112878655,7.2633296174768365,1.0,10.0,0.4505615200910952,1.0,3.8514539457399786,1
314.4967713501284,0.2790779756873904,4.218514559157055,,1.0,1.0,0.677698712105042,8.0,,0
125.09639604436217,0.1231956763357348,3.3033489478717533,4.204692619390966,1.0,24.0,0.2881864519428489,5.0,2.8251100745774216,0
207.65569630557664,0.3108549002870198,4.7230448272267616,5.41610040220442,1.0,3.0,0.0948975845423969,9.0,3.7950685346435518,1
181.1250154543536,0.5807638662086987,4.206094018848667,5.44673737166631,1.0,14.0,0.4355018891697334,8.0,3.5293584412054133,0
457.88808084552375,0.3520188680892029,2.985846743402396,5.159055299214529,1.0,15.0,0.5882915991685771,3.0,2.9243969672916017,0
261.9574911434577,,2.6347980000347118,6.095824562432225,1.0,1.0,0.3321917274360903,1.0,3.1162282232563343,0
137.20824085192334,0.1906015665046827,2.339697564790777,5.389071729816501,1.0,,0.0809606085990511,3.0,2.836408423141451,0
54.44595593995743,,3.987941776432757,5.645446897643238,1.0,22.0,0.1256554722501937,2.0,3.5636796854160355,0
5.0,0.3441654266410305,4.372471411779736,,1.0,1.0,0.5484405558443746,,,0
170.3463635867223,0.509483025220101,4.450965678779442,2.0794415416798357,1.0,15.0,0.0298423413806103,4.0,2.6982502657396057,0
74.36492547156966,0.3888300984943921,3.682018905392622,5.537334267018537,0.0,3.0,0.2434455371350654,,3.285318734835597,0
7.774629040232583,0.2486223552396022,2.643003544335636,6.4723462945009,1.0,21.0,0.2179654967058071,8.0,3.2553122067433633,0
85.34271157574734,0.3258502241821392,3.1179252019762167,1.791759469228055,1.0,20.0,0.4448732465863053,,1.9957232722416425,0
41.8451996385605,0.6161490898475421,4.952348638961926,5.049856007249537,1.0,23.0,0.3633467728712938,1.0,3.7232269031853726,1
318.71416350725644,0.2637367830498125,3.315371435399918,6.663132695990803,1.0,22.0,0.395992741580645,6.0,3.545889834641079,0
238.1639756949451,0.1821869445534877,3.943417630681476,4.875197323201151,1.0,12.0,0.2982391088697362,7.0,3.2802784274589887,0
149.20273586833827,0.171892970512924,2.7243495164251126,5.220355825078324,1.0,19.0,0.0741989729578335,1.0,2.9410067595019753,0
,0.3967058968120799,4.136583045459035,7.088408778675395,1.0,16.0,0.4769914341103046,,3.9857575649641714,1
157.73683076476183,0.2024517443898647,3.342315438320922,4.204692619390966,1.0,27.0,0.3382702847051641,,2.830679904204626,0
63.87157986717364,0.2286376528159782,4.846712713775764,3.044522437723423,1.0,8.0,0.3442978254472733,7.0,3.083182251737878,0
,0.4634907045628147,,6.3784261836515865,1.0,24.0,0.2207576319982112,4.0,,0
203.89100436846587,0.1011867315191542,3.3042940534251,6.411818267709897,1.0,14.0,0.4610920913515122,,3.4530446834127067,0
46.275384567354365,0.2799184058289093,3.673335972652336,5.2574953720277815,1.0,18.0,0.1055027251352596,6.0,3.3254824556422173,0
130.9661321916392,0.4914679824608622,3.248883759959371,5.37989735354046,1.0,23.0,0.4861451781913726,3.0,3.116293674407612,0
62.438174661524286,0.3159941076745566,2.38056680345499,6.297109319933935,1.0,30.0,0.1627577523091502,2.0,3.1088079669003466,0
11.720026903566406,0.2817194221228608,,5.998936561946683,1.0,1.0,0.8395721518425103,5.0,,0
242.61775475316412,0.3774191190742991,3.99821732772082,4.532599493153255,1.0,2.0,0.5936183870257425,8.0,3.1403431016291563,0
340.94166404701303,0.3231700330669986,,1.791759469228055,1.0,24.0,0.2114595346543078,3.0,,0
10.143242618085878,0.2453787438648542,3.9485479035926394,5.2832037287379885,1.0,12.0,0.5031620414962293,5.0,3.3637478717592066,0
206.2969236690571,0.0507994287219007,3.498266946041364,6.376726947898627,1.0,17.0,0.4484367232983895,,3.5226375181264555,0
84.9357430878173,0.3893073782684028,4.733066605720985,6.520621127558696,1.0,2.0,,7.0,,0
101.2874616235304,0.0909448989400802,3.8635419045609374,6.844815479208263,1.0,,0.16878747311836,6.0,3.8651039109631817,1
90.76060757611307,0.4066073344417186,4.503253828095947,6.453624998892692,0.0,17.0,0.1912493963055599,6.0,3.899139151645074,1
63.6009230320184,0.0491331729182327,2.026224867797481,5.564520407322693,1.0,21.0,0.4211086428697024,1.0,2.69562434074186,0
154.8521627944827,0.1340608055562009,1.0,5.176149732573829,1.0,7.0,0.5291782650564121,2.0,2.147009266760866,0
66.90498835889622,0.3113574232014944,4.08378802783808,6.104793232414985,,6.0,0.032269719916913,,,0
177.04568257798388,0.2347545075386435,2.3752343462785106,6.00141487796115,,,0.2956627659003933,8.0,,0
144.9761890550863,0.2065514474430359,3.587548297286944,5.44673737166631,1.0,22.0,0.2279093634911491,5.0,3.323458657716441,0
126.10519531335902,0.6816552682617121,3.497902958975394,3.332204510175204,1.0,8.0,0.2360769633621072,2.0,2.6516071439702973,0
59.24363379584021,0.4125868136483029,5.0,6.661854740545311,1.0,5.0,0.2789974946234417,5.0,4.242756923238905,1
92.32286694316672,0.05312104295972,4.199996552943606,5.2094861528414205,,15.0,0.0533073792393411,9.0,,0
225.5391225825756,0.4906190425090824,3.9658590267986726,4.9126548857360515,0.0,26.0,0.209403068262382,6.0,3.218259462787808,0
200.0917187624381,0.4547962996448925,4.636991154633673,5.697093486505405,1.0,7.0,0.6706711574524616,5.0,3.7297902763145983,1
,,4.168497586839038,5.820082930352362,,3.0,0.5373490673147439,10.0,,0
,0.1880666282232222,3.342323007011567,4.2626798770413155,1.0,25.0,0.3798170145115043,6.0,2.8397697630147207,0
,0.396148132078496,4.87147593025456,6.300785794663244,,10.0,0.2361839063643663,9.0,,0
5.0,,2.6902498721117256,,1.0,3.0,0.606763254346473,7.0,,0
204.3360192379935,0.4365609916533659,4.123247187533562,4.127134385045092,1.0,30.0,0.3264153890714751,,3.122156112712658,0
83.73762410541534,0.1419092668807659,2.2524302058636887,,0.0,14.0,0.0337426635437243,3.0,,0
207.05986685931595,0.1751299161196779,4.003943857515995,5.976350909297934,1.0,22.0,0.1005405709820517,10.0,3.6743747015993677,1
73.67408434574831,0.1093952236279418,3.992989641772929,6.917705609835305,1.0,3.0,0.3083696318589066,10.0,3.910833613287982,1
5.0,0.1509465954397953,5.0,6.210600077024653,1.0,1.0,0.2917497864360355,5.0,4.104830065820188,1
5.0,0.1997711588453576,2.2350261065582204,6.740519359606223,1.0,,0.7475770024661561,4.0,3.0666508500119236,0
,0.323737194997249,3.1991128241461877,3.828641396489095,1.0,19.0,0.3197382654050624,5.0,2.6642898955241914,0
175.9722501721482,,4.622682426574143,3.1354942159291497,1.0,4.0,0.603224925282376,8.0,2.969076250351927,0
59.56833748955914,0.2715065310069767,4.135317256397308,5.5012582105447265,1.0,30.0,0.5774871096019734,6.0,3.489006943801946,0
213.8592458777374,0.4850993016333453,3.980305051337503,,1.0,2.0,0.4775228387396401,4.0,,0
5.0,0.3596941655229386,2.8438642970414607,6.270988431858299,1.0,25.0,0.4129512781766527,5.0,3.2362519927387434,0
143.39202013526835,0.1966801624272618,3.2091816519085707,5.814130531825066,1.0,11.0,0.2799831379123108,7.0,3.271915192728486,0
28.898380023754328,0.0155314978309614,5.0,6.966024187106113,0.0,24.0,0.4899522248040466,8.0,4.191816811171025,1
84.81638921978409,0.2799801593212404,3.748490806246072,4.48863636973214,1.0,12.0,0.4303309347272751,5.0,3.0599210464726156,0
154.7398671316414,0.1860621232060169,4.175359696144473,5.298317366548036,1.0,13.0,0.1490678391381602,2.0,3.529825520594568,0
,0.1169097053007395,3.684811671223521,5.342334251964811,1.0,16.0,0.4268871385066364,6.0,3.2912475163775246,0
111.54444557701746,0.2867280689900613,2.6169144847502346,4.418840607796597,1.0,16.0,0.1494606696352553,9.0,2.6425258423120224,0
250.62928092144404,0.4524646695830735,,5.5909869805108565,1.0,19.0,0.4115527252729832,3.0,,0
92.31081304768512,0.1717814712890066,4.303232384532496,5.170483995038151,0.0,23.0,0.1521919491003953,7.0,3.441999762504365,0
233.56921120651415,0.4198229253993504,5.0,5.181783550292085,1.0,20.0,0.1431670629593759,8.0,3.8259016524957503,1
37.02931453423818,0.233465421092324,2.784418620349455,4.9126548857360515,0.0,21.0,0.0583397618885224,6.0,2.7758959614828926,0
202.98041779152828,0.3430824449809528,4.62257292120048,1.791759469228055,1.0,20.0,0.5529793645279054,3.0,2.575961136343028,0
294.15686206579005,0.4799059691988199,2.488456033962999,5.402677381872279,1.0,9.0,0.2428910021166601,1.0,2.8676074277235517,0
5.0,0.0159337914497912,3.9573465676730777,4.812184355372417,1.0,16.0,0.34750351020126,3.0,3.257093231640704,0
70.31047445295232,0.3524481238715655,,0.0,1.0,27.0,0.4660337470270945,6.0,,0
207.707212718054,0.6577252418827442,1.727864883903513,4.709530201312334,1.0,7.0,0.3862877913432721,4.0,2.326747455686451,0
129.69546139570073,0.5379363637806488,3.595067525758392,4.584967478670571,1.0,13.0,0.1238374545539481,1.0,3.088749762993739,0
187.1145873371309,0.1227555521955016,3.23679026595738,5.0106352940962555,1.0,4.0,0.6437810186397642,6.0,2.969150490883876,0
89.60148132841795,0.3162967511292953,3.0980427017048777,3.7612001156935624,,13.0,0.2695254735422838,1.0,,0
,0.7182985797189214,4.185212652259354,5.361292165709425,1.0,8.0,0.4912390326069938,8.0,3.4842249040951705,0
134.43227646079205,0.2096374939492888,4.920685706422595,5.869296913133774,0.0,2.0,0.1439373482156124,3.0,3.900275886866048,1
266.77820616598075,0.4798413981078802,3.666721284770844,5.700443573390686,1.0,7.0,0.270766201714581,3.0,3.422668345582627,0
175.4420843301213,0.3009635475833737,4.00548642756002,6.1923624894748714,1.0,11.0,0.4027524951610996,1.0,3.6793528188342495,1
183.7602662075202,0.2199846305514842,3.914308753059248,5.198497031265825,1.0,17.0,0.2818784045081144,3.0,3.368896929701824,0
108.81230338775326,0.4777410693154099,,5.393627546352361,0.0,24.0,0.8680501679498521,7.0,,0
101.23937759275064,0.4771332841901341,2.7106573622878933,6.212606095751519,1.0,29.0,0.4695618818231328,10.0,3.1541323972759865,0
106.74418121803792,0.1301842498556632,4.908444601722893,5.123963979403259,1.0,14.0,0.3894004779042379,,3.7226869389292876,1
189.44521423782967,0.5303993887030928,4.095195368158836,5.8944028342648505,1.0,28.0,0.3835928537224969,8.0,3.6296804267984903,0
107.9015519179737,0.0053680844501438,4.194881490002578,5.147494476813453,1.0,,0.132237963245897,3.0,3.495753346395887,0
178.9774856896413,0.2142283776069361,2.993490370974418,5.093750200806762,1.0,13.0,0.2748068705206349,5.0,2.970559834527669,0
,0.2907880033402039,3.3407796020107594,6.061456918928017,1.0,15.0,0.4822317287683642,1.0,3.358302570729036,0
,0.2106468755553669,3.6238658022892216,4.060443010546419,0.0,22.0,0.1638999381473314,9.0,2.834899236450148,0
117.39764678321588,0.2798311894927176,2.2658753065511483,4.828313737302301,1.0,28.0,0.6278334264220677,8.0,2.529277558526736,0
270.1213922163945,0.1835147816056611,2.1119656748023217,4.343805421853684,1.0,21.0,0.4461429436062283,10.0,2.3586993077557885,0
109.19246269784486,0.263223141157155,3.199252069361432,4.897839799950911,1.0,25.0,0.1533864259892811,2.0,3.01837548253199,0
5.0,0.4200664284346135,4.3225207664423895,4.3694478524670215,1.0,9.0,0.1695279010828471,10.0,3.3059370821004928,0
49.19136890825959,0.2775424411487115,3.146862610070059,5.560681631015528,1.0,3.0,0.140767317073246,1.0,3.1987960699180324,0
5.0,0.6236265478175447,2.7811948024092863,6.175867270105761,1.0,25.0,0.1296493526905933,4.0,3.239308231457324,0
114.84865159586914,0.2746747326009883,2.9853143467623298,6.139884552226255,1.0,13.0,0.0681336309049155,9.0,3.3224643781918255,0
151.84183791895518,0.231175620516904,3.344657576854688,4.919980925828125,1.0,13.0,0.1424640442270855,8.0,3.085364499644896,0
317.6437312275283,0.7501009462025124,3.446141037179896,,1.0,9.0,0.6290929933409566,3.0,,0
182.69273737641623,0.4877031402753353,5.0,5.602118820879701,,18.0,0.3425485595181262,10.0,,0
128.08994711911356,0.3857989395930342,4.854620628487318,5.030437921392435,1.0,5.0,0.1157180721926064,6.0,3.727836013374137,1
232.9405581183489,0.0675474542941408,4.824774112281728,6.295266001439646,1.0,11.0,0.5067722479404951,9.0,4.017134995756486,1
5.0,0.5795435339820293,4.9685803642733815,5.973809611869261,0.0,2.0,0.6805939331651473,10.0,3.8434562426371013,1
,0.4220781732681007,2.8011791306659504,6.030685260261263,1.0,17.0,0.2714588391213574,8.0,3.1753854625204876,0
227.08651938869667,,2.5776353850127607,4.189654742026425,,23.0,,10.0,,0
5.0,0.3737010222714219,2.693129708465943,5.247024072160486,1.0,20.0,0.6361954341349624,5.0,2.824120018207531,0
264.3754043206929,0.1374243088751497,5.0,6.386879319362644,1.0,21.0,0.3492492946956463,9.0,4.146213936869664,1
183.84964074944145,0.5327875402080797,3.2528082111175087,5.351858133476067,1.0,4.0,0.4065735494982652,9.0,3.1253660145901705,0
108.47120860991988,0.5502437465751491,2.5486438177607127,5.846438775057724,0.0,22.0,0.2955848006358844,3.0,2.914272199494425,0
213.2781866106285,0.4527973205672552,3.3690037997801867,5.583496308781699,1.0,27.0,0.1853414628942022,8.0,3.2855821199677444,0
377.0692857804396,0.1858264858537202,3.561394468285372,6.318968113746434,1.0,18.0,0.580002411225305,,3.5042477391930182,0
,0.43911412045465,4.068413273694562,4.61512051684126,,24.0,0.1102943014602477,10.0,,0
174.8220586300336,0.0875528691864707,4.050951020712043,5.552959584921617,1.0,20.0,0.4674480967952286,,3.492778664402257,0
104.0639100459756,0.3025553098306243,2.971819436126492,3.6888794541139363,1.0,,0.0981461318921826,10.0,2.5757623843063415,0
65.01556305352082,0.2269257426138339,4.485656392513711,5.863631175598097,1.0,19.0,0.2143275646922264,8.0,3.810486396746468,1
233.03358165442452,0.2207946848752721,3.160806466249842,5.978885764901122,1.0,12.0,0.2538510622367632,7.0,3.307218103522921,0
64.39161740911328,0.0932182061227306,3.643723663294957,2.6390573296152584,1.0,,0.6449583206729044,5.0,2.4202150000679796,0
157.15662372193924,0.2918793276226026,4.486774070503355,5.823045895483019,1.0,11.0,0.444121143456128,1.0,3.7527991681550223,1
,0.1293500551476645,3.1581785960556585,5.081404364984463,1.0,16.0,0.1010852058607282,8.0,3.0674757067454568,0
197.8979825746392,0.1930659500417276,,3.6888794541139363,1.0,5.0,0.4034775333476496,5.0,,0
183.36621052869484,0.3841686148129106,4.391668049693131,5.099866427824198,1.0,28.0,0.2269926105283814,3.0,3.5412286261188357,0
253.75399442578995,0.2900182703688738,2.94226682339498,4.174387269895637,1.0,3.0,0.3695770778110233,2.0,2.6553074947644784,0
98.9983601145253,,3.415207976395929,,,12.0,0.3357398280322949,3.0,,0
123.01250647066288,0.1316670998839262,4.355742178042893,4.983606621708336,0.0,15.0,0.3000192064345389,9.0,3.37737501644275,0
52.12362842176927,0.3457640572822913,5.0,5.998936561946683,1.0,16.0,0.3682528042471842,2.0,4.026030407734567,1
,0.3598740706896604,4.405404504762746,6.102558594613568,1.0,13.0,0.2244978513848809,10.0,3.848029810012193,1
187.7300493044852,0.1697468754555758,4.272639762990012,5.638354669333745,1.0,7.0,0.3828931950776167,1.0,3.6239836669806054,0
225.6988616645352,0.2072331187010375,4.330801583672729,1.9459101490553132,0.0,15.0,0.2866970055908669,2.0,2.4587542770675124,0
57.78346758223746,0.2979050442506653,2.7268097259329505,6.688354713946762,1.0,3.0,0.6959127940063257,2.0,3.2580477457559436,0
236.960592010566,0.1289923387541887,3.915596738679908,5.8522024797744745,,12.0,0.3855545069112487,5.0,,0
285.56378588049506,0.3257121702747576,3.770233511663598,2.3978952727983707,1.0,8.0,0.1217717693116813,1.0,2.5031076326426143,0
191.3434903223701,0.1118397306988661,4.121584540372756,6.240275845170769,1.0,25.0,0.3357481692646571,10.0,3.753566935847402,1
337.6795812558066,0.1444000366475845,3.916508052475871,4.219507705176107,1.0,29.0,0.1949773440716244,8.0,3.093460063728856,0
72.6210800896427,0.0072747047413066,4.179699677417112,5.560681631015528,1.0,12.0,0.3344855666234142,,3.5731872469468207,0
25.534529668858298,0.1386391024045476,,5.241747015059643,1.0,18.0,0.7141298982972004,6.0,,0
5.0,0.0468492653975621,3.858608917371793,5.099866427824198,1.0,3.0,0.6029044516495194,5.0,3.252822604966073,0
299.6044311489183,0.2007926074670787,2.572171433943008,6.495265555937008,1.0,12.0,0.2785728228774295,2.0,3.22173367578282,0
215.43656563540577,0.171549651533383,3.480092721997086,5.153291594497778,1.0,29.0,0.2680472056253515,10.0,3.1844151260230977,0
144.44153290895449,0.0517718433947907,5.0,3.1780538303479453,1.0,23.0,0.3479943053386612,1.0,3.1838172880366518,0
177.99686263198203,0.2703666863748113,4.118808339628256,6.779921907472252,1.0,,0.3820373150658434,6.0,3.9050924450798092,1
37.45109527016236,0.5279243840181365,3.7790789626169223,6.633318433280377,1.0,26.0,0.3431204895315622,6.0,3.7330030171245694,1
394.57519796168265,0.6678969467219104,5.0,5.849324779946859,1.0,,0.0636127812859346,,4.04207487772687,1
162.92211819752276,0.0614496935991329,2.439165021698921,5.247024072160486,1.0,2.0,0.0492708387628685,8.0,2.8399190625751407,0
160.93947946048928,0.3090567782564249,2.69054444455378,3.4011973816621555,0.0,14.0,0.5407979737478799,9.0,2.188417397570583,0
222.5766623898692,0.3527065663574891,,6.152732694704104,1.0,14.0,0.1140832464689443,3.0,,0
198.10092317367133,0.4035932605761921,3.8459609360489337,3.1780538303479453,1.0,4.0,0.6881630548471657,9.0,2.654167912554524,0
172.38840242791315,0.2144326153952465,3.557416963710206,3.0910424533583156,1.0,17.0,0.0644788109708905,8.0,2.6373837592973994,0
70.95255445546881,0.340843697943177,2.6007956749043566,5.44673737166631,0.0,15.0,0.1712975329145514,5.0,2.8400799748787255,0
197.1468357135996,0.4123610876195105,4.247696266395011,3.9702919135521215,1.0,16.0,0.4823721545763951,6.0,3.093691649708362,0
338.2024496475034,0.5724359543433041,4.344459869527462,1.0986122886681096,1.0,5.0,0.7426913776900933,1.0,2.218829358873399,0
284.5420046154978,0.2929788735913856,,5.111987788356543,1.0,24.0,0.2040910634251063,5.0,,0
309.3186626639397,0.0392801631314842,3.6597244144495713,3.8066624897703196,1.0,17.0,0.0830355603236118,10.0,2.8892814006462024,0
,0.2232577531657585,3.464484167966934,3.9702919135521215,1.0,23.0,,10.0,,0
,0.3399068359357701,4.055977146418771,3.2188758248682006,1.0,7.0,0.1104241908388109,7.0,2.8659687678602066,0
137.4213079900352,0.1836811871877602,2.680749757779356,4.23410650459726,1.0,23.0,0.3743997684822245,1.0,2.5676519007944756,0
155.57249122886947,0.3885662769655529,5.0,5.934894195619588,1.0,15.0,0.2485991854919195,10.0,4.030748421587492,1
259.41915184709484,0.0846273352675952,4.715823781597604,6.208590026096629,1.0,17.0,0.4744919028188563,9.0,3.9540081399042593,1
5.0,0.6434052833138456,3.436824441267184,5.198497031265825,1.0,12.0,0.2023821041293393,7.0,3.1938024650607533,0
302.9550319460613,0.1797050604970441,3.5835812883616285,5.356586274672012,0.0,11.0,0.2417437872559264,4.0,3.1920596402950694,0
134.19921014210107,0.0990454947431122,3.663577849722384,2.3025850929940455,1.0,19.0,0.2928245313733503,4.0,2.3976417615124976,0
107.311893005258,0.1320147770620504,3.021691446993497,3.0910424533583156,0.0,11.0,0.5438214360479883,10.0,2.227225027595296,0
48.78956247398325,0.4865241768823066,3.3565705817649643,4.499809670330265,1.0,2.0,0.2105526029352722,7.0,2.950460613218011,0
5.0,0.1421470871431961,3.529729632325391,5.46383180502561,1.0,15.0,0.3588309309335623,6.0,3.279275208251127,0
232.31705839619144,0.3203225821877145,5.0,6.00141487796115,1.0,5.0,0.4389043273248593,3.0,4.012643597923373,1
157.3317967188404,0.5834896095027,4.7466183083304365,5.631211781821365,1.0,18.0,0.5419699660919214,9.0,3.7796168646602,1
21.00391002589461,0.1277686636684437,4.734654707336624,5.0106352940962555,0.0,29.0,0.1344872267799358,6.0,3.5701550258075394,0
20.4921227936384,0.5111639862554721,4.169925613004391,3.6375861597263857,1.0,30.0,0.4905501720682667,2.0,2.961136058706019,0
116.4215300709872,0.4087543521031224,2.682672991068765,6.122492809514386,1.0,21.0,0.519200430219388,10.0,3.105976953237944,0
316.90215252893927,0.0406293571739403,3.758508895422621,4.9126548857360515,1.0,21.0,0.0915421173705715,2.0,3.2588916004157493,0
124.04086486363953,0.4384009709406227,4.77048845961338,,,16.0,0.4233481379503994,1.0,,0
5.0,0.443526823896116,2.541735370632712,5.375278407684164,1.0,4.0,0.3962122535556335,5.0,2.8500352198472076,0
125.42569359140558,0.0359301954657492,4.436553206873264,5.998936561946683,1.0,27.0,0.4413946575774559,,3.7860233198178195,1
122.72764302523296,0.2599691586004318,5.0,,1.0,23.0,0.2976416811947678,6.0,,0
5.0,0.2884957018176471,4.861816645989732,6.635946555686646,,10.0,0.715021695336152,3.0,,0
144.57051334821878,0.2090687028367796,5.0,,1.0,22.0,0.2559059353918526,4.0,,0
126.9065469791322,0.1851029330337154,4.018338750442161,5.3706380281276624,1.0,,0.2199855217795072,5.0,3.474529804259262,0
219.62063648134185,0.0718774848884441,4.767931948764989,4.532599493153255,1.0,15.0,,4.0,,0
334.8956094945345,0.3477245645641516,3.082146785645964,6.714170529909471,1.0,4.0,0.2424190216046469,9.0,3.4986260689102977,0
262.65650295477576,0.009063576455491,4.595863812341226,5.214935757608986,1.0,29.0,0.2864719447246446,3.0,3.645531863274257,1
123.11113094451694,0.2707572855994038,4.454388134060763,3.7135720667043075,0.0,16.0,0.1513983626731055,5.0,3.0655472011009763,0
39.34740912583297,0.2061700110820898,,5.141663556502659,1.0,30.0,,7.0,,0
407.33598032498605,0.2353892896590095,5.0,3.7135720667043075,1.0,27.0,0.0920157979039788,7.0,3.3956684604304965,0
155.92184340144885,0.3702785956345084,3.2612151621526118,5.3471075307174685,1.0,7.0,0.1021245607282783,6.0,3.18819341193063,0
151.39292919129463,0.2074405177870787,3.612942483526337,5.513428746164982,1.0,25.0,0.478949884401914,9.0,3.3034156403796464,0
147.58749128899967,0.3320007548931362,3.895462041358297,4.820281565605037,0.0,25.0,0.4599276986241932,7.0,3.1122837464999917,0
169.8084760767855,0.243556441638126,2.770389028910599,3.1354942159291497,1.0,12.0,0.2953390295816488,4.0,2.2897360704266547,0
135.56395880760576,,4.026931943800248,6.760414691083428,1.0,,0.5120321435043809,10.0,3.8364907561442516,1
92.63379931197638,0.265448388671922,2.081069587046153,,1.0,17.0,0.0292531874330253,9.0,,0
95.3141058759608,0.3712972710645472,4.846954534428209,6.306275286948015,1.0,9.0,0.3518870553577795,6.0,4.0602869887841315,1
146.72467297840015,0.3393430997282359,3.846637366565965,4.927253685157204,1.0,,0.2962995338315076,1.0,3.257571145407246,0
95.6575228866235,0.016108664847518,,6.063785208687608,1.0,23.0,0.3451488065881833,9.0,,0
78.71542173228356,,2.9656263877048783,5.298317366548036,1.0,6.0,0.1815394451412473,,3.0394378760181127,0
160.64302276918968,0.3093305217887315,3.565420970380812,4.219507705176107,0.0,30.0,,6.0,,0
124.50227825791448,0.0343769299801759,4.488259710772414,3.6888794541139363,1.0,15.0,0.5198273357691136,6.0,3.0980022533893234,0
300.3992988582688,0.4080696401915166,4.34773897873756,4.844187086458591,,10.0,0.2582515716455903,4.0,,0
5.0,0.2869105045830585,3.0944620527215387,3.8066624897703196,1.0,23.0,0.3513771008119532,4.0,2.609508147857321,0
259.15068519224616,0.6273568756267822,2.953960327372365,7.553810852008231,1.0,27.0,0.258844792698441,3.0,3.695958428011727,1
274.60851924976294,0.1300031858657628,4.456898706319647,2.772588722239781,1.0,,0.3403219157729528,8.0,2.846471716045203,0
5.0,0.3683496292231811,3.0776525953849703,5.164785973923514,,6.0,0.4943848070082639,8.0,,0
115.73124059196512,0.206817817322017,3.859909774079503,5.198497031265825,0.0,15.0,0.3550982523359755,2.0,3.232493368544354,0
112.85591340042086,0.5017603426553671,,4.68213122712422,1.0,30.0,0.2253489715461883,5.0,,0
9.248830528217866,0.2570453487249676,4.112062131726738,5.541263545158426,1.0,14.0,0.1629753605524188,9.0,3.5746088441277393,0
72.21833124091248,0.6041340990775811,,,0.0,26.0,0.3788827079015342,9.0,,0
38.94241545341713,0.0784681157824326,2.537037063132677,6.13122648948314,1.0,19.0,0.7765963855489189,7.0,2.998863494988229,0
325.22704434236226,0.2955945838392788,1.888840674739512,,1.0,13.0,0.0656245957842446,4.0,,0
,0.3684777016469394,3.232552718771648,5.594711379601839,1.0,14.0,0.0366467745898968,4.0,3.2641051464712323,0
277.15550949941587,0.3931071563451981,5.0,5.934894195619588,1.0,3.0,0.1556291775244998,10.0,4.049342423180976,1
222.1672064043235,0.529186384271065,5.0,6.492239835020471,1.0,,0.0834529368853016,7.0,4.2309813631290805,1
37.094822878277085,0.309965825922994,5.0,6.295266001439646,1.0,26.0,0.154665470092541,3.0,4.157646706413385,1
97.54797337202262,0.0567761306426929,3.6070186322393103,5.641907070938114,1.0,29.0,0.1621106940335371,3.0,3.4029574353704515,0
198.93745612279184,0.155500312502534,2.017884918015171,4.997212273764115,1.0,14.0,0.2623353099251592,5.0,2.5538505873502713,0
27.787219110805463,0.0949941831727461,1.456960898348159,5.3471075307174685,1.0,14.0,0.4918481344134786,6.0,2.3885469916718085,0
221.2998430172388,0.6594625321905624,3.185961838450589,6.0867747269123065,1.0,26.0,0.5964629054077956,,3.281124572372368,0
125.96746018418648,0.234929570496746,3.60192636985064,6.447305862541213,1.0,8.0,0.2370284176848741,1.0,3.627556623165645,0
112.51791924504025,0.2024783509487901,5.0,3.4965075614664802,1.0,10.0,,7.0,,0
221.09599682034917,0.3411985011846298,,4.983606621708336,1.0,9.0,0.3610958424856508,8.0,,0
,0.3712930873250693,4.02740507899162,,1.0,14.0,0.5462793104122953,5.0,,0
113.903383418092,0.2579043518687058,2.910155229058858,5.135798437050261,1.0,8.0,0.3422580778745497,10.0,2.9363500071637114,0
265.9329803364248,0.3284364233508817,2.839220441755109,4.804021044733257,1.0,11.0,0.1809697292996262,2.0,2.8407005442620954,0
41.893667240010274,0.4197319573933808,4.054127687071436,5.0689042022202315,1.0,10.0,0.5397069361640734,4.0,3.334380948261829,0
211.5935606944264,0.1308413358403651,4.497050978839726,5.627621113690637,1.0,18.0,0.4842529427230362,6.0,3.690256137098474,1
,0.327505748501498,4.191881262245585,7.848933726364071,1.0,4.0,0.1885367452629209,9.0,4.293725273754871,1
119.04535606860097,0.3090666018759184,2.765402040393345,5.318119993844216,1.0,4.0,0.3389761284353692,2.0,2.933801588623529,0
182.6133022242118,0.4432956418443808,4.450667628792086,4.2626798770413155,1.0,12.0,0.606138580478257,4.0,3.237843298533578,0
24.888642361469707,0.4519539718395333,4.225910967101411,3.988984046564274,,18.0,0.1153991306306782,10.0,,0
242.4027019206901,0.1766250162571023,2.7293335938098213,,1.0,29.0,0.4959875465922969,5.0,,0
131.5097863557011,0.0662895919241261,3.015679029699744,5.5053315359323625,1.0,8.0,0.1641195938912404,8.0,3.1250471538813587,0
97.72769794809604,0.2660565893616861,,5.46383180502561,1.0,3.0,,8.0,,0
254.90092258368887,0.350135842218205,3.565492464854109,4.23410650459726,1.0,18.0,0.2829419450497983,2.0,2.939840548310862,0
79.56563094572408,0.5160959312188699,5.0,5.877735781779639,0.0,7.0,0.2082346342351739,6.0,3.921673807686857,1
9.153870363644046,0.1097055673936324,4.301129276064576,,1.0,1.0,0.135446278309065,6.0,,0
5.0,0.0626399162903837,3.3133688118107307,4.499809670330265,1.0,22.0,0.2932429934596631,5.0,2.916641827131439,0
210.600995134564,0.1325574109676038,3.7897943996090673,4.844187086458591,1.0,13.0,0.147770645078969,8.0,3.2396197567654106,0
21.9570647503717,0.0583277662688309,3.863383392637718,7.242082359256962,1.0,29.0,0.4276152225798661,10.0,3.9324550203162025,1
325.47941819843646,,3.07160968675829,4.948759890378168,1.0,3.0,0.4826083684463962,2.0,2.916750168127487,0
5.0,0.2886045201199531,2.887411801822373,,1.0,,0.0832333366069166,2.0,,0
319.6456368290038,0.3531826886204156,,5.198497031265825,0.0,3.0,0.3355256122854448,7.0,,0
171.10174672026184,0.1339894239886682,4.645273297042095,6.161207321695076,1.0,15.0,0.4493715197425914,,3.9165972113768426,1
140.32868881296076,0.4067854267970843,4.403781469552959,6.0867747269123065,1.0,21.0,0.5852656861951965,3.0,3.770491868655836,1
,0.1562944545151576,5.0,5.802118375377063,1.0,30.0,0.2992487811746286,7.0,3.980785756378193,1
189.9136114352071,0.2969583825824655,3.258226763988398,6.361302477572995,1.0,19.0,,3.0,,0
146.23652975751517,0.6434014985611503,5.0,6.734591659972947,0.0,28.0,0.2022361026179585,6.0,4.1799302774682925,1
260.33018820165216,0.1421215032188128,2.8990788814458472,5.564520407322693,1.0,4.0,0.8220890293771743,3.0,2.9645698688997117,0
,0.1669973574379021,2.7873144366315072,4.406719247264253,1.0,13.0,0.2905830410016734,1.0,2.678824940631544,0
165.03017614618776,0.1296965514938699,2.0400411178507496,5.030437921392435,0.0,,0.2857040592569993,6.0,2.468007011706631,0
113.6387787786144,0.1782872715496214,3.354204686173183,6.056784013228624,1.0,15.0,0.1743955506579191,3.0,3.4238379683062767,0
144.30543762789324,0.1707652951825317,3.296277663170546,5.755742213586912,1.0,19.0,0.2493681770841321,1.0,3.295360093927466,0
180.7801768892059,0.1852647755965279,4.32593728025465,,1.0,16.0,0.3261957661545492,5.0,,0
5.0,0.2189311178868813,4.043890941620451,2.772588722239781,1.0,,0.2459701586732784,8.0,2.7001389615854596,0
15.181457789428691,0.3382750971926416,2.6070266289808632,5.843544417031359,1.0,3.0,0.3719733060763001,8.0,3.021479315486493,0
224.3264094022715,0.4604493989406266,3.4072737615741824,4.465908118654584,1.0,30.0,0.6196103415488393,8.0,2.8787598719162806,0
167.0865438127942,0.3011022743504107,3.4285379789123143,5.337538079701318,1.0,26.0,0.3283102739673252,3.0,3.207014560681856,0
131.6016663647321,0.2409796488551232,2.024017753038107,6.023447592961032,1.0,20.0,0.3544623769613353,,2.8457489037112857,0
151.84339330653933,0.041859411542165,2.8190532729866304,5.517452896464707,1.0,2.0,0.4885754330572272,4.0,2.9851420915226194,0
,0.649237693775418,3.0291863693859105,3.295836866004329,1.0,18.0,0.7438043448525983,8.0,2.3516647385851432,0
96.02403196906386,0.2810720906179367,5.0,4.127134385045092,1.0,25.0,0.3160097056789919,3.0,3.4749383743777296,0
72.16952745976873,0.291342806988894,3.991450715957353,4.31748811353631,,11.0,0.3964345378655661,3.0,,0
169.58452550976816,,4.462168753947499,4.499809670330265,1.0,1.0,0.473575003552815,1.0,3.3400954019675164,0
52.1627222384968,0.1896896141594287,2.301364502850788,5.5254529391317835,1.0,16.0,0.3596350066702696,8.0,2.8062546815457963,0
190.8252755714472,0.2485969038960578,4.994214483013992,5.351858133476067,1.0,17.0,0.6944979783064433,8.0,3.7643436375871286,1
5.0,0.4392210898888791,5.0,4.23410650459726,1.0,16.0,0.3703926563237138,9.0,3.4961534201144353,0
252.91556373256435,0.4636069255533359,1.8016550328553735,3.044522437723423,1.0,10.0,0.5015595966678368,6.0,1.833706825125609,0
197.2597482413043,0.2672577269945208,3.094683276084152,4.04305126783455,1.0,17.0,0.2206340468396243,2.0,2.706661881416101,0
175.60297343138757,0.2819303733536357,4.29576557301551,7.129297548929372,1.0,30.0,0.1928065160539307,1.0,4.118534190674229,1
248.2690983945514,0.5692730228078995,,5.247024072160486,1.0,3.0,0.3270413281041094,8.0,,0
316.54744444625766,0.2236700886792262,3.1215052695127783,6.408528791059498,1.0,18.0,0.6942921151224952,10.0,3.332302322098462,0
251.43700650181304,0.2306127131370367,3.494500536946347,,1.0,19.0,0.5545084352749726,4.0,,0
5.0,,3.202618938954857,,1.0,14.0,0.4792465002232134,7.0,,0
22.042303326429845,0.2321423637626224,3.91041804694612,5.90808293816893,0.0,21.0,0.1049676252590383,10.0,3.5155985751773198,0
87.51814223043212,0.2384389992838884,4.997178531461913,4.174387269895637,1.0,25.0,0.3074730962094622,4.0,3.4896929743115637,0
152.60910502108337,0.3652633211887469,3.0289578428587958,5.857933154483459,1.0,2.0,0.6257214222097919,1.0,3.143818799046598,0
201.7659020469123,0.4133211757037022,4.800820497768414,4.564348191467836,1.0,12.0,0.6879722594102866,8.0,3.4520382046656595,0
77.42561868465344,0.1412777499469272,3.0183279276531123,6.284134161070802,,11.0,0.6660271790013823,10.0,,0
168.67667644770785,0.2789410612672031,2.952372787503116,3.295836866004329,1.0,30.0,0.0635488135310345,9.0,2.4569904120963386,0
74.46170676466775,0.4770180100982217,4.618594618343213,6.100318952020064,0.0,17.0,0.3652853804892388,10.0,3.8044764568454563,1
,0.361797462056256,4.721936378007617,3.4657359027997265,1.0,27.0,0.35653795674484,9.0,3.157187730693997,0
9.333890315177769,0.2961979733556478,4.651409936762654,6.461468176353717,1.0,6.0,0.2241247019926823,9.0,4.05417948721264,1
57.67667538890957,0.3462252555015791,2.484202591781859,4.6913478822291435,1.0,19.0,0.6908828928049919,4.0,2.562908822820488,0
14.831539438366631,0.1084600401928834,3.334049021927949,5.765191102784844,,13.0,0.1420135338355601,9.0,,0
52.41267470226673,0.2269082815991945,4.622988592003321,5.303304908059076,1.0,7.0,0.203363402762167,4.0,3.6995142286666183,1
255.36417966078395,0.1505158120690105,3.8415418405638944,4.919980925828125,1.0,22.0,0.0726164483001213,2.0,3.298087724313971,0
55.0601111168057,0.2945063340443908,2.7263071538025354,5.7430031878094825,1.0,11.0,0.1557792503092327,10.0,3.0822679678020126,0
413.2382064837391,,4.258317939125441,6.785587645007929,1.0,7.0,0.3947352530688459,3.0,3.960056418538786,1
199.3317900880889,0.137515606366752,3.0851927410085294,2.5649493574615367,1.0,13.0,0.3464677846587157,2.0,2.2342683467101296,0
,0.2643192931868108,5.0,6.625392368007956,1.0,13.0,0.2726626179909507,1.0,4.233085186804196,1
64.16422198187864,0.1667407609108073,5.0,5.641907070938114,1.0,21.0,,6.0,,0
220.03098794089917,0.1287560645285387,4.404097426355567,6.20455776256869,1.0,1.0,,4.0,,0
92.4362173762226,0.3268563949085386,,4.983606621708336,1.0,30.0,0.3200388731214743,,,0
162.20098146453614,0.1157630763731219,3.864791350123381,5.2574953720277815,1.0,19.0,0.6589088123225444,7.0,3.291383389193178,0
406.0084538268795,0.3384170503055753,,6.413458957167356,1.0,19.0,0.518938623999551,10.0,,0
140.39401002753502,0.3598383820137326,5.0,5.081404364984463,1.0,23.0,0.4713814676173689,1.0,3.7301450159718654,1
264.9273326285676,0.1737830270834501,4.045498681794313,5.438079308923196,1.0,15.0,0.61173368861789,9.0,3.427276527671106,0
79.68235748741125,0.2783028816737725,3.5448128284857163,,1.0,14.0,0.3367282000904834,8.0,,0
146.50115095030384,,2.095378041822884,3.951243718581427,1.0,29.0,0.0800664612497956,10.0,2.3075110400536225,0
327.080063563551,0.0363521567719536,3.716866474278506,5.730099782973574,1.0,3.0,0.5468934963522059,1.0,3.3963978253330334,0
87.30329422122327,0.2244943663861118,4.623423184562311,5.937536205082426,0.0,27.0,0.3907456970247392,8.0,3.7524809959447047,1
331.2448557996929,0.5983467250653779,4.745633427567629,5.572154032177765,,21.0,0.4813022656148252,5.0,,0
220.77519354554755,0.3466360764254814,4.304365065718409,3.8501476017100584,1.0,20.0,0.7408950285866314,1.0,3.028611301083055,0
,0.4031675737816288,3.25870090503776,5.176149732573829,1.0,4.0,0.187481585380474,4.0,3.118828964711158,0
213.2407739055521,0.5280499551515648,1.8231784310524093,4.882801922586371,1.0,29.0,0.2406408017776205,7.0,2.445983788841351,0
247.25544496267295,0.4599431294093182,3.304784901995265,5.327876168789581,1.0,7.0,0.1117592073166968,5.0,3.197924969971641,0
212.1809962217196,0.3354609478388799,3.495655128946048,6.418364935936212,,1.0,0.4022135419125167,3.0,,0
5.0,0.3901195855163728,3.4870710328099856,6.107022887742254,0.0,23.0,0.2901747661502149,,3.3689003262166275,0
77.28628241751314,0.146522834165988,4.418556356977924,3.295836866004329,1.0,24.0,0.0284233828183417,2.0,3.0504889260288004,0
125.24813644484952,0.2335832489837314,5.0,6.498282149476434,0.0,19.0,0.2147959981748056,8.0,4.106525445207969,1
142.55665708999538,0.5355852061194166,3.923529201841093,5.2574953720277815,1.0,3.0,0.1797351298361768,2.0,3.4107132663775364,0
212.0672097550678,,3.583268210843538,6.013715156042801,0.0,20.0,0.5009386076150151,6.0,3.3372341096272526,0
167.77010009332537,0.2932468966293928,3.540778186995907,,1.0,,0.1986014769976346,7.0,,0
16.465564128989882,,3.924384766907714,5.8111409929767,1.0,13.0,,7.0,,0
188.01978510059632,0.1461880744340576,2.971706239651601,4.394449154672438,1.0,22.0,0.1415922860316997,1.0,2.778698785056032,0
211.0585745283823,0.3835829196286626,,5.159055299214529,0.0,14.0,0.1097773644513506,8.0,,0
205.979044793104,0.0372062879087344,4.2508123363318,1.791759469228055,1.0,7.0,0.1894181183571727,9.0,2.499969151629702,0
258.0780725554622,0.1526593567869029,4.009686063574488,3.912023005428146,1.0,1.0,,7.0,,0
233.3922154548904,0.3290940172659267,4.257541934004781,3.3672958299864737,1.0,13.0,0.2332455222335294,8.0,2.9665564181511486,0
195.91800792284369,0.3034090510352168,4.233747609348535,4.418840607796597,0.0,4.0,0.1291351051971667,4.0,3.19332420503896,0
142.9834288541353,0.2662427753170681,2.028103317753556,3.4657359027997265,1.0,12.0,0.5154869292844209,8.0,2.047864712084456,0
5.0,0.239352864093381,4.436870158395403,5.869296913133774,1.0,7.0,0.4447120934305743,3.0,3.7465947186121786,1
192.96182191325855,0.0672602468391794,3.1289851543375464,2.197224577336219,1.0,27.0,0.3812813099597674,1.0,2.134505172943931,0
170.76876871631111,0.5421148900980919,2.704160836996042,5.666426688112432,1.0,2.0,0.593222921034818,8.0,2.9629477570251828,0
177.15788371953735,0.166930655302071,2.695548172145004,,1.0,,,6.0,,0
22.32514241796906,,4.233541610472529,6.77078942390898,1.0,1.0,0.7218870364288246,9.0,3.8802760640759404,1
41.89434595917376,0.5754859263203815,3.5774250727751467,,1.0,26.0,0.3629539545237314,3.0,,0
255.31528533329035,0.425088965795164,2.118031216014589,4.343805421853684,1.0,14.0,0.3111783761699769,8.0,2.3881184377279454,0
146.0444846143345,0.6034669008975112,4.278037815192283,5.655991810819852,1.0,30.0,0.0589181161512276,9.0,3.6962290460926237,1
218.15006973726244,,2.3603918692011723,2.197224577336219,1.0,22.0,0.4985941550460131,9.0,1.8036052898721322,0
152.8318376130461,0.2086997984846618,,6.692083742506628,1.0,28.0,0.1895363108645916,7.0,,0
152.97561394957452,0.4807181886073227,4.038498925673054,5.407171771460119,1.0,21.0,0.4247641735885666,10.0,3.4525982669895443,0
243.8283805975998,0.2507684502300168,4.685577081695045,2.6390573296152584,1.0,1.0,0.1705691078728081,,2.931834209988034,0
98.3955271782626,0.1370134808200557,5.0,4.836281906951478,1.0,26.0,0.1703975608631984,3.0,3.7168050599128035,1
159.61207769409833,0.6245064211462499,2.4353236740994584,3.1780538303479453,1.0,3.0,0.2487223542998641,2.0,2.1778011478841943,0
103.77247112949576,0.1918120554231408,3.7475261439369514,5.0106352940962555,,11.0,0.2387416243066025,1.0,,0
,0.2992083215716564,3.5236647049557823,5.808142489980444,1.0,7.0,0.1850015436949905,2.0,3.4149083202374477,0
119.08278765313608,0.2684891592856488,4.233749685960962,,1.0,28.0,0.1502156968319026,5.0,,0
172.2133771633713,0.3144923311622377,4.015668770933618,4.983606621708336,1.0,25.0,0.5167766703103036,,3.2979941608238876,0
102.12513783365227,0.1663592123039952,3.44745375726338,3.6635616461296463,1.0,29.0,0.2311282256481371,10.0,2.7318243516146183,0
275.5756125573521,0.0351797807993616,3.3590978113891445,,1.0,9.0,0.7108874878864545,4.0,,0
60.539269778049615,0.3458810311827689,2.6835491448159523,3.4657359027997265,1.0,22.0,0.4740260555816372,10.0,2.3183352176499716,0
131.31283558386409,0.3484719423435887,4.787861582406509,6.20455776256869,1.0,3.0,,,,0
106.0268941725825,,4.259204181599529,3.784189633918261,1.0,1.0,0.274720632287649,1.0,3.0839944363577603,0
294.6977884353733,0.2157152675400865,4.717768197795137,5.605802066295997,1.0,19.0,0.5075772862590388,10.0,3.767332441755046,1
169.65547765115747,0.0826929715789661,3.4896038635244864,4.836281906951478,1.0,26.0,0.0958607327526309,8.0,3.1275539709447115,0
253.18445394686347,0.4167176195864318,3.1431645313055694,4.343805421853684,0.0,2.0,0.2289404296001298,5.0,2.714619353158307,0
5.0,0.0879826518620379,2.721684933370772,5.726847747587197,1.0,27.0,0.2662944343825696,10.0,3.053469410747954,0
176.7050265869259,0.3530655050389947,4.158917583740659,5.214935757608986,1.0,21.0,0.1901923792231951,4.0,3.4900092849343207,0
238.9630795623437,0.3824165633481318,2.760206775471765,5.036952602413629,1.0,24.0,0.0744681605378082,3.0,2.900274858805233,0
158.22839892754243,0.2537913909739236,5.0,5.598421958998374,1.0,5.0,0.6087497013159813,9.0,3.857776647436316,1
,0.6066784600310963,,5.313205979041787,1.0,17.0,0.3263779191265142,6.0,,0
98.27115498996278,0.0192937738730104,4.0736601192125015,4.6913478822291435,1.0,19.0,0.1764890569588007,1.0,3.3015706009619836,0
290.934744018558,0.4187109793560707,5.0,5.5053315359323625,,28.0,0.2323706730442954,8.0,,0
379.889812361925,0.3403779918999732,4.399089759263809,5.808142489980444,1.0,5.0,0.5878412414021117,10.0,3.6845104024192348,1
113.7161439560341,0.4848744923943458,3.975673712491779,2.197224577336219,0.0,23.0,0.3451195572797017,2.0,2.380412946741637,0
105.44974785992282,0.6146509543014494,2.831516353038104,5.241747015059643,1.0,21.0,0.3547776718910835,9.0,2.9341751113549175,0
295.3384477117701,0.2824454269661741,2.418230811432296,2.8903717578961645,1.0,14.0,0.3475864385332279,7.0,2.064886564235122,0
307.95721457307127,0.2387302641737978,4.570050108917585,4.127134385045092,1.0,10.0,0.2347872173309124,3.0,3.319202915614379,0
97.71399728467316,0.5366935287842728,5.0,5.5093883366279774,1.0,21.0,0.3099939890911204,4.0,3.8908177031701694,1
107.98131829041426,0.1688247678961725,3.3611500095218285,6.403574197934815,0.0,,0.1360194801032,3.0,3.438328367168536,0
121.82153911394929,,2.6609384923836488,6.467698726104353,1.0,29.0,0.1385591845616685,6.0,3.276973177872432,0
15.554948896572284,0.3264952020942179,1.3418305694509811,3.0910424533583156,1.0,8.0,0.4286999812413464,9.0,1.678304967539618,0
58.13480535158018,0.5665498107719812,2.819235156337462,,1.0,30.0,0.417620751804455,10.0,,0
49.585923324793214,0.0714647231169887,3.68634315750096,5.572154032177765,1.0,8.0,0.4288299142198758,9.0,3.360417489809738,0
73.22024348958716,0.0615173784812161,,3.8712010109078907,1.0,7.0,0.1640733696771545,1.0,,0
146.5315112613219,0.2076698374564722,4.4731336922329685,6.077642243349034,1.0,13.0,0.4129417381295798,10.0,3.829957802271982,1
173.42147325365207,0.2782064907807531,4.105085404706752,6.016157159698353,1.0,14.0,0.5332617802144712,6.0,3.640228953749313,1
,0.3876273011228858,3.399880338698869,6.55250788703459,1.0,19.0,0.0494156986899529,1.0,3.6158213618519337,0
50.16459592612091,0.1373216656197788,3.216834282744044,1.0986122886681096,,11.0,0.0342956174643416,4.0,,0
248.4322398476584,0.0425549396831986,,4.304065093204169,1.0,2.0,0.2508657581194034,7.0,,0
128.6011155774491,0.7027228461514909,4.000738540758389,6.267200548541362,,17.0,0.4752528285845585,,,0
145.0536290347567,0.2031766354464596,1.6973993080789778,5.8111409929767,0.0,6.0,0.1808414817029879,9.0,2.5861337247840033,0
217.4819492166604,0.4636886218919929,3.126460352102757,6.514712690872529,1.0,29.0,0.5256551963356547,10.0,3.399866908835731,0
37.72779784377013,0.1202046876406994,2.941783968228373,2.8903717578961645,1.0,9.0,0.43545863978584,5.0,2.2567333867030306,0
188.24097461840503,0.2282859972837796,,5.60947179518496,1.0,19.0,0.2054567003298771,9.0,,0
166.6452208213056,0.0895402876167993,4.362910660285085,5.53338948872752,1.0,5.0,0.1370644031771903,1.0,3.6777682300968517,1
199.2451264008149,,3.692555118205751,2.3978952727983707,1.0,,0.1206405268921903,4.0,2.4722625237433737,0
178.91686439078185,0.1862663953948181,3.7231345929963378,5.37989735354046,1.0,30.0,0.2427505140057753,7.0,3.354672940459518,0
395.5300139910894,0.0698407908609659,5.0,5.645446897643238,1.0,30.0,0.3017239977987069,2.0,3.93328926973323,1
86.2260015748684,0.5452485679678547,3.1035389102133117,4.1588830833596715,1.0,25.0,0.4697098793269084,9.0,2.6951385132278447,0
96.90030449981823,0.2076662094351377,5.0,4.564348191467836,1.0,7.0,0.3016792403300007,3.0,3.608968609374351,0
87.68594735752356,0.5846635252330284,3.128692408628914,5.726847747587197,1.0,30.0,0.0335708906766929,4.0,3.2628171095923864,0
94.45228808397454,0.3427464554989851,3.889198196612571,5.247024072160486,1.0,4.0,0.288776181509088,,3.3720312639913566,0
86.26128726934823,0.2874598806858754,3.518796404597233,6.373319789577012,1.0,27.0,0.3182468000107968,8.0,3.5558651387098377,0
268.9016531107552,0.4203342219883422,3.923419133500961,4.836281906951478,,18.0,0.5055407583362769,2.0,,0
292.0504247989855,0.1573953936322566,4.244591995073129,4.543294782270004,1.0,18.0,0.3739583256023903,5.0,3.2860335675897745,0
92.92537062505238,0.1947627208764054,4.233835240088876,7.1372784372603855,1.0,20.0,,2.0,,0
66.76444268957712,0.3006972383626088,3.04688266937942,6.588926477533519,1.0,17.0,0.5113141585579308,,3.3931681793002375,0
197.1415556386404,0.4172779037586532,2.677085322552429,2.197224577336219,1.0,30.0,0.7337612302379978,9.0,1.883249256174238,0
94.77769557190288,0.2790986568941944,5.0,6.091309882077698,1.0,4.0,0.2882058628372848,9.0,4.069751792055852,1
213.2931817755511,0.0443776722567452,3.316015660399447,3.58351893845611,,28.0,0.465740727824096,1.0,,0
170.29230208512996,0.3086928661865369,,2.197224577336219,1.0,30.0,0.4000724997650882,4.0,,0
5.0,0.219881376825846,2.1923586894768032,4.564348191467836,1.0,27.0,0.2493393707173459,4.0,2.496380059087603,0
304.75052013300615,0.2779642391875149,3.520387280095323,4.553876891600541,1.0,22.0,0.1207067398824913,1.0,3.050176631541793,0
329.5877673095522,0.2480281170281066,3.672800616017557,6.242223265455165,1.0,16.0,0.1606193416261204,10.0,3.6096633577183486,0
88.72113095156138,0.2439313657508924,4.272815069927832,5.921578419643815,1.0,22.0,0.1879451653282682,2.0,3.748010520798624,1
111.22984400640158,0.2866906866599779,1.0775458590080609,7.089243155027514,1.0,23.0,0.1823317462421385,6.0,2.821324940863051,0
178.5865390724905,0.4567759031414876,3.9661406130783305,5.921578419643815,1.0,5.0,0.4804821142291629,10.0,3.566833348278644,0
,0.1157562816214142,2.650258544632107,5.093750200806762,1.0,9.0,0.0144720838355756,3.0,2.885334061327756,0
215.85442726728303,0.213322736526893,4.124345711194923,5.8888779583328805,1.0,2.0,0.530009861699761,9.0,3.610399699637881,0
351.020453876635,0.1090091937105044,2.763670803161837,7.721791776817535,1.0,2.0,0.4144454139680085,3.0,3.639116771516394,0
132.30527725059503,0.2070014398483526,2.9445173040744184,5.918893854273146,,4.0,0.3871511817412878,3.0,,0
70.17027554615463,0.2785689011441034,3.526372389606732,6.066108090103747,1.0,20.0,0.0931628661248138,9.0,3.5117488096488545,0
12.068077198547286,0.1169248202694525,2.7476705303968045,6.728628613084702,1.0,20.0,,3.0,,0
76.9069960058081,0.3154914298561662,3.3244655532646448,3.6109179126442243,1.0,17.0,0.3420940134087833,6.0,2.6446427924173688,0
146.6873027126203,0.3162212044643837,2.6066242314566845,5.90536184805457,1.0,20.0,0.344220897160382,6.0,3.0454140675669685,0
329.4557863517788,0.1342272569730383,1.9668295483012723,6.34738920965601,1.0,28.0,0.1638772419246536,1.0,2.958173133832381,0
98.23887009638284,0.2230419324819254,4.817957052429359,6.831953565565855,1.0,21.0,0.1952594776488561,7.0,4.237716995111729,1
172.37879516388986,0.0438557121826686,2.5039513071760715,4.276666119016055,1.0,25.0,0.1811164855483942,,2.548357061465566,0
148.35771039272478,0.1366266134402893,3.621319112392016,5.351858133476067,1.0,19.0,0.1320965378666432,9.0,3.327665777426298,0
268.8393273448084,0.1935168773138802,4.552891081493785,,1.0,3.0,0.3569086237520255,9.0,,0
402.6932425873622,0.1753686069103065,3.1850558974839567,4.454347296253507,1.0,30.0,0.0942246893590102,2.0,2.891481609997833,0
96.91312270796794,0.0591002363645108,2.974834100254462,5.62040086571715,1.0,5.0,0.4123343341787717,1.0,3.0935870329811754,0
101.05605574817778,0.102480724503695,4.026238088667421,4.499809670330265,1.0,10.0,0.4788781679085387,6.0,3.1646625029843407,0
254.4160877069072,0.222156038083459,4.917933822727152,4.804021044733257,1.0,6.0,0.5424180496217907,6.0,3.59989623258648,0
218.18914896263112,,2.630684734913531,5.164785973923514,1.0,3.0,0.3795724837942235,4.0,2.825795189383622,0
334.67073257360335,0.4009126906691318,,5.420534999272285,1.0,17.0,0.1589271043228651,8.0,,0
208.3928185325964,0.2714066205793128,,5.19295685089021,1.0,10.0,,5.0,,0
114.07079092129403,0.3617181034467838,3.40679899631781,5.318119993844216,1.0,24.0,0.745446157546374,7.0,3.1090663651711146,0
209.0654830692309,0.525270632394125,3.8342046845380753,4.672828834461906,,12.0,,9.0,,0
260.8703580582908,0.0937293039829412,2.945375358244934,3.951243718581427,1.0,1.0,0.7553504535580208,,2.5124531681607976,0
232.0482181197364,,3.3430081661747684,2.70805020110221,1.0,18.0,0.161719483186702,9.0,2.4172744301632303,0
200.72740311072977,0.3759627633583409,2.3917732316925497,4.189654742026425,1.0,19.0,0.1717385687223862,4.0,2.47925800154047,0
256.6674689589154,0.4574049041565562,3.8770786113814935,5.568344503761097,1.0,22.0,0.3683515509743687,7.0,3.4476644854860523,0
266.92955904456727,0.1011305381612302,4.855694248883149,6.137727054086234,1.0,20.0,0.3583482518348775,4.0,4.011926165412154,1
288.2158991037527,0.1982753755768706,2.702856130229536,4.025351690735149,1.0,4.0,0.0311662165416876,4.0,2.5825147160040216,0
214.87098875896424,0.4417852325659172,3.177328233447617,3.5553480614894135,1.0,15.0,0.0529647130782294,4.0,2.6269427692102254,0
133.28819196831455,0.2546060207547748,4.302546246454182,6.030685260261263,0.0,,0.1878008309666987,6.0,3.692663910466712,1
164.67136864333227,0.2312102468628392,5.0,4.700480365792416,1.0,6.0,0.2903465833842646,5.0,3.6520747930608715,1
270.65089665083565,,,6.811244378601293,0.0,12.0,0.5342970622554488,2.0,,0
68.3064329012764,0.2333083074794686,3.6312152625840506,5.929589143389895,,18.0,0.1516507012664088,9.0,,0
186.8673308872901,0.3111569513424558,4.083130822319525,4.77912349311153,1.0,23.0,0.5118655623904077,6.0,3.2646162643831875,0
110.66611876726392,0.524666091044456,3.697943609371152,4.634728988229636,1.0,15.0,0.5461477441823988,10.0,3.0603665913808724,0
152.87448229348175,0.559748196328072,1.3232079331229127,5.407171771460119,1.0,29.0,0.2504591588085918,6.0,2.401342872925482,0
277.84518626072986,0.1300053351389738,4.301090009308772,3.2188758248682006,1.0,19.0,0.3728121739544904,9.0,2.911536316393071,0
169.10990680199035,0.2266906582078569,5.0,3.6375861597263857,1.0,9.0,0.3121150233864468,1.0,3.3288528432406266,0
154.6436548156149,0.3942268652361111,3.916661751169504,4.07753744390572,1.0,22.0,0.3285751834690795,7.0,3.0242108969457018,0
14.014385902008089,0.5965756479476296,2.7688939467057363,6.104793232414985,1.0,24.0,0.2333163254230898,3.0,3.1923322833221723,0
224.6253566027221,0.1326139166973097,3.2868727536357167,5.37989735354046,1.0,13.0,0.1404326668956234,4.0,3.2006317741373,0
214.5484181141076,0.4025938354059749,5.0,1.3862943611198906,1.0,16.0,0.4231424279045955,,2.631259822755048,0
,,4.709962540860558,5.817111159963204,1.0,13.0,0.5402112640783042,3.0,3.821076111517524,1
119.22217650469992,,4.440026618384329,5.111987788356543,1.0,1.0,0.3497414258068336,7.0,3.539658698699328,0
171.9150327663939,0.1449592859170052,4.156412583534376,5.3706380281276624,1.0,18.0,0.4185209289675117,6.0,3.490052256058547,0
174.9383683710755,0.5300851166238831,3.138862887809028,4.290459441148391,0.0,22.0,0.5096924853057209,1.0,2.6407444904069846,0
307.7453279763474,0.3911389771858987,3.599428819344231,5.484796933490655,1.0,3.0,0.209520266206856,9.0,3.343306554543518,0
140.4704467613048,0.2129687461813435,3.722077264321484,7.057897937411856,1.0,17.0,0.5282509290068265,4.0,3.800550101150785,1
177.90215257703392,0.0688574819054233,4.349574316064444,3.1354942159291497,1.0,22.0,0.0769175470704823,7.0,2.9650944817904263,0
210.7896509716539,0.3495093655024614,5.0,,1.0,,0.4200588579865007,4.0,,0
168.6609123156358,0.2538970213381382,4.918338136793128,4.430816798843313,1.0,,0.3987079176934423,7.0,3.5168387108315566,0
105.35663854494716,0.0499665015511726,2.380615644203959,4.454347296253507,1.0,25.0,0.1616017689669938,5.0,2.5562300927642374,0
169.40899928983077,,4.023994968901048,4.962844630259907,1.0,6.0,0.631117310825988,1.0,3.272227914473194,0
257.3631749859772,0.2180087472010178,4.536763345167897,6.238324625039508,1.0,21.0,0.217672981963454,4.0,3.94266812918632,1
47.34847005889398,0.5118208698936791,4.418860330144636,6.597145701886651,1.0,17.0,0.5816308731282496,3.0,3.9303616679982,1
163.2969674146876,0.363835500599997,3.1707662366125806,4.219507705176107,0.0,17.0,0.3439357995962619,6.0,2.6653716462786123,0
79.98791850608268,0.5445112071782316,5.0,5.459585514144159,1.0,27.0,0.0967080283060595,6.0,3.9185340485820355,1
269.50466289248425,0.0214245608595134,2.522915437668881,5.717027701406222,1.0,1.0,0.5658554627162669,1.0,2.9111033929461656,0
5.0,0.3039361586250159,2.71681155333395,5.402677381872279,1.0,7.0,0.2859693671990556,2.0,2.9503339624554528,0
94.10781527284117,0.6520465348706161,4.033595081261576,5.141663556502659,1.0,22.0,0.1989570696688931,2.0,3.41614568552165,0
187.72118750645208,0.1410613900208829,5.0,4.1588830833596715,1.0,30.0,0.5312467685392371,10.0,3.4414155713000545,0
306.55240292343404,0.2987765014304245,2.963805149295829,5.303304908059076,0.0,,0.2306706551602014,4.0,2.9303794011040143,0
143.42497389270122,0.0944285191880252,3.534171634353008,5.036952602413629,1.0,5.0,0.2769347773381301,9.0,3.169367478997666,0
94.48004733068016,0.6359035595895273,4.877293673015693,6.167516490888341,1.0,16.0,0.3300807603427648,2.0,4.035156264404226,1
338.115706944059,0.218216060880933,3.7821378451122665,6.07073772800249,1.0,4.0,0.3207197905614752,8.0,3.5699324983333582,0
5.198609958375613,0.3154824162062239,3.465396145469704,3.784189633918261,1.0,11.0,0.4903763593729355,1.0,2.7233400764887725,0
5.0,,4.36563290188672,3.332204510175204,1.0,14.0,0.1126300564727486,8.0,3.0233885025126996,0
194.00144500533324,0.4224273898295277,4.072517990229593,6.57507584059962,1.0,29.0,0.3015691622910206,3.0,3.8412161158135194,1
99.79457756473889,0.1708292652455827,4.830438785636791,5.442417710521793,1.0,13.0,0.1472472075061414,5.0,3.8354513859100265,1
47.87671828692868,0.2565863199801682,5.0,6.373319789577012,1.0,27.0,0.2022568281879062,1.0,4.171544571235522,1
220.83564472993527,0.2651574433650202,4.107003060005361,2.8903717578961645,0.0,,0.4842520650337344,1.0,2.613062338364247,0
174.3800713771199,0.0606906527030963,4.091732725378309,5.41610040220442,1.0,27.0,,6.0,,0
93.59213692632716,0.039814195396608,4.014110982286133,5.4510384535657,1.0,8.0,0.1330643110492137,3.0,3.5143430667743205,0
21.969560132910573,0.3354249355384948,4.289130556649288,6.3835066348840055,1.0,21.0,0.1311311593207375,8.0,3.904477981260769,1
237.24573282801447,0.0461089888225419,3.855170637871464,3.4339872044851463,1.0,20.0,0.4860136387626202,4.0,2.7750616887416055,0
215.0201177958661,0.2287694724603981,3.7993915176777104,4.418840607796597,1.0,15.0,0.3364770504797268,6.0,3.0781133793141184,0
140.08241362206172,0.1277417962707742,4.996627120827242,5.056245805348308,1.0,18.0,0.6366485850238727,10.0,3.688194872930614,1
334.6636996047666,0.2880155464028137,5.0,6.401917196727185,0.0,7.0,0.4365437519480174,9.0,4.033266408628552,1
42.99152336738474,0.4148286839675102,,6.732210706467206,1.0,21.0,0.4401503542620624,8.0,,0
5.0,0.412519320532224,3.810021151740569,7.297768282531379,1.0,19.0,0.2228290078488082,4.0,3.9687731438858798,1
80.80919301187556,0.323821357478851,3.111305566554765,6.866933284461882,1.0,25.0,0.3445244261799775,10.0,3.5356973267244753,0
145.4413983644502,0.3135370593176542,,0.6931471805599453,1.0,9.0,0.3357053610560598,8.0,,0
174.3339449322692,0.4400307639755862,4.202516209735322,2.70805020110221,1.0,11.0,0.3494553459602104,7.0,2.72353047503275,0
125.876394214367,0.3212658186958191,4.469438371542468,3.8712010109078907,1.0,27.0,0.2979441115927392,,3.1895468295708067,0
185.2055396514297,0.1806338066103014,3.687873556388655,4.859812404361672,1.0,10.0,0.3324988182122674,7.0,3.1665933802215105,0
24.846057580955588,0.0457018456944586,1.886659665277197,6.2766434893416445,1.0,14.0,0.2071112681251583,7.0,2.8962346592883406,0
294.3764604073259,0.4856923468537112,2.8349544194238203,6.507277712385012,0.0,16.0,0.2463430040036087,10.0,3.23689648068431,0
,0.6518362739185918,4.696499670200166,4.143134726391533,1.0,27.0,0.1900879055226834,2.0,3.3835227048929895,0
,0.1931495515179559,1.0595735779650686,5.673323267171492,1.0,8.0,0.2957125243419249,7.0,2.36668390646909,0
184.2725346377704,0.2060511373929203,4.987427151682,6.617402977974477,1.0,1.0,0.4182801985304817,3.0,4.1965357143590465,1
195.6753219153784,0.0411953632429334,4.321229990644541,5.231108616854587,1.0,12.0,0.6803736972426568,8.0,3.4617498418656614,0
206.9767280232204,0.2056788360416841,5.0,3.4965075614664802,1.0,3.0,0.0890319167771175,8.0,3.3311458850845206,0
194.7708560017315,0.2510978723204844,3.60143081311904,5.214935757608986,1.0,2.0,0.1666233575515584,9.0,3.2717283810200004,0
,0.1370851451511426,1.7385945759770949,4.955827057601261,1.0,16.0,0.2520605769399713,4.0,2.431773832283222,0
282.9152530132432,0.1302740052424783,4.230362641506498,5.556828061699537,1.0,4.0,0.5893218345796665,10.0,3.541329108196527,0
169.652116970147,0.2722655509331232,5.0,5.159055299214529,1.0,2.0,0.2568181708227561,3.0,3.7963529555998075,1
220.90037575885125,0.2461114000692543,4.724721805513421,1.791759469228055,1.0,12.0,0.1486649002592786,9.0,2.6976835829219294,0
141.02643057127733,0.1412021092298885,3.1373085165119643,7.336285660021297,0.0,27.0,0.4590285625686066,9.0,3.5640033920974536,0
294.01172154494725,0.4861145992171175,3.886761075462647,5.46383180502561,1.0,24.0,0.4269451945600074,2.0,3.4084649327807406,0
82.36076979407304,0.0147803999909216,3.267163731220076,5.262690188904886,1.0,17.0,,6.0,,0
330.0940432910816,,2.980733535810628,6.833031732786201,1.0,20.0,0.6467387010532715,3.0,3.4128551939494574,0
145.98420493556566,0.1423233410525008,4.755388571179851,3.9318256327243257,1.0,21.0,0.0809697336341677,5.0,3.3655091715624046,0
6.922489788195179,0.2414851680834714,2.602467688734838,4.143134726391533,1.0,30.0,0.3847877172160794,2.0,2.506969949968179,0
162.81044149107893,0.3340622499196559,2.906183569418387,,0.0,10.0,0.4734695122211837,4.0,,0
81.89483425251191,0.2810880917112684,2.695974366527614,4.51085950651685,1.0,20.0,0.3640456514778186,3.0,2.658838468270537,0
234.0643548988724,0.2061293731635253,2.309752476700953,6.1779441140506,1.0,8.0,0.182210220299335,2.0,3.040842180835694,0
84.73760206976091,0.1851448303269187,3.9464142918426033,4.564348191467836,1.0,18.0,0.1345785845781561,6.0,3.220954457261761,0
105.38165667852203,0.2459328891129591,4.961503048481976,2.3978952727983707,,25.0,0.3052554694512011,3.0,,0
5.0,0.4382524363063503,3.6151232437547343,5.389071729816501,1.0,,0.491450678690142,4.0,3.264480680708816,0
104.76936807509232,0.3490695177338801,2.2942521994358334,4.189654742026425,,18.0,0.5819683167132791,6.0,,0
5.0,,4.639944539742027,6.05443934626937,1.0,29.0,0.5287233432257352,5.0,3.8665649511324744,1
5.0,0.5547513375151625,5.0,5.730099782973574,1.0,2.0,0.057735713162123,4.0,4.007482792259648,1
226.0414656144297,0.0767737722612153,3.1537576758534054,,1.0,12.0,0.2833911812928419,4.0,,0
228.58001586508323,,3.3214457332822818,6.129050210060545,0.0,10.0,0.4351487900767846,2.0,3.28026359831572,0
192.54575617849648,0.367693437855412,4.315660630083394,4.0943445622221,1.0,8.0,0.3377514920456491,10.0,3.1870173222908575,0
,0.0813391209937486,5.0,6.182084906716631,1.0,19.0,0.4498229077361051,4.0,4.064660890467768,1
145.228864385802,0.4555342931594334,3.280165854274774,5.730099782973574,1.0,10.0,0.228482073428725,8.0,3.285399861916237,0
149.63974609094316,0.3740042746314323,2.4675502190017946,5.805134968916488,1.0,11.0,0.1497031918153093,5.0,2.998619939912602,0
34.16353108074573,0.3403905931809979,4.431418606272406,6.284134161070802,1.0,14.0,0.612240171966222,,3.8353596564369585,1
300.33983017671505,0.1467751624799286,4.599068073142299,5.545177444479562,1.0,26.0,0.1525098485655741,10.0,3.7726784928876738,1
237.73622905756716,0.2673100010642549,3.8061314504352266,5.241747015059643,1.0,15.0,0.2140921421721652,8.0,3.3521582562575505,0
127.9035826170336,0.1604547427402467,3.241866740342549,5.717027701406222,1.0,30.0,0.2966957301164136,6.0,3.252515860535604,0
152.68858389945308,0.3050549186050553,4.794378730992047,4.672828834461906,1.0,24.0,0.109501331057017,10.0,3.5976998765239876,0
170.83828079475524,0.1038975524369371,4.328036004547964,4.110873864173311,1.0,23.0,0.4069583686970842,5.0,3.1830848873317623,0
5.0,0.5856177790771253,3.031564483096507,5.662960480135946,1.0,10.0,0.1237091404006,4.0,3.186772109199267,0
125.28226174794032,0.2827729283194933,3.849094731305671,4.382026634673881,,4.0,0.8652450938899388,10.0,,0
81.80157520022014,0.213491600421602,2.448292467975353,3.2188758248682006,1.0,7.0,0.1829864650800728,9.0,2.208382441634587,0
49.83799901050845,0.3559589768372399,4.48589045643792,0.0,1.0,11.0,0.3755670540621421,10.0,2.0192427717627397,0
121.88997071140452,0.5734595733853664,3.537766430617144,5.641907070938114,1.0,24.0,0.359160392933626,5.0,3.3358466149415666,0
329.76865268495226,0.1639735907199302,3.364289167615263,4.90527477843843,1.0,22.0,,10.0,,0
214.084286126701,0.4138082018946277,3.7671255148475655,6.037870919922137,1.0,22.0,0.2481601386114223,6.0,3.5685794541933826,0
92.88210102172032,0.2933154218576188,3.840307699330248,4.955827057601261,1.0,3.0,0.3629205222698861,,3.2502870925585006,0
207.25827813561585,0.2420795674080818,4.69493006156556,5.298317366548036,1.0,5.0,0.1341446962917128,1.0,3.7406382953322925,1
289.9355436586002,0.0271267521958157,4.391090531325221,5.056245805348308,1.0,26.0,0.0901157055443067,9.0,3.5552868130257194,0
242.46336829127688,0.3306799193500325,3.643590721207197,5.755742213586912,1.0,2.0,0.4422413471390899,8.0,3.3957106831311346,0
155.9630369920174,0.4027180854700131,,,1.0,,0.424762046037386,5.0,,0
85.30632222944261,0.4902794232319584,4.200737253691613,6.903747257584598,1.0,21.0,0.5499265866381605,3.0,3.941433761424393,1
219.82233136135895,0.4097408355054224,3.3734003637139627,6.716594773520978,1.0,5.0,,5.0,,0
189.34853854217496,0.2316596704927427,3.675281841763514,6.338594078203183,1.0,7.0,0.073922394232652,5.0,3.6569064813198304,1
239.5193220027732,0.1381653361950501,3.651777111156879,6.6320017773956295,1.0,4.0,0.2088708277565673,9.0,3.708537212130127,1
,0.0314262974067202,4.305261343174202,5.187385805840755,1.0,30.0,0.2311879048903801,7.0,3.532082698043831,0
254.95527153193356,0.4213183685883098,3.432977385278358,5.442417710521793,1.0,11.0,0.5188123041371474,2.0,3.2021538064404518,0
96.4764788439432,0.3324209356321206,3.4095908135783666,6.008813185442595,1.0,22.0,0.3212588530421948,5.0,3.4022285104556858,0
281.73940656343257,0.2613980628810058,5.0,5.8805329864007,1.0,9.0,0.4263266369112908,9.0,3.978894568537952,1
169.75996046923996,0.1359779487173602,4.739735481747104,6.499787040655854,1.0,4.0,0.279277031037503,2.0,4.089974898688097,1
357.5260872625265,0.058556931606324,3.0393993355748607,5.934894195619588,1.0,27.0,0.6979346186724047,8.0,3.15664106918134,0
81.08121819104322,0.6014318584295841,4.370940993942198,7.521859252201629,1.0,30.0,0.4771260323829628,3.0,4.209508966760775,1
,0.542582950337692,3.918350065655177,4.859812404361672,1.0,22.0,0.202088422509242,4.0,3.284866063068724,0
169.79107834626478,0.6298113016787912,4.191551175260094,6.285998094508864,,29.0,0.2637012716798754,2.0,,0
84.85819963855516,0.5844102972718348,3.937341324565105,5.883322388488279,1.0,28.0,0.3470846296556167,9.0,3.570516320441402,0
101.61141659456784,0.2623930633446406,4.989642645485236,5.8664680569332965,1.0,9.0,0.5715718624697372,6.0,3.9414831027801362,1
117.965269180568,0.1372339047744618,4.145620344651446,,1.0,26.0,0.3426409650047287,9.0,,0
192.41659464019165,,3.737911301785712,6.135564891081739,1.0,12.0,0.2475633973105421,8.0,3.586321308576698,0
202.28354880355,0.1437831666690156,4.842190576983017,6.539585955617669,1.0,16.0,0.2613641762569312,9.0,4.146479182227121,1
92.62999960614208,0.1649703162530386,,4.304065093204169,1.0,1.0,0.393799328451814,,,0
147.5645407739017,0.3507234479976578,3.9214785793290576,5.686975356339819,1.0,8.0,0.7705551793310476,6.0,3.4205730027673593,0
364.2270358611864,0.1236767140023194,4.114022602486115,5.0106352940962555,1.0,1.0,0.3745649575417601,7.0,3.3738866377149708,0
322.75431701007113,0.3001301290644164,3.706390976633634,7.221835825288449,1.0,20.0,0.4714210194356543,5.0,3.8548229343528573,1
193.6323669674032,0.0881766674927675,3.8092269929954687,5.278114659230517,1.0,19.0,0.2495510167766177,1.0,3.357214991612019,0
153.80034781682002,0.2813573235923288,3.213305411238127,4.356708826689592,0.0,4.0,0.0986415552030966,9.0,2.7726065014615093,0
162.00313267182614,0.2627604540410931,3.048832780376121,4.976733742420574,0.0,14.0,0.4489466349359068,2.0,2.8227639078894393,0
211.35179727304163,0.5717220352780182,2.80142961351756,5.765191102784844,1.0,23.0,0.4218625442260539,7.0,3.0657566673972667,0
47.72074348015944,0.0978792866038036,2.408016713202924,3.1780538303479453,0.0,29.0,0.3154535254536508,8.0,2.0535321292948234,0
124.26234625766548,0.1809084106138979,2.9202826386154435,5.627621113690637,1.0,14.0,0.798191629446139,8.0,2.996761063664141,0
5.0,0.191892972445489,3.625732965533074,6.6895992691789665,1.0,9.0,,1.0,,0
189.92231226052792,0.4378854504808222,3.903117582445637,6.345636360828595,,,0.2939955381578395,10.0,,0
214.7195939702741,0.2765704822976085,3.5287034368523598,3.0910424533583156,1.0,26.0,0.2677365886101801,7.0,2.585246793026403,0
101.6813537700626,0.3600801505110385,1.444296509872642,7.317212408359839,1.0,17.0,0.292993816424921,9.0,3.0142835631720244,0
307.39867632900325,0.2982037471093363,5.0,5.886104031450156,1.0,15.0,0.2211932768910903,3.0,4.021592554056828,1
,0.11032125402614,4.886480122890381,3.988984046564274,1.0,10.0,0.2576582446777379,8.0,3.3997556141898873,0
5.0,0.1518890752929192,4.245759851217128,1.3862943611198906,1.0,17.0,0.5245293456595229,,2.309286379690914,0
172.4451818559972,0.390328238498523,5.0,4.04305126783455,1.0,9.0,0.1510721277398053,,3.482700954802404,0
254.70983026121547,0.3311068861312367,2.8226358825162894,6.304448802421981,1.0,4.0,0.3642649935769216,8.0,3.247535995017726,0
318.3927691457869,0.2008776114080248,5.0,1.9459101490553132,1.0,28.0,0.613346521559587,5.0,2.7611037404046765,0
104.111573713106,0.0489796173011612,2.834785923249452,4.382026634673881,1.0,29.0,0.2774645478383419,5.0,2.693029450134277,0
257.8680833431296,0.1233067777366615,4.038737925291357,6.052089168924416,1.0,14.0,0.0878650656893773,3.0,3.713548907655992,1
146.14915304992928,0.3349205797884951,2.5261626748657955,5.579729825986222,,3.0,0.2578912210527264,,,0
132.73727000591805,0.1397202806821597,3.8146940955443664,6.1268691841141845,1.0,29.0,0.251825579506412,10.0,3.6135732775507194,0
238.3659937486672,0.5791007161606667,4.186166497998388,6.021023349349526,0.0,25.0,0.5446024654904673,3.0,3.5718531109061193,0
215.232287841342,0.7419448036885942,3.645309668865445,2.772588722239781,1.0,21.0,0.1552835531903695,2.0,2.5588437735800387,0
5.0,0.229838746712316,,6.507277712385012,0.0,,0.0493943769310357,7.0,,0
297.6540349725896,0.4154026027994106,3.899014449487257,4.356708826689592,1.0,22.0,0.1808016176461446,,3.130458104272552,0
288.0091354147452,0.3325062048861093,3.2775852716224905,5.488937726156686,1.0,1.0,0.3779279339725716,3.0,3.1821298397014877,0
87.44372984904706,0.426517797894386,3.2331866821976605,5.739792912179234,1.0,,0.1548389228685616,4.0,3.2842447619591217,0
189.5803533437409,0.6609010846342681,4.610913772615696,4.025351690735149,1.0,13.0,,10.0,,0
199.40301862827388,,3.1462579701930324,7.022868086082641,1.0,14.0,0.3552744824860089,8.0,3.594308717404804,0
176.06737658239072,0.0133381255946905,4.715402970484937,5.303304908059076,1.0,16.0,0.2748011549845711,1.0,3.7221924296147835,1
94.969484615458,0.337122565435892,5.0,2.8903717578961645,1.0,7.0,0.2737209976103891,9.0,3.112367327846772,0
82.83766320619485,0.5170278545537692,2.13128613765387,6.722629794855448,1.0,10.0,0.4205584799877252,6.0,3.085191697520637,0
147.44459290085547,0.0572279446922691,4.932926387301034,5.579729825986222,1.0,15.0,0.4578509397829207,2.0,3.8555193147596962,1
267.2729019259365,,5.0,5.8888779583328805,1.0,8.0,0.4159628993522704,3.0,3.98347080762941,1
204.3600154594432,0.6435601389477845,4.052003761201928,5.4116460518550396,1.0,11.0,0.3698902143267605,5.0,3.470317277171931,0
112.9385667913894,0.4402367281231248,4.399084185294822,6.293419278846481,1.0,24.0,0.2468776144836176,6.0,3.89828393487515,1
227.16987106483447,0.0790947255047947,4.837005324369159,2.3978952727983707,0.0,14.0,0.2040451815042965,9.0,2.8133616752863153,0
5.0,0.2641188058125814,3.5245176848209776,4.543294782270004,1.0,13.0,0.1512702887920123,2.0,3.04254145085099,0
264.87657003721034,0.1450596760975019,3.982280223537869,5.25227342804663,1.0,23.0,0.3912508410154555,5.0,3.3903439496260455,0
5.0,0.3446424575993012,2.4858004703768906,3.1780538303479453,0.0,13.0,0.2124882617250611,7.0,2.1052386849101277,0
113.75590585968678,0.1205782593653721,3.938635028530451,5.90808293816893,1.0,27.0,0.1615456825753605,7.0,3.6155697563477878,0
38.03301053738562,,,5.017279836814924,1.0,9.0,0.5826570352778886,4.0,,0
20.531852427909428,0.2290506178869762,4.316163022926469,4.564348191467836,1.0,17.0,0.3952734930980217,3.0,3.3167149679913344,0
266.08267873785195,0.21150460958675,4.86542472359758,0.6931471805599453,1.0,18.0,0.1583242293974819,8.0,2.4224491977275195,0
103.22987986881084,0.1962787208232702,3.0251978218644706,5.945420608606575,1.0,29.0,0.392191237555145,2.0,3.215267063816732,0
184.6503881730716,0.1823617538758681,3.267393243326503,6.289715570908997,1.0,19.0,0.4173329760501796,5.0,3.4104053733932647,0
145.3079421120816,0.2522517475269617,5.0,5.017279836814924,1.0,13.0,0.5744860923735433,10.0,3.690286732569769,1
197.7040827223121,0.0406524091894457,3.64967162623629,5.521460917862246,1.0,12.0,0.1067889750534772,5.0,3.3949491308424946,0
157.68218910602553,0.3578187963663263,4.000033787312328,4.356708826689592,1.0,29.0,,1.0,,0
21.70077758114303,0.1555032616924785,3.732989958274779,5.680172609017067,1.0,21.0,0.5338463950214858,7.0,3.3904784870107347,0
249.626681944714,0.4235698184514463,,1.3862943611198906,1.0,20.0,0.1920979830991155,4.0,,0
100.62434168386876,0.446852193694835,5.0,5.308267697401204,1.0,20.0,0.0656447736025289,10.0,3.879351354499856,1
5.0,0.4449458737235301,3.272298588079394,5.739792912179234,,8.0,0.2747343327962888,2.0,,0
107.18848390340877,0.3495493880605239,2.67271447629307,6.62273632394984,1.0,24.0,0.0663640679192386,8.0,3.342633874118332,0
300.0759790634311,0.3159843982220047,3.3492597226972483,4.976733742420574,1.0,11.0,0.3563360901471177,4.0,3.061456793775648,0
235.0221742113493,,1.7982939982744663,6.075346031088684,1.0,7.0,0.2734738339420748,1.0,2.787226641847977,0
115.13478655921408,0.3530190604115067,3.148712535016818,5.6131281063880705,1.0,1.0,0.059661825579952,8.0,3.231491080807158,0
115.07422956815712,0.348523207774895,2.831871402147673,6.666956792429207,1.0,10.0,0.2206260673696587,7.0,3.3887103851138995,0
117.83649487826172,0.3983673609104405,4.417428630927324,5.030437921392435,1.0,15.0,0.5556902385628835,3.0,3.4649647810760835,0
357.6747983560841,0.5924717736409679,3.1265857604401277,4.7535901911063645,,4.0,0.3573615588023,3.0,,0
188.19354522315533,0.6535663036221161,4.687803935578849,,1.0,1.0,0.416516514593707,7.0,,0
193.00416471910697,,5.0,2.772588722239781,1.0,11.0,0.3960155962782452,2.0,3.0525734974162857,0
253.02834540318423,0.4471709888110322,4.581175336287599,3.784189633918261,1.0,30.0,,5.0,,0
173.87891590265136,0.1158917338031425,3.584611711139923,,1.0,5.0,0.4525460893922289,7.0,,0
124.09578541792968,0.2814333490733505,3.941114496705593,6.320768294250582,1.0,19.0,0.1072538870982679,6.0,3.7512255095377585,1
130.3650150915022,0.1195674093801388,2.2750150598559404,1.3862943611198906,1.0,19.0,0.4545119194577684,10.0,1.5349919483867898,0
142.8398740585936,0.1988856232111621,3.66622062747876,6.386879319362644,1.0,4.0,0.6305099911837064,7.0,3.556450048563556,0
146.27777634901585,0.0704413922611819,2.9395615319331667,5.198497031265825,1.0,2.0,0.2461803559379208,2.0,2.9861376509654303,0
222.762954363698,0.4551597928900048,4.494326381149299,0.6931471805599453,1.0,7.0,0.2751646409857353,,2.250641778430556,0
155.19458858072994,0.379625712051158,5.0,5.043425116919247,1.0,28.0,0.335736048642391,2.0,3.745880325347296,1
223.2640077215579,0.6618131445009781,4.299821635973809,4.143134726391533,1.0,13.0,0.4967186631891321,7.0,3.163525339669157,0
141.92834198914176,0.4406461860664598,1.808859851045333,5.683579767338681,1.0,20.0,0.3434554747835974,8.0,2.6599267756630183,0
157.86351903160906,0.0694879261156254,3.438769807085627,5.834810737062605,0.0,21.0,0.3187313306910023,10.0,3.262204877814832,0
5.0,0.5095985612755747,3.922490925374455,5.303304908059076,1.0,12.0,0.412460672894067,8.0,3.3774957079886914,0
241.63276747024813,,,2.5649493574615367,1.0,30.0,0.1680800916115374,5.0,,0
184.6488475897993,0.314720980619649,3.0691868743912467,5.771441123130016,1.0,2.0,0.0523665439667684,7.0,3.24863377790215,0
249.8010109859652,0.1038741878999601,4.045291742636935,6.317164686747284,1.0,22.0,0.1549217616942214,8.0,3.782281750740115,1
5.0,0.5929483893002673,2.5574991630806125,5.948034989180646,1.0,9.0,0.4333414872503709,4.0,3.0207418645363644,0
358.8374704780728,0.1493231651669073,2.8550912773149326,6.2766434893416445,1.0,16.0,0.1313611310005085,2.0,3.298757331528365,0
136.04103718448263,0.1729695766199992,4.445797641603711,4.219507705176107,1.0,8.0,0.2444203225525238,7.0,3.2952873036838115,0
260.81828167375164,0.5397535652724146,2.784336769120174,6.492239835020471,1.0,24.0,0.1433920210167328,1.0,3.3327282539508647,0
46.00940728744692,0.206381166682715,,4.762173934797756,1.0,18.0,0.3442311754771263,2.0,,0
211.27739050625695,0.5549298642100525,2.4305362253439418,1.6094379124341003,1.0,4.0,0.4715746907420296,10.0,1.660730925719401,0
44.65844368263439,0.2646961651520492,5.0,6.322565239927284,1.0,24.0,0.1980346214860911,7.0,4.157162647680966,1
87.62310393041949,0.2075219743412281,3.025730077595945,6.749931193788569,1.0,11.0,0.1338769937653552,10.0,3.5084959904218778,0
,0.0536801197413083,3.5763334281965555,5.768320995793772,1.0,17.0,0.4503433355222198,1.0,3.3709610029123103,0
130.93175992366534,0.4452027338423293,4.130613261090406,4.3694478524670215,1.0,8.0,0.5136277262995201,7.0,3.1603541149163648,0
171.7432873179723,0.6184913264668911,3.234650047498905,4.477336814478206,1.0,19.0,0.3080437665015383,5.0,2.875452310042716,0
237.00677306887545,0.3079636847431777,3.943405961071304,5.241747015059643,1.0,8.0,0.3525692215877333,3.0,3.3793726446288677,0
199.5681887972605,,4.375356724520126,6.529418838262225,1.0,6.0,0.0492494097284766,2.0,3.9991184593410223,1
165.04189051435765,0.1590906528033144,4.760613232503485,3.8918202981106265,1.0,23.0,0.1188142065595333,7.0,3.3480285411226753,0
186.49610024662252,0.3646050375441866,4.591497435972957,6.263398262591624,1.0,2.0,0.6118229796942111,9.0,3.8932538572278275,1
390.34155852382753,0.1976561346945491,3.628189536197326,4.6443908991413725,1.0,15.0,0.6053229658036623,9.0,3.0235284910606097,0
144.23812029664143,0.5660612912767989,3.6533682259563975,6.206575926724927,1.0,1.0,0.3876136310475571,,3.5457973421905256,0
170.10990467149674,0.2127014778705359,,6.6320017773956295,1.0,6.0,0.1906585971240167,10.0,,0
,0.3177348235421192,4.749889068249292,5.123963979403259,1.0,28.0,0.2438374139564175,8.0,3.688377338329411,1
260.5525932957984,0.4541464829682411,2.8781763436797863,4.919980925828125,1.0,19.0,0.5225401714171376,2.0,2.8227567809369245,0
268.703030556038,0.545266438474012,,6.18826412308259,1.0,4.0,0.4925246592140562,1.0,,0
213.8730222029185,0.6096707303826775,3.464856861221808,5.424950017481402,1.0,13.0,0.2941924385063848,8.0,3.2545892620318666,0
35.69950872695165,0.0540647978366633,3.66466576607689,5.849324779946859,1.0,15.0,0.1513631921658561,2.0,3.490391101981643,0
313.3431532301096,0.4587949191993256,2.570504842291912,5.680172609017067,1.0,9.0,0.4234830041381103,4.0,2.9475571187942626,0
35.3654606981312,0.2797013575382582,3.3880767656140467,,1.0,3.0,0.0819658443386081,4.0,,0
180.26354652390333,0.3072771084580013,5.0,6.326149473155099,0.0,2.0,0.781702019851454,2.0,3.9415044379762385,1
74.5724149980642,0.3262316154908032,4.379076300875503,4.189654742026425,1.0,16.0,0.3637334659039197,,3.2357802497773447,0
143.58616534070077,0.1072252664317329,,6.694562058521095,1.0,18.0,0.4247463119347953,7.0,,0
182.87624103034804,0.3770639818680073,5.0,4.465908118654584,1.0,18.0,0.6812484681140122,6.0,3.5035227419735726,0
182.1357215450273,0.1640530395814309,4.889629522909161,5.986452005284438,,6.0,0.1449792333823536,10.0,,0
192.19207542352848,0.0933073525865855,3.4407146956935835,4.61512051684126,1.0,18.0,0.0903607220589643,6.0,3.0427498889180185,0
311.3711269058647,0.4291885185200311,4.517263543783215,4.74493212836325,1.0,,0.2007543381168304,4.0,3.4902341883988948,0
195.353430151398,0.4391404412077546,2.940600789182799,4.718498871295094,1.0,7.0,0.1348518708924598,2.0,2.864819602883156,0
125.58433647093511,0.4907174735759635,3.3297442837336426,6.025865973825314,1.0,23.0,0.4314518082256137,5.0,3.353367143995929,0
246.4087168288357,0.2337500977315918,5.0,5.5012582105447265,1.0,23.0,,3.0,,0
268.94704889246407,0.5873590601705874,3.528269960130292,6.467698726104353,1.0,14.0,0.1786022545389609,3.0,3.6158971509756306,0
27.23921848630076,0.2735386105587825,1.9302683380450087,4.709530201312334,1.0,29.0,0.0985280497556824,4.0,2.465260785660567,0
209.7400069849858,0.5338089235523403,3.736696777218663,5.869296913133774,0.0,18.0,0.1468384835000497,5.0,3.4261000881275874,0
220.11727423108985,0.4977652419867526,3.721411607085643,6.040254711277414,1.0,7.0,0.3456111931894161,2.0,3.531518817579598,0
120.2436496640008,0.1963923231672812,4.99836856937346,3.912023005428146,1.0,10.0,0.2839454040699249,6.0,3.416165248563843,0
287.57068133116195,0.2069828162119684,3.81433642217576,5.036952602413629,1.0,8.0,0.1231016713002216,6.0,3.3122000153343483,0
134.99444129674734,0.3092807852183382,3.3784176885597077,5.288267030694535,1.0,24.0,0.2683132065384828,8.0,3.184184543324547,0
162.55764534715422,0.6464823574417933,4.845056145231206,4.882801922586371,1.0,14.0,0.2135407205912723,2.0,3.6601548907501393,1
132.69281757161303,0.2201679526464557,3.92079023250111,4.762173934797756,1.0,18.0,0.1432372832920162,8.0,3.268320816781368,0
151.55790475814675,0.3283080109753143,3.0499773184342827,5.8522024797744745,1.0,5.0,0.2364561279581903,8.0,3.2283604457144173,0
40.372491310479816,,4.954997560541617,4.290459441148391,1.0,14.0,0.2264709444276349,4.0,3.523842667675637,0
5.994911740570558,0.2143248981093347,3.993661764516799,5.916202062607435,1.0,22.0,0.4098421919708018,7.0,3.5903568861947903,0
309.45050632249723,0.572961885670593,3.8029259666794375,6.710523109452428,1.0,25.0,0.4237113261968955,7.0,3.7495850542681244,1
65.30386516816722,,3.9779083914116544,5.521460917862246,0.0,22.0,0.3378264674376274,1.0,3.38003633843581,0
50.86076505436928,0.3413790661984561,2.729331628583403,5.648974238161206,1.0,,0.3911919808970817,1.0,3.008186526702307,0
5.0,0.369654005359784,3.2723462238216623,3.0910424533583156,0.0,22.0,0.143352049720812,8.0,2.4075808155919973,0
86.10382523104978,0.4457419178347824,3.803582601832783,6.396929655216146,1.0,10.0,0.1635363130288678,,3.7078046746921838,1
17.69102065925017,0.3298240899255619,3.60533630497532,4.61512051684126,1.0,26.0,0.4542970240068511,3.0,3.0358112722411357,0
314.20151601363693,0.1697069302969916,5.0,5.6594822157596205,1.0,15.0,0.2552851463795221,6.0,3.9467876354519817,1
250.9817089342634,0.5634015339795546,4.017405852727003,7.057036981697891,1.0,6.0,0.5739327884102582,8.0,3.909286877918117,1
81.18496548222762,0.0101963057333092,4.654903922636402,5.605802066295997,1.0,9.0,0.505230892075347,5.0,3.7426560105282904,1
375.24358053443086,0.2497573701349769,3.8093953545758494,5.958424693029782,0.0,10.0,0.3769069402168674,5.0,3.435904161695901,0
248.1765486991594,0.2819693740107148,4.856288483746123,5.176149732573829,0.0,23.0,0.1917100728643751,4.0,3.657018298697723,1
117.51686164913777,0.4025825426863172,4.1975277565731535,,1.0,17.0,0.0228563301447158,4.0,,0
5.0,0.1953829394885756,3.81342048538846,6.173786103901937,1.0,1.0,0.2217775391695721,7.0,3.633148517492051,0
379.0942572590742,0.3993321232692158,3.78671691104098,,1.0,14.0,0.2899516063198223,6.0,,0
11.042753323640396,0.3209957965246972,2.8455613737090366,5.891644211825771,1.0,4.0,0.1322230840513711,8.0,3.1792731962210716,0
5.0,0.3994507004177965,4.306915720136311,1.9459101490553132,1.0,28.0,0.1196789020483245,6.0,2.5826035523614532,0
252.257043200964,0.4488438519283061,3.759795265463621,,1.0,2.0,0.5101360753967472,10.0,,0
393.9752406339273,0.3786139427673283,3.298008039818795,3.951243718581427,1.0,3.0,0.1971699998082579,7.0,2.7651423315402943,0
288.4272818510518,0.4650848299745363,4.906461770812071,5.37989735354046,1.0,28.0,0.2335983906172326,,3.8298342362635203,1
206.390912005236,0.3454895389360209,2.549783974105199,5.60947179518496,1.0,7.0,0.4714413237257325,10.0,2.908466863452421,0
209.4754341665286,0.164556678652816,3.377504104567566,5.214935757608986,1.0,30.0,0.4840864666804401,,3.1186650757736345,0
235.3415558780308,0.1366464192248491,4.827718748779533,4.836281906951478,1.0,,0.6515216527042239,6.0,3.551667741056412,0
,0.367168863065108,4.115522940920253,5.247024072160486,1.0,14.0,0.652413238844997,1.0,3.3898337502472478,0
178.11914239693758,0.1466526371833348,3.7521410723472415,4.718498871295094,1.0,12.0,0.4257766333146395,3.0,3.131250763664497,0
160.4201103951876,0.0395965649163395,4.051003543150147,5.153291594497778,1.0,19.0,0.3499844058268781,8.0,3.3963920144440167,0
143.74068721004775,0.5967975038025918,,4.897839799950911,1.0,29.0,0.5248261456999196,3.0,,0
74.60354111333237,0.6429565418317447,2.2833374537140783,5.5254529391317835,1.0,18.0,0.3283731942076389,1.0,2.805296224383638,0
121.9324923133226,0.1453200747092979,3.4507381146520384,4.406719247264253,1.0,15.0,0.1976443212483229,3.0,2.962782155790427,0
5.0,0.2151998557400064,5.0,7.203405521083095,1.0,29.0,0.6582139318538087,4.0,4.329378869954167,1
140.16603732052502,0.1681349993208284,3.1406758652228324,5.342334251964811,0.0,29.0,0.3339306134767352,8.0,2.9921844989832294,0
51.140889284908255,0.358651512414039,3.4816989858956657,4.174387269895637,1.0,1.0,0.2011041913374403,,2.9047749370594693,0
39.64106827842291,0.1611862119294732,3.2583792366908124,,1.0,25.0,0.2046169315265658,4.0,,0
167.98941511534784,0.1980749629322979,3.7129847766818624,6.403574197934815,1.0,26.0,0.5578174590890798,7.0,3.5947026782353735,0
289.2002286344599,0.423070134880498,3.2168771686757016,1.9459101490553132,1.0,3.0,0.2162589014476802,1.0,2.127272131897339,0
241.8316606002313,0.1016884722738995,4.28674150215806,5.834810737062605,0.0,25.0,0.4837354998366219,9.0,3.568392722014681,0
5.0,0.3039864056944973,3.9973134122902665,5.47646355193151,,15.0,0.4263802978830298,,,0
51.03718634296625,0.0932043709013969,4.573547615107018,4.025351690735149,1.0,4.0,0.2447633082102455,9.0,3.288071891621303,0
244.0771187988216,0.137668594482424,2.7490588338110395,6.236369590203704,1.0,15.0,0.6841909783004636,3.0,3.1336962149254344,0
51.75126064616904,0.0808588600877684,3.4596595171170965,4.9344739331306915,1.0,10.0,0.52602147456197,5.0,3.059001691873652,0
,0.2637039916695148,3.5742773683878646,4.653960350157523,,6.0,0.0831997956098969,1.0,,0
205.0052099024552,0.2999989955419524,4.255646910088594,6.270988431858299,1.0,13.0,0.5464090925911503,3.0,3.7742734750746973,1
53.16555451363647,0.027983500766543,3.006778802792965,5.723585101952381,1.0,7.0,0.2962002340216647,5.0,3.160547004898567,0
160.537550614596,0.2504144814476039,4.715653804258344,6.530877627725885,1.0,26.0,0.152952952746197,,4.114934219471863,1
16.59745050817955,0.0790137076562275,4.986415590517609,5.700443573390686,0.0,30.0,0.2083384994096591,8.0,3.8630316083423177,1
89.86323560487864,0.6539070556854912,2.811127652364416,6.0063531596017325,1.0,,0.456133753105652,1.0,3.135130258205156,0
181.9781934142537,0.4509939487709603,3.309127105106434,6.298949246855942,1.0,1.0,0.0676744712637639,3.0,3.4998007218466034,0
,0.3320008315966244,,2.833213344056216,1.0,22.0,,1.0,,0
,0.4602228572039304,5.0,6.107022887742254,1.0,11.0,0.359944114309412,5.0,4.060118043460793,1
148.03622010733187,0.221385738137877,3.370099894792113,5.655991810819852,1.0,14.0,0.4371547716862766,8.0,3.257406546825546,0
205.2489954417148,0.4197369761582261,5.0,3.0910424533583156,1.0,6.0,0.3261011159302002,4.0,3.1620925128214545,0
172.39141340646614,0.1423201089770203,2.53336800489339,,1.0,5.0,0.2277880823267954,9.0,,0
286.4140429973844,0.2562395342290904,2.8103490338356365,3.2580965380214817,0.0,19.0,0.2056169086666233,6.0,2.2604451932073744,0
162.5224502647907,0.1275728467325538,3.113395468151799,5.991464547107982,1.0,26.0,0.6048456764494079,6.0,3.2218284161032327,0
107.05944588747472,0.753457172358904,2.9543106885534773,5.472270673671474,1.0,19.0,0.3018115650877478,5.0,3.0630431645052836,0
162.22975030322837,0.038261439120839,3.532101265841501,6.825460036255307,1.0,27.0,0.2060720874851271,10.0,3.7192640997161672,1
204.3298029036388,0.0838560409206155,3.091221797278502,4.110873864173311,1.0,26.0,0.1901360224008531,5.0,2.731723673683224,0
154.88600703257043,0.1472667855195153,2.9806584072654263,5.634789603169249,1.0,13.0,0.0799221782267146,7.0,3.1667158082116025,0
154.05916912038825,0.5223169476065463,4.958471996473327,4.276666119016055,1.0,7.0,0.2842584932820524,8.0,3.5095369356377373,0
79.80083121932446,0.2406782064912414,5.0,5.655991810819852,1.0,8.0,0.2340422798470851,7.0,3.949989087276539,1
83.70990824490518,0.1630969819454363,4.749296498375315,5.953243334287784,1.0,14.0,0.4724361729620179,1.0,3.8912043650440578,1
9.739472820030642,0.393665375381138,4.323998955584328,5.953243334287784,1.0,19.0,0.3018693279373031,1.0,3.7551987169326058,1
324.95767431869393,0.7313887034077508,3.892743065779552,6.228511003591183,1.0,19.0,0.4001256666788809,10.0,3.6456253940533996,1
25.61367646087149,0.1980257375725512,3.3029693093340917,6.357842266508099,1.0,23.0,0.1897896419122731,6.0,3.490582475303612,0
80.70948022040926,0.4242647224794804,2.846842495244908,3.2188758248682006,1.0,26.0,0.2845223917305323,3.0,2.347495267212317,0
78.15927344308025,0.4531361097400451,4.162995703432687,4.844187086458591,1.0,12.0,0.2246412708261177,9.0,3.373526153145429,0
239.4924376944441,0.1613738727591765,,5.855071922202427,1.0,23.0,0.5907357531908042,7.0,,0
120.50503217079722,0.0840314113380396,2.8060790708246066,5.337538079701318,1.0,27.0,0.4697076576977473,2.0,2.9297515207006883,0
,0.1731853112218075,4.952913256204809,4.1588830833596715,0.0,9.0,0.5439952916304504,3.0,3.3200311691637356,0
82.65093757561314,0.3488472438861067,5.0,5.488937726156686,,14.0,0.1565205019806656,8.0,,0
177.89941622238018,0.2693332019823317,4.193295138166481,5.056245805348308,0.0,6.0,0.6126802755129315,1.0,3.271655741768498,0
,0.2190969919273949,4.906457152294644,5.003946305945459,1.0,15.0,0.3647834889485743,5.0,3.690810054911781,1
364.5149127773389,,3.5541516825560167,6.210600077024653,1.0,13.0,0.1794822427559381,10.0,3.548944247578615,0
31.24015809704872,0.1465427824388948,2.462325813912316,5.062595033026967,1.0,7.0,0.30768649578264,1.0,2.7421715363164885,0
180.98207102270277,,4.412171618618584,2.197224577336219,1.0,11.0,0.0275075932655753,9.0,2.718534501995184,0
213.37768809320983,0.2266266165038541,4.369289323270063,2.8903717578961645,1.0,10.0,0.3212029516080193,7.0,2.8505866663552712,0
191.37990974514983,0.248131863936149,3.871668553880244,6.366470447731437,1.0,1.0,0.0646057088040756,5.0,3.7456874141107135,1
131.47123411222918,0.0112888868563732,3.5576245418948886,,1.0,7.0,0.4703751424593335,6.0,,0
137.01793002665738,,4.762210578581097,5.857933154483459,1.0,18.0,0.6612497260734889,3.0,3.830014232562779,1
154.38114719791096,0.5184896742641242,2.814266966572525,4.9126548857360515,,23.0,0.1508293382629444,3.0,,0
135.29979983715114,0.4939222160964799,3.0262194211093423,6.731018100482083,0.0,3.0,0.1006274735226869,7.0,3.4096677038838243,0
246.38791167949097,0.4678709132633554,2.791893493239572,5.7899601708972535,1.0,9.0,0.3132893163236306,7.0,3.091087585300279,0
371.0523001591352,0.4445010010555506,3.884972962635827,6.326149473155099,1.0,29.0,0.6384726952765516,7.0,3.62413948794555,0
94.25082149921664,0.2792707649792415,2.7121069878907416,6.077642243349034,1.0,5.0,0.1916854915567656,2.0,3.1697983698496537,0
13.019702042092206,0.459735829054941,3.1157578194847564,4.962844630259907,1.0,23.0,0.0610051214450646,2.0,3.022955492582862,0
141.1717951648745,0.1676482459134817,,5.278114659230517,1.0,24.0,0.1374068999142192,5.0,,0
407.9709337654319,0.4902951539542197,3.5393916676660417,4.127134385045092,1.0,,0.2410054529115675,4.0,2.9056958919976306,0
69.63254320302693,0.1905332437639825,2.312625553596023,4.6443908991413725,1.0,16.0,0.1353988649489413,7.0,2.5912877181910328,0
313.91168054440675,0.4283386564332015,3.887204992037266,6.113682179832231,1.0,16.0,0.0940759566773348,3.0,3.670171459429109,1
317.77008140764406,0.3842155832651969,5.0,6.513230110912307,0.0,12.0,0.6276298705756789,5.0,4.0284430591585565,1
94.64117582920052,0.2470388269276336,3.9354913723167617,5.958424693029782,1.0,18.0,0.1240548582114866,2.0,3.636912985193342,0
206.89830791852756,0.0275779313452715,5.0,5.236441962829949,1.0,11.0,0.1235454735787941,1.0,3.846223494133226,1
312.8396623128538,0.5703076004290429,5.0,3.332204510175204,1.0,17.0,0.1965172275868726,9.0,3.2603579075351865,0
112.08722590125129,0.3629016265021981,4.577735047247854,2.8903717578961645,,7.0,0.2051273510804873,,,0
129.64196398976384,0.2719795197452598,3.8746858426368855,4.948759890378168,1.0,15.0,,8.0,,0
91.83190860513562,0.3206222257281709,3.82250038824544,5.231108616854587,1.0,6.0,,7.0,,0
48.52432693071332,0.068489352792242,4.56379977236326,5.641907070938114,1.0,6.0,0.085075787735267,1.0,3.801076872679685,1
85.0722454933993,0.1451965604342744,3.4083293904959677,0.6931471805599453,1.0,18.0,0.3391356329763884,10.0,1.803448783771093,0
27.60597332377435,0.4890693999611846,1.917479248532536,7.2254814727822945,1.0,19.0,0.3315429717633441,7.0,3.168327546895034,0
153.40834682592262,0.5707999278834134,4.29200405410296,4.9126548857360515,1.0,20.0,0.208485144216474,2.0,3.4489010585187048,0
73.00267689413582,0.1221118822977808,2.668931370065029,6.338594078203183,1.0,19.0,0.1673403914595672,3.0,3.2356826931950535,0
173.37859117907476,0.3199065928897043,2.837858771809615,5.438079308923196,1.0,2.0,0.4284135391187384,1.0,2.9808845935770574,0
5.0,0.2864796801727,3.800223947995788,3.737669618283368,1.0,3.0,,7.0,,0
183.08802322144567,,3.70487512244653,6.173786103901937,1.0,14.0,0.427832640470041,3.0,3.5485193520551848,0
233.35289616089247,0.211067729489257,2.387924393684369,5.918893854273146,1.0,22.0,0.1879993121247742,6.0,2.993238051330737,0
5.0,0.4115860527160597,3.96549156413314,5.41610040220442,1.0,25.0,0.4990057491536491,7.0,3.4112255964838525,0
187.40565698475723,0.4491558671991043,4.7661396608610485,5.37989735354046,1.0,4.0,0.4948785520581273,3.0,3.721449359994932,1
272.7668992473292,0.2679312451907865,2.671658429734217,3.332204510175204,1.0,22.0,0.6361318755350087,,2.2410983498392465,0
29.03589813087946,0.4176680291052987,5.0,5.771441123130016,1.0,17.0,0.3834334334002034,9.0,3.954745650258964,1
317.2572386837703,0.150108946801192,2.239829174870056,6.588926477533519,1.0,28.0,0.1957337520150698,9.0,3.133462862805064,0
191.90190093660453,0.4718291758128962,5.0,3.4011973816621555,1.0,6.0,0.336250444672853,7.0,3.253109125564076,0
79.49881442415912,0.0887966664810343,3.3887395695165163,4.5217885770490405,1.0,28.0,0.6898988556783127,5.0,2.874052629785657,0
144.4230922342294,0.4678561070838936,,6.548219102762372,1.0,19.0,0.3434637052872701,4.0,,0
205.83269125217225,,1.9079664275143295,4.61512051684126,1.0,9.0,0.2284493029023958,4.0,2.4020328654776306,0
157.60053914124114,0.348444069172187,3.7378639335306914,5.765191102784844,1.0,4.0,0.2804797897103386,1.0,3.468606946305662,0
203.87559924463693,0.264080582240048,4.028482177718192,5.438079308923196,1.0,7.0,0.2860619400040478,4.0,3.4856042757634254,0
57.93264069206337,0.1839016666596838,3.713837895900505,,1.0,4.0,0.2862883764526095,7.0,,0
166.9360824036078,0.4106561198518567,3.236918922947626,5.087596335232384,1.0,,0.3057311675044348,5.0,3.059900236247879,0
8.628550309501975,0.059614022899604,2.853435481472185,4.672828834461906,1.0,22.0,0.5785877688475669,9.0,2.7275052891579326,0
138.87739386512996,0.1816274864371022,4.930526619537311,2.70805020110221,1.0,30.0,0.3202311369397783,4.0,3.020579480757632,0
59.60923585352103,0.3745706079748254,3.83080713499795,6.016157159698353,1.0,23.0,0.2100976160963631,3.0,3.5951504786894137,0
76.44700574102335,0.1913520229422708,5.0,6.021023349349526,1.0,,0.0706519339620027,6.0,4.0921766180124575,1
273.6093175210437,0.2121450647221529,3.273517645205077,5.8111409929767,1.0,10.0,0.2636888795799588,4.0,3.3000115800590493,0
259.1310120594269,0.2939671196096951,3.3652053066277827,,1.0,6.0,0.3424258504252592,2.0,,0
210.9138120907177,0.2774911918619605,4.615594244596163,4.430816798843313,1.0,8.0,0.3588236879874537,5.0,3.4037179998939684,0
40.7687235327421,0.0858578762685731,2.177025037996436,1.9459101490553132,1.0,15.0,0.5397142231190882,4.0,1.6466402152913509,0
118.35915503051982,0.2336825500405426,2.586536639847077,6.208590026096629,1.0,13.0,0.6357512697127671,5.0,3.070041409825266,0
271.30976999791835,0.3319202093040391,4.897484971353164,5.313205979041787,1.0,29.0,0.2293085701780115,9.0,3.8070940682181993,1
164.17169136399048,0.4309775708003919,2.6280660707768053,4.700480365792416,1.0,28.0,0.2919147113160721,4.0,2.702987595785233,0
381.9329539981694,0.5405277045945869,,3.4965075614664802,1.0,22.0,0.3421552198992266,6.0,,0
189.3317839394372,0.3624885883346082,5.0,2.995732273553991,1.0,2.0,0.2284607355032869,4.0,3.1530275349655397,0
169.20491164900315,0.0305434397306491,2.4061823521257946,4.859812404361672,1.0,20.0,0.3539436683104834,1.0,2.6496279284967232,0
119.08835357974986,0.681042092567164,3.984119398328169,6.19644412779452,1.0,,0.5983263462123903,,3.6329157284271454,0
163.35409047822824,0.3758984026809143,3.869085192724271,6.6240652277998935,1.0,15.0,,6.0,,0
,0.2120051593270261,1.0,6.5250296578434615,1.0,7.0,0.4891453659323049,8.0,2.5596798241665772,0
220.81086766885903,0.238406194993287,3.532682976832191,6.630683385642372,1.0,24.0,0.1434265291686892,9.0,3.6735929005918497,1
245.6702316794584,0.3456372210602896,4.24841324947911,6.5722825426940075,1.0,26.0,0.232191564264621,4.0,3.9246117497469224,1
71.40105394920505,0.1365163578317487,4.1543093815188605,5.41610040220442,1.0,,0.4977722743838583,6.0,3.4869994183920987,0
16.8767046442222,0.121646169029237,4.703520683803501,4.31748811353631,1.0,10.0,,3.0,,0
5.0,0.2600905647766108,3.412508685094566,6.173786103901937,1.0,15.0,0.1989637122880926,9.0,3.477346562750789,0
200.7991326912544,0.6852982278784152,4.51250444209216,4.290459441148391,0.0,5.0,0.3646682394362504,8.0,3.219205961294131,0
39.66333938261264,,3.110670931919928,4.543294782270004,1.0,27.0,0.4969724790919811,1.0,2.807862311630576,0
5.0,0.1258683129842543,2.3895325835872248,4.382026634673881,1.0,,,,,0
188.8578604530964,0.0136657965330846,2.5022716243187677,5.384495062789089,1.0,11.0,0.4303884438335233,10.0,2.830179479797529,0
399.2999517432791,0.1170329664682772,2.337889544804585,4.762173934797756,1.0,8.0,0.6567862799580257,9.0,2.532450742369556,0
149.39290884601067,0.3327911607805335,4.809585967891193,3.9318256327243257,1.0,21.0,0.4022230072965591,10.0,3.322937475514463,0
233.8490774451642,0.2075761831155614,2.2854264909414432,5.204006687076795,1.0,8.0,0.3611106369999136,3.0,2.703150475099633,0
158.1829358547565,0.4594507351363558,4.074038840649303,6.432940092739179,1.0,30.0,0.4571817546542534,3.0,3.7680612131506246,1
,0.1414921304964479,3.534075805927567,5.537334267018537,1.0,6.0,0.2240752392390873,10.0,3.330015554628771,0
241.90764829877685,0.2540865767300138,3.697351426549368,6.448889394146857,1.0,15.0,0.3103827138762197,9.0,3.6515308460885603,1
120.97254558113488,0.5067721582223921,5.0,4.189654742026425,1.0,15.0,0.0955973647568853,3.0,3.5377769496565508,0
176.7392314071903,0.1377039234197827,3.3615726327847266,4.007333185232471,1.0,5.0,0.4265334629586257,10.0,2.761522316091907,0
182.16978061960137,0.179715216973904,4.411601561549683,5.552959584921617,1.0,13.0,0.2751521090936742,5.0,3.675498078277624,1
83.19095463569512,0.2464218506051932,3.837563351381112,5.231108616854587,,14.0,0.1895047439981738,6.0,,0
249.20423495365227,0.316621337389868,3.647981094367302,5.780743515792329,0.0,11.0,0.6322169785771609,,3.2669720967691873,0
132.50402433045917,0.263497431819295,5.0,6.163314804034641,0.0,20.0,0.2815220298388039,10.0,3.992690035242631,1
74.42548405071553,0.0623109407455336,2.35865825428463,6.035481432524756,1.0,21.0,,8.0,,0
203.6509843570404,0.1343210624648833,5.0,6.752270376141742,1.0,12.0,0.5146597639184628,,4.22274916005883,1
60.15320182089627,0.2198364844037171,4.456406565489972,5.030437921392435,,20.0,0.2056936275374818,6.0,,0
,0.2066498134671736,3.320475005368216,4.2484952420493585,1.0,1.0,0.6923018279934188,2.0,2.7642782091634106,0
149.08810033557964,0.488146500186233,5.0,5.484796933490655,1.0,3.0,0.1812964308016103,9.0,3.909179793886874,1
258.5895565831578,0.5758705082513509,1.9518898876114632,3.58351893845611,1.0,8.0,0.3063486829555195,6.0,2.0945418999903143,0
197.46982328799527,,3.2782333427009283,4.634728988229636,1.0,23.0,0.1861329429477943,9.0,2.9644854449597036,0
147.4973041254856,0.1231098603773249,2.5915177957309234,4.2484952420493585,1.0,12.0,0.3850482033208569,4.0,2.534146050243006,0
231.7766299200287,0.5340564936477953,4.21208346487146,5.0238805208462765,1.0,15.0,0.4099853416129941,3.0,3.4100004738798684,0
289.0207549017313,0.3000233642650844,2.6869358988128225,3.58351893845611,1.0,23.0,0.4691570643483077,2.0,2.3559986281923004,0
205.78103063518623,0.203035997894286,4.233063946741319,2.3025850929940455,1.0,27.0,0.0557404630119647,8.0,2.672853013992348,0
151.03526198433806,0.2610230477770125,3.6135635841784457,5.771441123130016,1.0,3.0,0.3752597220467415,4.0,3.4018058262010347,0
18.816376764984057,0.3491495938444784,3.3206460573439154,5.645446897643238,1.0,25.0,0.2747948889395652,2.0,3.2669335144426244,0
43.48863369246274,0.544808127323102,4.188647246033311,5.91350300563827,1.0,22.0,0.2661226109142026,9.0,3.696285277921965,1
119.47752956453324,0.4105295472785979,3.5313783760619355,5.780743515792329,1.0,8.0,0.3644183737794666,8.0,3.37389073040658,0
89.04877978407168,0.0265922384917276,2.7113651569409614,3.6109179126442243,1.0,24.0,0.0896168839204576,5.0,2.44989805978556,0
131.3028697014554,0.5846196094727675,5.0,4.6443908991413725,1.0,19.0,0.3965515871879143,,3.614006952304829,0
155.66499248971073,,3.312832816970855,3.737669618283368,1.0,20.0,0.3001439750619091,5.0,2.6864052172609707,0
202.96927543567307,0.3619976181916694,1.582390919847985,6.320768294250582,1.0,30.0,0.2176162461909905,7.0,2.7856636069761707,0
,0.4445216476099797,2.957901310278612,6.023447592961032,1.0,6.0,0.2890134708847028,5.0,3.232392107822814,0
,0.415854715189363,2.5327233116272696,4.219507705176107,1.0,18.0,0.4535552869904931,5.0,2.4882305788056414,0
156.44744148101202,0.0884106740110765,4.626145616040516,4.836281906951478,1.0,28.0,0.5544672708456381,4.0,3.490449364332522,0
5.0,0.4715625233688157,4.121652659591586,6.927557906278317,1.0,28.0,0.3471535227148546,5.0,3.9574977311771584,1
56.066460618124566,0.3368306036494141,4.198712801790344,,1.0,11.0,0.0833062059534719,7.0,,0
135.59124442783846,0.1945749280420154,3.4299775341627554,6.184148890937483,1.0,12.0,0.246769067627799,,3.4778818674207876,0
29.03052571588924,0.1508800538834468,3.5206497529430782,4.532599493153255,0.0,23.0,0.3647270685761206,4.0,2.895094335407984,0
209.9928729996205,0.3404639347063897,3.4290688963923315,4.2626798770413155,1.0,2.0,0.0816512017414579,8.0,2.934101281321036,0
303.07508323436974,0.3587216001547413,3.71880681586453,6.13122648948314,0.0,27.0,0.544433672877947,6.0,3.418003938615165,0
271.8761851697317,0.0851464679826618,4.635333435364835,5.8522024797744745,1.0,5.0,0.1590029255788123,8.0,3.877993532962514,1
128.6557129069792,0.3699980733267337,4.136075412505346,5.8377304471659395,1.0,28.0,0.3330877856564518,2.0,3.63913174202063,0
299.0726136849952,0.44797171299013,4.300112829620867,5.488937726156686,1.0,4.0,0.7536391294133629,9.0,3.51599862381268,0
,0.0767093048396633,4.299558908249202,5.517452896464707,0.0,9.0,0.4115738672922448,7.0,3.4927446587806443,0
116.29140288819607,0.4168198571040247,4.684442437381738,5.991464547107982,1.0,13.0,0.341114461345158,5.0,3.902993446816058,1
88.65973364590602,0.4641720514463859,4.088150041540255,4.553876891600541,1.0,,0.0535229570514893,7.0,3.2907184926859663,0
119.75303135118716,0.1989742861771029,4.158848072678919,4.875197323201151,,15.0,0.365127879337384,2.0,,0
111.18231814587712,0.639928882421978,,6.423246963533519,1.0,2.0,0.2617319077601359,4.0,,0
167.04162223754878,0.1547884373926439,3.134954081996888,4.709530201312334,1.0,23.0,,7.0,,0
166.05739810498645,0.2059476932547254,2.944257420048493,5.472270673671474,1.0,13.0,0.1933630394357636,2.0,3.0807115622336867,0
150.30460201534146,0.1557324508881387,2.614078400813144,5.8971538676367405,,7.0,0.3908666244570911,8.0,,0
193.69381697463496,0.5888845644749964,3.982914563620256,7.954723334497908,1.0,23.0,0.6622146860649427,,4.147139888584485,1
269.0646274786341,0.233807017513902,1.9462677587808763,5.147494476813453,1.0,17.0,0.1765937921784372,10.0,2.587436688120699,0
244.9554135441324,,4.262154096059677,5.123963979403259,0.0,8.0,0.3138464916907791,5.0,3.3792815339066933,0
5.0,0.1286186974442298,3.6908069054994472,6.318968113746434,1.0,18.0,0.3327952358924673,5.0,3.6054541491452157,0
5.0,0.5364299550377335,4.934639699821057,6.198478716492308,1.0,15.0,0.5860860507645478,8.0,4.016182284723206,1
243.4319911239274,0.1572020883578299,3.128082689535009,5.976350909297934,1.0,15.0,0.7348046904023254,1.0,3.1971774105229187,0
13.312130158457904,0.1727321811927743,3.596681714582493,5.231108616854587,1.0,5.0,0.1269410107515432,6.0,3.2826170687390643,0
127.52345981073164,0.0389142920381068,4.922203333293369,4.770684624465664,1.0,2.0,0.2481998275612148,2.0,3.650446755144804,1
32.98869739406405,0.1627240473743525,5.0,5.641907070938114,1.0,16.0,0.5273905992268968,1.0,3.8870940014360547,1
5.0,0.0836483038044846,3.11984763424818,6.44094654063292,1.0,29.0,0.2331703703220912,7.0,3.43358894182473,0
204.1462728204788,0.2545511208694632,3.98178123258716,6.470799503782602,,5.0,0.5253529436927291,4.0,,0
225.91551603026468,0.4015869776065282,4.094418977684048,3.5553480614894135,1.0,23.0,0.2092450830811696,1.0,2.9625229929042094,0
,0.1886656904467183,4.173653405621148,5.123963979403259,1.0,6.0,0.2124593735622985,10.0,3.4641586813569774,0
5.0,0.2076674143557029,3.5374243406843777,5.236441962829949,1.0,29.0,0.2201451878578625,6.0,3.2418732875511638,0
95.37555517475172,0.1081014794842698,5.0,7.038783541388541,1.0,12.0,0.3003766525753365,10.0,4.351559731901495,1
,0.5902607848461704,1.9102965163784544,5.828945617610207,1.0,5.0,0.1891032989243516,6.0,2.7749816320495735,0
5.0,0.5259796292366464,3.378869765198916,5.056245805348308,1.0,20.0,0.1497517780094578,3.0,3.1384712920821674,0
168.33599197791557,,,2.0794415416798357,1.0,8.0,0.1405108076603228,6.0,,0
148.46901508270045,0.3922349105705297,4.257224811949343,5.521460917862246,0.0,11.0,,10.0,,0
207.92914996010884,0.1112940370039251,5.0,3.4339872044851463,1.0,14.0,0.3692055745287529,9.0,3.2563550464397935,0
161.95803684141532,0.3473639010928386,4.998225393201286,6.2915691395583195,1.0,24.0,0.232107646921462,6.0,4.140339369763717,1
52.693105911844455,0.3295858224261463,3.514458374692776,6.037870919922137,1.0,17.0,,1.0,,0
269.6571501664491,0.359880432908147,5.0,5.225746673713201,1.0,10.0,0.421075096934609,10.0,3.7835089827270387,1
134.147042697303,0.0338837471834879,3.085958256222545,5.1298987149230735,1.0,2.0,0.1626541306814683,6.0,3.0408220908296464,0
147.2695460490068,0.1627763085963834,4.730887382791837,6.52649485957079,1.0,3.0,0.3336674559186672,8.0,4.083569919804238,1
56.67320409268039,0.1063373522001134,5.0,4.634728988229636,1.0,13.0,0.2782192131142393,7.0,3.6347748538460434,0
105.67177488084896,0.1551487850207681,5.0,4.454347296253507,1.0,17.0,0.4022873343098005,8.0,3.555846722014092,0
,0.1927539832261751,3.905770383524123,6.734591659972947,1.0,27.0,0.0897049903624675,8.0,3.8647446533290397,1
132.7053940076577,0.2800948577628053,3.4682212282278777,6.210600077024653,0.0,3.0,0.356894846430578,,3.379089545112431,0
321.1708480142344,0.3514695705879277,2.271408703740714,6.246106765481563,1.0,10.0,0.3171147277760891,3.0,3.018972565585537,0
12.809885706864378,0.5224220920136249,4.110539637914204,4.189654742026425,1.0,28.0,0.0738711439658267,7.0,3.1863380489804443,0
5.0,0.1364126229199172,2.684782772029081,3.8501476017100584,,8.0,0.087456079471348,,,0
297.1170327493609,0.4046162659067748,3.006865336386063,2.0794415416798357,1.0,4.0,0.0730091083897432,2.0,2.1119767753804277,0
129.0676322848134,0.2716328618851711,2.6092541992633285,4.406719247264253,,13.0,0.1047143906251043,5.0,,0
83.09272613400834,0.0473550218340908,3.339607667343345,6.102558594613568,1.0,29.0,0.3443023713254853,3.0,3.397750171056311,0
253.99046873960765,0.2953528753343766,,4.418840607796597,1.0,7.0,0.4953704088754398,5.0,,0
,0.501248339082625,4.073614581165705,5.971261839790462,1.0,7.0,,9.0,,0
332.6009713546936,0.4858502070448036,3.1994933645860364,4.477336814478206,1.0,16.0,0.6120690774126444,8.0,2.800584574695348,0
217.7925871339269,0.2197135313715548,4.869283706395184,5.017279836814924,0.0,27.0,0.1235271670146309,9.0,3.628192000199625,0
101.20885918542972,0.2537504534002289,3.591794742010034,7.111512116496156,1.0,5.0,0.3809881459633885,9.0,3.793973902560183,1
365.7308213265503,0.3985891943176731,3.0122775667344808,,0.0,28.0,0.3280899569834845,8.0,,0
89.42850769966617,0.3642702929704493,4.026292267243436,4.955827057601261,1.0,17.0,0.4237810010357519,8.0,3.3125088239706026,0
224.2095372009307,0.3043079001079424,5.0,4.68213122712422,1.0,10.0,0.1059174497365234,6.0,3.6834558781899616,1
,0.1883311295010069,4.135160566535117,3.5553480614894135,,4.0,0.2066214400326232,6.0,,0
280.1741289398798,0.4520658278042114,3.437144372626393,5.308267697401204,1.0,,0.3321794951065857,6.0,3.2009021592496016,0
306.15111967268524,0.1808939135249467,2.272538643881296,4.962844630259907,1.0,14.0,0.2201903779492868,10.0,2.6538307710406333,0
153.20041490657667,0.4439821996140161,3.5805876790279294,5.877735781779639,1.0,5.0,0.1120451915381644,6.0,3.4731467678374304,0
74.65821296538165,0.1115223530543981,4.034928125088116,6.236369590203704,1.0,,0.152886038998886,9.0,3.75430491929658,1
195.99721429391164,0.3755998873241692,3.4124191087444298,5.46383180502561,1.0,14.0,0.0869751143599459,10.0,3.286722162133466,0
82.22846302478939,0.1066966228665841,,2.3025850929940455,1.0,24.0,,,,0
351.3387247526623,0.4280112495481197,2.949434610496566,5.66988092298052,1.0,18.0,,10.0,,0
163.6535331082737,0.5276909753362007,5.0,2.8903717578961645,1.0,27.0,0.1427119106158733,6.0,3.138569145245675,0
113.46784486878911,0.2735065243207715,5.0,5.662960480135946,,24.0,0.1542178248643398,8.0,,0
168.46803058649084,0.3682565543636485,2.9133608307954018,5.849324779946859,1.0,29.0,0.1475654067828209,1.0,3.190628684945654,0
15.287371047030348,0.5020573965730817,4.472756787199422,4.204692619390966,1.0,11.0,0.5234885772669282,6.0,3.2458127852436727,0
52.83859614893484,0.4732991645666849,2.621427215229826,6.242223265455165,1.0,16.0,0.0813891885602924,9.0,3.2049600280164214,0
270.0413907944425,0.1554975214030281,5.0,6.588926477533519,1.0,18.0,0.1847955855962845,6.0,4.239718826140798,1
84.31057210286042,0.2233239186679817,,6.222576268071369,1.0,27.0,0.2200454485415142,2.0,,0
45.308901731806046,0.5626481648234721,4.749641498616533,4.700480365792416,1.0,16.0,0.5920555979126109,1.0,3.4915895896018165,0
203.66527525272863,0.2609172476263037,2.0849066528174607,5.583496308781699,0.0,21.0,0.0421601993987265,4.0,2.700579513881749,0
268.57041546629966,0.3653967323356238,4.477637101924888,6.6052979209482015,1.0,4.0,0.2021800858882408,6.0,4.032208199876767,1
221.89533106650669,0.200105295485411,3.792325936315496,4.7535901911063645,1.0,1.0,0.1735802589640826,,3.2082913800652917,0
249.60476858058163,0.2790882966522514,4.6519290707908425,6.244166900663736,1.0,14.0,0.2847376663547938,10.0,3.9770741652444994,1
74.32049114305393,0.5845293062890545,4.714867798097849,1.0986122886681096,1.0,,0.520903899868673,9.0,2.411350025865838,0
7.818933325815635,0.2186715928824578,3.865784689474749,0.6931471805599453,1.0,24.0,0.4658281255686871,5.0,1.961092404844146,0
300.13336519554866,0.2737280175593227,3.199170360904085,6.059123195581797,1.0,10.0,0.485348272004451,7.0,3.3003354486352827,0
117.73201611578642,0.2355719729700192,4.579696182179494,6.063785208687608,1.0,28.0,0.0937414923180158,6.0,3.932265737014477,1
124.91669835449528,0.4487472958257429,3.739845500594872,6.1463292576688975,1.0,19.0,,6.0,,0
282.8194141849058,0.3416095459898453,,6.682108597449808,1.0,29.0,0.3863765969007385,9.0,,0
205.623000940066,0.1885363008476477,2.879847768542314,3.6375861597263857,1.0,4.0,0.2717608989070089,,2.48886277555344,0
195.5887772081608,0.0697274072743297,2.322835583687618,4.382026634673881,1.0,20.0,0.0992912316978476,2.0,2.523883977537642,0
366.5002344901084,0.2870037697969431,3.289708840436937,6.555356891810665,1.0,,0.2578856613480145,8.0,3.5309134714483714,0
85.6481769619857,0.4231623401429899,4.902692046074378,4.07753744390572,1.0,3.0,0.316591979773525,3.0,3.4210196556467625,0
242.7840128081237,0.2544463113452371,3.977829799705434,5.840641657373398,1.0,25.0,0.2103658522749449,9.0,3.601251246639204,0
155.70131248970844,0.3667331463052714,3.2702322940769597,5.424950017481402,1.0,,0.7024630129136304,5.0,3.0950853202924784,0
176.8592278863257,0.2709725560304517,4.60485593818008,3.295836866004329,1.0,30.0,0.1804623599442845,1.0,3.094600963084474,0
302.84684264125315,0.4014667875987283,2.967523378276611,4.61512051684126,0.0,26.0,,4.0,,0
200.7835756289624,0.4634281692866867,3.8953502743327775,5.3981627015177525,1.0,15.0,0.440379525244099,9.0,3.389513015139617,0
203.8296079049633,0.0532946450782907,3.620369627274485,6.352629396319566,1.0,11.0,0.1619735673835608,1.0,3.6215419563289513,0
257.2507337309802,0.2216669158299189,4.579130625588352,5.910796644040527,1.0,16.0,0.7920319189788237,,3.7464848596517344,1
113.50472704571146,0.2266136770072683,2.222771629080499,,1.0,27.0,0.5522446018374136,8.0,,0
66.07903326609936,0.2584065917858716,2.949802254185344,5.327876168789581,1.0,,0.2419604642097954,9.0,3.029891659469053,0
45.51908059789665,0.1390826368336938,2.1617543409054663,4.672828834461906,1.0,6.0,0.3274924028010658,9.0,2.501051906140545,0
5.0,0.3297479813202082,3.54040327819073,3.6635616461296463,1.0,8.0,0.4403436233997381,6.0,2.727161080435238,0
355.6207129940322,0.1700436634781091,5.0,5.062595033026967,1.0,13.0,0.1695643163137303,5.0,3.7848656466453443,1
39.67916342783168,0.2847728657807562,3.2945527903464726,2.197224577336219,1.0,23.0,0.466738111905966,7.0,2.1836408669582617,0
127.8746376414228,,3.289316061804349,4.276666119016055,1.0,20.0,0.0652141645496078,9.0,2.8856834275166343,0
122.31867001110794,0.1159620681203524,4.671724424184136,5.135798437050261,1.0,4.0,0.1464193089941528,5.0,3.680145438989902,1
180.74066978091008,0.2073025882078416,4.8685495584553,5.093750200806762,1.0,5.0,0.2638625295659043,3.0,3.7227723777109674,1
231.57372125392968,0.3999177556169166,,2.6390573296152584,0.0,10.0,0.2329006917692306,9.0,,0
236.04734883597453,0.1793597733669717,4.4847148540498925,5.58724865840025,1.0,5.0,0.2473785254268629,10.0,3.7205848340546592,1
91.69225614310616,0.3427534790156331,2.723045459122053,5.480638923341991,1.0,12.0,0.1861796455470999,1.0,2.996173931541999,0
133.28782862135884,0.2782214779492352,5.0,3.2188758248682006,1.0,1.0,0.1488328975212866,1.0,3.235896167956203,0
178.25799504882997,0.0523501512425676,,6.7580945044277305,1.0,29.0,0.3906572687035559,10.0,,0
125.1308873816453,0.0621503949558326,,3.4657359027997265,1.0,24.0,0.2060621877091307,4.0,,0
310.73455760199926,0.1139123766060698,1.7156683786571991,6.361302477572995,1.0,10.0,0.4029859319865644,2.0,2.8140609083374652,0
199.09749516382516,,3.2417697376022154,0.0,1.0,29.0,0.0765191704996639,7.0,1.5814040609409536,0
223.4877786049817,0.7352244450116939,4.412825321669321,6.464588303689961,1.0,5.0,0.3501524265103002,2.0,3.9344761344726566,1
216.2881268667413,0.3847735905736189,3.378517002833637,1.791759469228055,1.0,19.0,0.0361988007804322,7.0,2.1816948817457846,0
267.3473857485325,0.2315485497660847,5.0,6.05443934626937,1.0,19.0,,8.0,,0
168.1021558703707,0.2378691993758442,4.388157264435865,4.90527477843843,,20.0,0.2296231426707001,8.0,,0
20.316805204415346,0.2040041905022354,3.0935244992342037,5.998936561946683,1.0,12.0,0.260065971188317,3.0,3.285077574040023,0
189.96879517526415,0.4191585358209164,3.8322648107712527,5.043425116919247,1.0,,0.2810140625004516,9.0,3.289730646884185,0
84.8643106208171,0.187979688227675,2.90616677936091,3.1354942159291497,1.0,16.0,0.0811543601914986,10.0,2.386884104484809,0
97.13833182502432,0.2443242886051155,3.617415121587558,6.0822189103764455,1.0,5.0,0.4287132443058054,10.0,3.4858890728867955,0
208.6364018755093,0.3970802845779711,3.245406759567448,3.1354942159291497,,17.0,0.1293842369648234,10.0,,0
273.8283071433636,0.22078531761749,4.974761800233038,6.641182169740591,1.0,14.0,0.2506393130162705,6.0,4.232131508412138,1
152.12715767360618,0.0770504232283455,5.0,2.772588722239781,1.0,12.0,0.1121554493624588,4.0,3.109345526799443,0
180.8833012598964,0.5512016763768751,2.368811666764248,5.278114659230517,1.0,13.0,0.4504551633580588,8.0,2.7408680318032426,0
,0.3046329519476903,1.876783713790248,5.955837369464831,1.0,21.0,0.2321607917809662,4.0,2.7910325379993552,0
174.07531794885682,0.3881095697886813,3.5548275781486143,5.0106352940962555,1.0,14.0,0.2225458132600103,4.0,3.1806124568363203,0
410.1683114180395,0.3827938983129327,2.2815843011713173,4.304065093204169,1.0,5.0,0.2175481771742256,8.0,2.4603436129949325,0
206.5509645631544,0.4272034602218528,3.846211603670917,6.059123195581797,1.0,22.0,0.5531220642395543,4.0,3.545597187294995,0
5.0,0.1243320176832481,4.548936113805927,6.133398042996649,1.0,30.0,0.2663960137171972,1.0,3.906314655677926,1
225.33416211045324,0.0932996632793853,5.0,6.643789733147672,1.0,23.0,0.5719260549379445,6.0,4.178751708956713,1
188.11583848827777,0.5549327567438236,4.001394558715281,4.955827057601261,,5.0,0.3425155790499592,8.0,,0
278.97527540827457,0.3221277308196948,3.606844775150421,5.356586274672012,1.0,29.0,,3.0,,0
217.31813512699583,0.0064760300534954,1.821615083426916,4.9126548857360515,1.0,27.0,0.4098173246215331,2.0,2.4204790341672755,0
136.15440160162262,0.3239016392362895,3.826185149185798,4.499809670330265,1.0,30.0,0.6970666430406778,6.0,3.0410036321652636,0
27.570176371063425,0.1070527778737008,3.8712872605494617,6.035481432524756,1.0,,0.1411866652332994,1.0,3.630922000930552,0
129.09767427139747,0.1737916178922394,4.438956814212745,4.828313737302301,1.0,14.0,,5.0,,0
64.94795457906999,0.2833591800431042,3.091511898470909,5.123963979403259,1.0,18.0,0.1084666990907431,6.0,3.0521006133911928,0
91.94765501952772,0.1837939558447532,3.36494739976414,5.049856007249537,1.0,29.0,0.1841770256460059,8.0,3.1241003569513164,0
208.85784044206096,0.5524445878734532,2.321997744695816,5.926926025970411,,,0.4279872943524045,7.0,,0
316.9904504351406,0.084852747405038,1.5087071931159346,6.620073206530356,1.0,1.0,0.2164231568711499,6.0,2.8462202078312506,0
189.4671529822981,0.3730963844525068,2.691502909203217,5.799092654460526,1.0,7.0,0.4818856227746446,2.0,3.019951835464516,0
30.41169379648156,0.2701849432141032,,5.2574953720277815,1.0,29.0,0.6949737453942924,8.0,,0
194.4602668220141,0.1073284828231535,4.136712295420611,6.118097198041347,0.0,17.0,0.1896857481068694,8.0,3.6521769279592746,1
269.66314866456514,,3.2818659433331425,5.730099782973574,1.0,3.0,0.449034746711826,5.0,3.241969362882964,0
89.02170956806178,0.3126394286296138,3.2617628699252106,2.9444389791664403,1.0,10.0,0.3243830803211528,3.0,2.4231602256557863,0
136.59828333270823,0.0741397805090498,2.815586953824788,3.4339872044851463,1.0,7.0,0.2447279230575612,8.0,2.4074853582639473,0
151.4688194729197,0.3752323149650403,1.0,2.4849066497880004,1.0,27.0,,5.0,,0
71.510168691776,0.1830792903943381,5.0,5.214935757608986,1.0,28.0,0.2564007752113295,3.0,3.8132005722404303,1
214.82804338438592,0.5372939560911973,,6.263398262591624,1.0,12.0,0.2579750821056372,9.0,,0
137.90518513922186,0.4083237876798921,3.3875799301500926,4.727387818712341,1.0,22.0,,9.0,,0
191.9532443907028,0.3015094176135154,2.345107834710689,,1.0,,0.3826115443223774,7.0,,0
61.25078221978998,0.268776663673572,4.7719303434406335,6.580639137284948,1.0,23.0,0.2769895862258992,,4.127565961316558,1
106.25416996765895,0.54342060898865,3.943428937037324,6.300785794663244,1.0,21.0,0.7010490911164533,5.0,3.6273974949906123,0
222.23813578277716,0.2207502896663823,2.973634714734131,5.796057750765372,1.0,16.0,0.0742248665423143,5.0,3.2134262378148013,0
112.71668479082332,0.0364518523866052,3.407770388655976,4.543294782270004,1.0,8.0,0.1472680747923347,5.0,2.996642975184925,0
322.6963851233405,0.300411123422785,5.0,3.6375861597263857,1.0,6.0,0.2027809768438969,2.0,3.3507196525491367,0
110.03638143853976,0.3569831083139295,3.7270305681187215,1.6094379124341003,1.0,28.0,0.4794769579995102,3.0,2.1777482093778167,0
172.4684725751886,,3.618266462384094,3.526360524616161,1.0,4.0,0.2910071910323846,,2.7470133041320093,0
243.259083187309,,2.8586185138607347,4.6443908991413725,1.0,30.0,0.0838478486485102,6.0,2.8199951055570036,0
8.16342670669684,0.2708876699100109,1.905418849527697,5.484796933490655,1.0,,0.4646587969589645,9.0,2.6146748604664825,0
5.0,0.0419477475190485,3.639961326420656,2.995732273553991,1.0,17.0,0.3051479574965344,7.0,2.593674621135153,0
5.0,0.4819352936103068,4.1254851123246175,3.784189633918261,1.0,2.0,0.3668533308887657,6.0,3.0120802689275727,0
276.2584103427182,0.2696004228655628,4.89958446432767,4.0943445622221,1.0,28.0,0.1021332215619014,4.0,3.467710510085318,0
94.81418541075531,,1.5515034655003443,5.703782474656201,,6.0,0.280369944566842,7.0,,0
405.8199285668253,0.4688335591908051,2.67490367297697,5.6594822157596205,1.0,4.0,0.1636610181857631,4.0,3.035073930281522,0
93.57524013426114,0.2541619893693439,3.2192589094435498,5.484796933490655,1.0,3.0,0.3004160642644969,7.0,3.173059430971717,0
168.4551303197037,0.1387742557675223,3.796519151426798,4.465908118654584,1.0,7.0,0.2182894493830382,5.0,3.114722206290487,0
304.2109952567876,0.3427850749060063,3.6549663084715776,4.941642422609304,1.0,7.0,0.3395126249648055,2.0,3.1765767251784616,0
350.6092888159123,0.4582060243430688,3.6783113143127295,3.4339872044851463,1.0,16.0,0.5356065305910402,7.0,2.694399380952428,0
356.1503576636398,0.1064068212421735,4.208096058569945,4.356708826689592,1.0,2.0,0.3545049223717745,8.0,3.219350086960501,0
270.8366230593142,0.1009320689838348,2.8967068892208907,6.52795791762255,1.0,8.0,0.2333640318808655,10.0,3.3703973245989483,0
252.40625258114625,0.4969891538381852,4.734141442233694,7.064759027791801,1.0,15.0,0.229372342857299,2.0,4.267209816659558,1
209.2526949201183,0.3500545219786257,4.23345244169948,5.746203190540153,1.0,27.0,0.0885645052210681,6.0,3.6995290327976247,1
227.83610761666375,0.3071948833327905,3.4801677358719205,6.616065185132817,1.0,16.0,0.615062075531963,4.0,3.5538742347822208,0
94.88142836714668,0.2296734213820881,5.0,5.733341276897745,0.0,1.0,0.2039378768924973,5.0,3.8792148076908237,1
68.18011165776929,0.4628837200078556,5.0,2.3978952727983707,1.0,27.0,0.3011639114448021,1.0,2.9591357995505505,0
149.6625542589048,0.1573148846890934,4.732895355193809,7.450079569807499,1.0,10.0,0.6963914424919079,6.0,4.288903724521391,1
132.98153774750716,0.1532323238045852,1.0,3.4657359027997265,0.0,7.0,0.689893952041743,8.0,1.5017419804315695,0
104.67719506727248,,5.0,,1.0,16.0,0.5310383892759784,2.0,,0
219.63874474567157,,4.594758522471934,4.477336814478206,1.0,10.0,0.2805073466635096,1.0,3.4250029839995335,0
245.53052085705107,0.2258257186808908,5.0,,0.0,12.0,0.4779142312988794,9.0,,0
158.84068862918474,0.7948839089703768,5.0,5.7430031878094825,1.0,17.0,0.1732083629274736,2.0,3.9882592837573503,1
297.7530081055262,0.3152446067073675,5.0,5.153291594497778,1.0,13.0,0.106342171078735,8.0,3.824719044133587,1
35.8310885866495,0.3685319696129212,4.678654850180379,4.465908118654584,1.0,12.0,0.6721643659632055,5.0,3.3768015024758857,0
130.6340540720282,0.1415423290755945,5.0,4.812184355372417,1.0,15.0,0.1492619176690194,2.0,3.7138029230779215,1
78.3177679397195,0.3618737681033426,5.0,,1.0,14.0,0.1202971279229583,5.0,,0
5.0,0.2380683705260498,4.016554738378206,6.8679744089702925,1.0,19.0,0.254827081837603,9.0,3.91604880167485,1
141.7319314157301,0.204205808412668,2.2277694559218704,6.175867270105761,,19.0,0.5620190770744804,6.0,,0
137.82524916167165,0.5050040708327036,3.4925390999848576,5.220355825078324,1.0,26.0,0.3085236857970682,3.0,3.201417650358027,0
301.3449743242131,0.4198707864938515,4.189945599383437,4.204692619390966,1.0,14.0,0.0915479993754998,8.0,3.219076425695565,0
213.08116845547772,0.1848673399341691,3.8748875843715576,6.214608098422191,1.0,18.0,0.7009524568306132,1.0,3.574146971909158,0
47.58131756707951,,2.5534380338405733,3.951243718581427,1.0,30.0,0.5395234145451299,9.0,2.398843646201631,0
335.40925663341886,0.5555536043507401,2.1689323748050207,4.2626798770413155,0.0,26.0,0.5021329197871888,9.0,2.245950329076965,0
272.1033695525353,0.6206594596247637,3.0588373313651704,4.919980925828125,1.0,29.0,0.604717625191584,4.0,2.878585685256189,0
208.2097703468616,0.3326109293853477,4.607739555984151,6.456769655572163,1.0,5.0,0.2467999750305821,8.0,4.030766724059193,1
,0.4655578011923071,5.0,3.7612001156935624,1.0,20.0,0.5382532587164152,3.0,3.3207093829647856,0
54.05607632765202,0.3877404209076229,4.716567613777701,3.6888794541139363,1.0,29.0,0.3925828664859601,6.0,3.2147743084480696,0
112.7793223928947,0.2838027171456893,4.857427287114136,5.323009979138408,1.0,6.0,0.3968756830117744,10.0,3.7604987719848224,1
258.8748619704186,0.180277709612268,3.719184426836442,4.584967478670571,1.0,18.0,0.1426298323633262,10.0,3.1346380478630826,0
338.4586305934609,0.3606903214452604,2.057917542294036,5.53338948872752,1.0,14.0,0.3287585728841458,8.0,2.7174321489590416,0
304.3243528272189,0.2617489298037858,3.3447794191172946,5.198497031265825,1.0,4.0,0.4210315053208657,9.0,3.1132545759624923,0
101.1150578213726,0.3709464413376127,3.541235588127621,5.147494476813453,1.0,,0.1502107016226015,8.0,3.2307004379705644,0
38.03825667109888,0.174630537726529,3.302947513164318,3.58351893845611,1.0,23.0,0.3132623741730638,9.0,2.6335822119679477,0
164.0886246911204,0.3656360562780008,3.854694865374626,3.828641396489095,1.0,1.0,0.421256288994175,4.0,2.906219107297744,0
5.0,0.1557346061698667,4.24141975989295,6.248042874508429,1.0,13.0,0.4181190027948163,10.0,3.7873569657507455,1
182.3167714184781,0.122727762315747,4.653015188243497,6.480044561926653,1.0,11.0,0.234470672631317,1.0,4.058325309349131,1
135.23974137013312,0.5411885797368532,3.521880135633665,4.394449154672438,1.0,3.0,,7.0,,0
103.39634981317576,0.3335008841119523,1.8962405943554064,3.6109179126442243,1.0,17.0,0.6308331591388201,10.0,2.015604979707666,0
5.0,,3.317122280708865,2.833213344056216,1.0,18.0,0.207032072843614,4.0,2.435406500931688,0
201.36001065697167,0.2827025562059699,3.843710396991984,5.641907070938114,0.0,25.0,0.3371525301747384,1.0,3.3626257740432797,0
,0.3202449016408759,5.0,5.932245187448011,1.0,10.0,0.0683789132985682,3.0,4.065997773574689,1
33.0083164289712,0.3727884423006114,3.2321921578158945,4.941642422609304,1.0,16.0,0.6924610350960113,7.0,2.936877382889947,0
5.0,0.4629376504144299,4.312543628399402,5.834810737062605,1.0,21.0,0.4911892713388143,3.0,3.6772228182107796,1
147.24850949493637,0.3068523766860483,4.090087899635432,5.926926025970411,1.0,13.0,0.1490881690803417,1.0,3.6842953338292284,1
327.2251596669744,0.1634157850686534,3.843900533123388,6.71174039505618,1.0,20.0,,7.0,,0
316.125921454787,0.1129165703548581,4.730533319324591,3.044522437723423,1.0,12.0,0.5972449014564729,,2.986121078755569,0
104.29037434137284,0.2919959339279233,3.139158803247419,,1.0,4.0,0.5987222339337169,5.0,,0
89.77879396382195,0.3911316578997541,3.224813550356483,3.0910424533583156,1.0,8.0,0.3838919017876978,6.0,2.4404597757925486,0
196.8774256075024,0.2120195276907733,3.788099176905772,,1.0,12.0,0.5352513192276893,3.0,,0
50.16145608117085,0.17591720072213,3.1598534949063,6.156978985585555,1.0,19.0,0.1656601025004107,5.0,3.3779030731381043,0
180.1791899819466,0.1781669105529184,4.3080122910546,5.549076084895219,1.0,15.0,0.426236009126975,3.0,3.6026805400650104,0
226.608027838469,0.1850093262209866,3.0868076956338677,3.295836866004329,1.0,28.0,0.4479457151859736,2.0,2.4338849950176518,0
272.6933223884308,0.2872224558534371,,4.564348191467836,1.0,,0.3097531613710588,7.0,,0
139.9845923520047,0.244077624744839,3.699827231213243,4.672828834461906,1.0,12.0,,10.0,,0
129.6326249823034,0.1003906746085711,4.0149259647767055,5.5093883366279774,1.0,20.0,,7.0,,0
62.2017413243439,0.5070846832395546,3.3402586049369605,4.499809670330265,1.0,18.0,0.3114626656128409,8.0,2.9237538099512954,0
67.311964596014,0.4574986724481241,3.4609117054731726,3.1354942159291497,1.0,22.0,0.2856833663940311,1.0,2.5678762736892082,0
127.35211080984732,0.2026780108967504,3.8960092679970497,5.976350909297934,1.0,12.0,0.3812622377589725,2.0,3.575056532436406,0
186.7365506816178,0.2708805925150848,4.002074506161312,4.672828834461906,1.0,16.0,0.4042234789026407,2.0,3.221833757022569,0
241.35846262332493,0.1236356579887487,3.795798084608844,,0.0,25.0,0.2130850949718938,3.0,,0
69.68210493196551,0.2126093482070164,5.0,3.7135720667043075,1.0,28.0,0.5799447922233673,7.0,3.298082661566619,0
,0.0177914371654858,2.809263081258716,6.18826412308259,1.0,20.0,0.1558210178299357,7.0,3.2490202658622764,0
122.88763989574312,0.2126693829437312,3.7357962050472864,5.5254529391317835,1.0,11.0,0.3496287428070626,7.0,3.382028615197037,0
147.8632705651564,0.3617735658739731,2.226370977883015,6.545349660334419,0.0,22.0,0.049897406114832,1.0,3.044173808030565,0
75.27883208521766,0.2292317835176177,4.172081478667386,5.327876168789581,1.0,20.0,0.095154746258328,2.0,3.548164492852164,0
5.0,0.2382860784209284,2.684753463623186,,1.0,14.0,0.0623657779281129,8.0,,0
238.40453963610497,0.4391106236521301,3.521689744123424,6.504288173536645,1.0,2.0,0.6511588096447125,9.0,3.5297305877814207,0
223.68438970924333,0.324077488541341,3.427935674668674,,1.0,13.0,0.2024260722221823,10.0,,0
121.86724428817864,0.1563572619678188,4.080891126601172,6.703188113240863,0.0,14.0,0.5107874600543836,7.0,3.7411553926018506,1
156.6990717224872,0.3922074447459127,,4.770684624465664,1.0,6.0,0.1007306078751523,1.0,,0
,0.232706485890138,3.204694302306017,4.919980925828125,1.0,12.0,0.5027917599318127,4.0,2.957313646684482,0
5.0,0.602107206748992,5.0,2.6390573296152584,1.0,7.0,0.0978826791164965,10.0,3.0721406630612784,0
97.09473226537052,0.2547529986376896,4.084566790474526,5.58724865840025,1.0,4.0,0.0986337695595813,8.0,3.5902745597979693,0
229.4264679621827,0.117570995169427,3.238949147977732,5.950642552587727,1.0,28.0,0.4045288141191632,5.0,3.2998666621435784,0
24.57105768307505,0.1758669119258064,3.549166328188769,6.100318952020064,1.0,27.0,0.0973222139786593,1.0,3.530297774085795,0
179.35579321666293,0.2285409950016078,5.0,3.8918202981106265,1.0,7.0,0.6133638453895253,7.0,3.344873320355283,0
14.34181953765949,,3.564835121748903,5.176149732573829,1.0,13.0,0.1824360501601128,6.0,3.2422917584396878,0
196.64299824335265,0.201327666707733,3.110723376847612,4.07753744390572,1.0,11.0,0.7318018707619462,9.0,2.6211902097583715,0
146.43585177025165,0.105061572129154,3.1150038498736072,5.786897381366708,1.0,8.0,0.708146183927356,4.0,3.140441517573984,0
5.0,,3.2508735190104225,3.951243718581427,1.0,27.0,,4.0,,0
266.47393544571713,0.0703435273138736,,6.556778356158042,1.0,19.0,0.4069991681732288,8.0,,0
76.54084232019508,0.3295606459230273,2.5203521516507568,4.3694478524670215,0.0,2.0,0.1217131968002843,4.0,2.494632577040352,0
68.9747562985619,,2.6757999030530217,4.6443908991413725,1.0,21.0,0.3827080686660402,,2.6870956172304123,0
170.0569197230943,0.3871636978318811,2.97067962563863,6.34738920965601,1.0,18.0,0.6967997934815322,7.0,3.2531286544559483,0
264.8637349428716,,4.391571018453098,5.220355825078324,1.0,26.0,0.4147826841643042,5.0,3.5397786180718755,0
48.41781810216031,0.2506060401001621,3.4187627127271263,2.0794415416798357,1.0,21.0,0.3042830000113818,9.0,2.230480947592525,0
156.16798498479716,0.4740153456260995,3.59283831090596,5.323009979138408,1.0,10.0,0.3615202200674621,5.0,3.261734274090414,0
192.8816500330573,0.0574701152337993,5.0,3.295836866004329,1.0,29.0,0.3256695399674353,9.0,3.2236171518078116,0
219.3105607263144,0.3854811453667091,5.0,7.144407180321139,1.0,6.0,0.3344683408975381,6.0,4.376428485916834,1
167.64415552772252,0.4871259736927597,3.5178750568622648,5.58724865840025,1.0,24.0,0.2992729113186811,6.0,3.3234700380012447,0
113.29721609166776,0.2627365663712483,3.1691364893165908,,1.0,22.0,0.2065725194725284,6.0,,0
67.24097793512803,0.1881101007522715,2.935569686326462,5.517452896464707,1.0,4.0,0.338454998045999,7.0,3.0617727438607973,0
158.6143883046375,0.5491198284603409,4.4927757697082376,3.1780538303479453,0.0,19.0,0.3694007942159735,4.0,2.876646298144484,0
42.78609880143931,0.1441464341903459,3.595292766477712,6.180016653652572,0.0,14.0,0.5099606613868,4.0,3.3901299704094963,0
5.0,0.28680884417947,3.4135051096772098,6.658011045870748,1.0,14.0,0.2850786159086053,9.0,3.6057896344503875,0
193.6559804157668,0.1742123977413844,2.986335424862447,6.434546518787453,1.0,18.0,,7.0,,0
240.39348410861956,0.1634989080407085,3.0303335909886115,4.836281906951478,1.0,29.0,,10.0,,0
5.0,0.104121032455349,4.120058191493245,4.77912349311153,0.0,17.0,0.4905540634021489,6.0,3.1836495118503274,0
49.02692952900625,0.519476829484264,2.484561734112738,2.3978952727983707,1.0,,0.6346029058475363,1.0,1.8862726943150991,0
211.91542610051977,0.140958135847136,4.794868693787938,5.75890177387728,1.0,18.0,0.3467644785466774,7.0,3.876265113969024,1
355.7495469711699,0.1942725698706412,3.2661553561850813,5.438079308923196,1.0,5.0,0.7801741955986552,6.0,3.08185109603126,0
152.07937076754078,0.3706607601227964,3.650364055748207,5.220355825078324,1.0,9.0,0.0572651524352663,,3.3147993393357273,0
77.19970587708656,0.2671417632146338,2.4630220418594453,6.5722825426940075,1.0,1.0,0.1093295750259224,8.0,3.235027664546796,0
131.710355889516,0.1816005037785441,3.787634061757635,4.025351690735149,1.0,4.0,0.3984306612323585,7.0,2.942972999677127,0
287.4876419148185,0.1725392066812919,3.47167905730944,1.0986122886681096,,26.0,0.4333905607003561,8.0,,0
85.40358208754647,0.2745845282196118,3.749919401143533,,1.0,7.0,0.387045999380169,,,0
70.08079933497464,0.1809773199669514,5.0,4.330733340286331,1.0,11.0,0.3468327721102703,1.0,3.5298534476638457,0
101.72564778179677,0.3913283091822114,3.97769804579024,2.3978952727983707,,14.0,0.1973666371229148,3.0,,0
54.66713917412877,,,5.3471075307174685,1.0,10.0,0.2096126536777622,2.0,,0
162.26703159947957,0.2965257175456262,3.0886800894534314,,1.0,19.0,0.0956367793848831,3.0,,0
312.46784584695604,0.3526147575112777,4.395131185913768,4.0943445622221,1.0,,0.6181576853924861,2.0,3.16272430595364,0
182.3079273116029,0.1936865437301667,5.0,6.030685260261263,1.0,3.0,0.3951676362840369,6.0,4.030172050821571,1
124.76464978737124,0.2682578142728081,4.08191802075105,4.23410650459726,1.0,8.0,0.5067153472203256,9.0,3.101656090235533,0
120.8188731084456,0.1821569819938059,4.488712744554769,5.857933154483459,1.0,29.0,0.2326025902044804,2.0,3.8063445261260496,1
5.0,0.5261826701604474,4.409737723336705,4.859812404361672,1.0,18.0,0.4330681822035651,4.0,3.4352251742024706,0
238.3109777147159,0.124777547929926,5.0,5.375278407684164,1.0,5.0,0.3773447874771891,5.0,3.837114564809812,1
142.2162802987198,,1.850409827273967,6.703188113240863,1.0,20.0,0.6818833998260749,5.0,2.914743684916631,0
131.95200864093744,0.2857864106265305,4.467218939304528,2.4849066497880004,1.0,11.0,,1.0,,0
469.3107567844861,0.2621090642560171,4.783736043903564,5.342334251964811,,9.0,0.0935966919517327,6.0,,0
179.87529083656864,0.4869729089786765,2.4612762938644264,6.361302477572995,1.0,19.0,0.3172092899996515,5.0,3.129459402817739,0
74.82089499048156,0.2166421583014658,2.914331815993584,5.58724865840025,1.0,12.0,0.236416663826779,6.0,3.094623991152153,0
107.36424037944568,0.2806081650503514,2.9492172513718464,4.584967478670571,1.0,27.0,0.5435013938046389,4.0,2.7464768653889826,0
264.84457091967545,0.3466370552987023,3.0712098036226165,5.030437921392435,,5.0,0.4289587669013397,6.0,,0
161.32704105377644,0.2942859470979591,3.318282949064474,5.8377304471659395,1.0,16.0,0.5464032795692038,9.0,3.2693516578617308,0
6.17220216826334,0.3114475008804538,4.042602813054941,6.499787040655854,1.0,26.0,0.1618197978133629,,3.8346132778560604,1
241.92289345752036,0.167090865294795,4.66567465116737,2.5649493574615367,1.0,25.0,0.2571336986466551,6.0,2.884327927976078,0
83.1855914461006,0.1041172664672693,,3.1354942159291497,1.0,13.0,0.0452816741130353,1.0,,0
337.32977762175454,0.1970853347531537,2.962176938832218,4.770684624465664,0.0,6.0,0.2448097034733868,7.0,2.7671142221779093,0
,0.38684222489626,2.955297001297017,4.382026634673881,1.0,16.0,0.4145347154423526,4.0,2.7138198478325006,0
105.26781043412488,0.2894650765385653,5.0,4.532599493153255,1.0,18.0,0.080079369240325,6.0,3.6437639740979115,1
278.1016361735113,0.2555501593045003,4.446743935418644,4.330733340286331,0.0,17.0,0.4159299854057388,7.0,3.1947315791722097,0
156.78555105274032,0.2244111143255999,3.882864841868996,4.189654742026425,1.0,12.0,0.406306858225761,,3.0287809877103737,0
235.27736751222196,0.6009842472388122,4.273336675554967,3.737669618283368,1.0,27.0,0.1551628738424734,9.0,3.099602980938503,0
198.47328172944748,0.5705924664824104,3.770196218148559,6.704414354964107,,1.0,0.141167230932683,8.0,,0
65.36433450091265,0.256654496775398,4.324584683047615,3.8501476017100584,1.0,7.0,0.3817437513187621,3.0,3.1085294034683106,0
85.6450167682538,0.0833333556402991,3.4639333034942594,4.23410650459726,1.0,14.0,0.3547763075027052,1.0,2.884850011276341,0
252.99608175811613,0.7559339192671153,4.068804934439231,4.442651256490317,1.0,28.0,0.3796111920269329,10.0,3.184395112317401,0
116.52246678934593,0.8,2.2894539496305035,6.698268054115412,1.0,18.0,0.2355861880582679,8.0,3.1781447584751716,0
109.63515367580032,0.4854447487553563,3.112215705174569,6.0473721790462776,0.0,23.0,0.5330097765226525,4.0,3.1524959804791806,0
54.48774206506471,0.2346846286588285,3.1229888232096563,6.148468295917646,1.0,1.0,0.1487686923509356,7.0,3.36398227958897,0
192.3599065593461,0.5687097367494747,3.4256099667930857,3.526360524616161,1.0,20.0,0.5055607410342183,4.0,2.6270399958952395,0
356.2524919243145,0.4436439692451572,2.8734867452202515,6.297109319933935,1.0,10.0,0.3968123743735099,7.0,3.259165019193579,0
43.24670857457271,0.2742498171857189,3.266456374176918,5.062595033026967,1.0,15.0,0.1125484422848302,1.0,3.1028513711218912,0
152.4219456672758,0.3147057490708939,2.285585937601879,4.5217885770490405,1.0,29.0,0.240230594638367,1.0,2.52272482922779,0
291.2220555415429,0.1164148015435566,4.3487004763949,5.552959584921617,1.0,11.0,0.2538325838900435,2.0,3.654601549256437,1
142.03586087542848,0.4648783447730996,3.7174864810886055,,1.0,4.0,0.2302210799361295,5.0,,0
195.23717962497335,,2.094792392223983,6.115892125483033,1.0,15.0,0.1898823480573149,10.0,2.9347081249230405,0
43.76064718531202,0.2472472947163701,2.9651700894533266,6.4967749901858625,0.0,21.0,0.4539347425116034,6.0,3.244313584334769,0
192.83070972076484,0.0970614186886243,4.136601427562167,6.672032945461067,1.0,30.0,0.1068418340446172,2.0,3.934882087854264,1
131.28557349954514,0.1666738333671232,3.25697805361421,4.406719247264253,1.0,16.0,0.1160096440308701,1.0,2.901605066818786,0
248.5729995679863,0.1353973170290381,3.103058539861903,5.111987788356543,1.0,30.0,0.5610622703448852,9.0,2.962607298382747,0
268.7386051564751,0.393239784217615,3.725407322991924,1.6094379124341003,1.0,26.0,,7.0,,0
408.9563642018614,0.2601014419905871,4.143597535178216,6.453624998892692,1.0,15.0,0.4171327329732591,8.0,3.810099967144442,1
207.9633173213576,,2.3636475429608392,,1.0,17.0,0.4233002833092724,6.0,,0
182.57963165821664,0.0748174164483442,4.35012848121788,6.386879319362644,0.0,23.0,0.1636859271964024,9.0,3.823378002856665,1
169.4384301577336,0.4079151952527249,2.999706718392624,4.787491742782046,1.0,11.0,0.2306475750594461,8.0,2.8900006951797743,0
114.68337071893116,0.3073351015246739,3.782072031750201,4.927253685157204,1.0,18.0,0.4333842018562963,4.0,3.2043280778759824,0
183.8483843461691,0.3947673712026059,3.7645798593084905,2.4849066497880004,1.0,28.0,0.3478999041863462,5.0,2.481723957822527,0
120.45985898609706,0.1512084421902838,3.272933881760226,4.77912349311153,1.0,16.0,0.1782037921374026,2.0,3.0072698422100688,0
166.84609762696144,0.2510662961669584,2.7763402538692854,6.489204931325317,1.0,27.0,0.2615386956010108,1.0,3.3049898418251074,0
281.759753560796,0.2149890623984565,3.514313451907736,2.0794415416798357,1.0,15.0,0.2898151568385864,6.0,2.271594811899328,0
49.34574347203589,0.4648024619149102,5.0,5.056245805348308,1.0,29.0,0.3549377897772751,3.0,3.745886183649037,1
263.9878561129045,0.0797157299490074,2.438324969536369,2.3025850929940455,1.0,11.0,0.1327507123128641,4.0,1.9395553732501887,0
281.71150673398654,0.1085876979811247,5.0,4.941642422609304,1.0,13.0,0.0435661498675437,1.0,3.7737794968092824,1
138.19314730089212,0.1197406249156615,3.5402788289234675,4.04305126783455,1.0,18.0,0.2748717934123106,6.0,2.8740525532372896,0
5.0,0.1095218629525708,3.835371417088639,4.477336814478206,1.0,8.0,0.4376068303620646,8.0,3.0898282451065047,0
89.21780129055675,0.1201867153746156,2.7132891886152724,6.447305862541213,1.0,9.0,0.3109534968420043,10.0,3.257316734840072,0
279.6994546561109,0.2488893449742129,3.028730583322519,5.147494476813453,1.0,22.0,0.2577892671220462,,3.0041827229486344,0
147.7131937701118,0.3286648212639008,3.2970903499619806,4.564348191467836,1.0,11.0,,10.0,,0
50.06977677050892,0.0921999649620046,2.7543050291220874,5.58724865840025,1.0,17.0,0.2392271861690368,8.0,3.030051171935103,0
99.52250787717826,0.2419991153789567,3.591082042629128,3.828641396489095,1.0,1.0,0.2824274510801307,10.0,2.828539745782354,0
234.0620026504553,0.3031042611092827,3.392984108193229,4.51085950651685,1.0,30.0,0.1978750645633069,3.0,2.970876482319685,0
204.67335682013797,0.4030058374834903,5.0,5.472270673671474,1.0,11.0,0.3709867546796641,7.0,3.8674838511655096,1
126.10679008303056,0.0506004709671016,2.6340258143195387,4.406719247264253,1.0,7.0,0.6424926107447105,3.0,2.5471275777581495,0
113.31755881853124,0.3448931859287495,3.9026905167485872,5.834810737062605,,8.0,0.3495547785830893,6.0,,0
110.82418509561782,0.3035474128758345,,,1.0,19.0,0.5756305337663603,4.0,,0
57.75898155014974,0.2388662003367566,2.7296794513481624,6.095824562432225,1.0,25.0,,6.0,,0
311.5375689469442,0.1709389679170607,4.486827495452839,6.790097235513905,1.0,4.0,0.068151652750145,7.0,4.118129838285277,1
117.767953078866,0.1080732345725088,3.4016729871183715,3.6109179126442243,,4.0,0.3172544903000756,8.0,,0
271.71585208254965,0.0721262112816415,1.3076103484169326,4.812184355372417,0.0,19.0,0.1844149549254038,6.0,2.1298164549934175,0
302.1316051922452,0.3881367097222021,4.4598496121045645,4.7535901911063645,1.0,24.0,0.6581600042448073,4.0,3.378384901324774,0
249.83108981479603,0.0873114207493594,2.683059115897636,3.912023005428146,1.0,,0.0067325820701223,9.0,2.5454840315734737,0
106.83796872819516,0.1169749164407936,2.7522250538609008,6.212606095751519,1.0,17.0,0.3601828140561585,7.0,3.192635287458584,0
190.3730090336609,0.3224531691266633,4.487902082892398,6.059123195581797,1.0,18.0,0.637719845297927,9.0,3.785353822771913,1
147.58043936090837,0.0268613950763781,3.45283851758155,5.293304824724492,1.0,1.0,0.247282983184597,3.0,3.2196702578130485,0
59.62981392698718,0.2688714913873622,4.7177721505515,5.44673737166631,0.0,14.0,0.1311771391491299,,3.694894643890667,1
182.4359281721603,0.1952314956876724,5.0,2.9444389791664403,,4.0,,1.0,,0
32.09602088401975,0.3045624313430021,,5.497168225293201,1.0,,0.4544160425725275,8.0,,0
268.7679388461564,0.1497070561286568,4.59326249595503,6.154858094016418,0.0,23.0,0.4478482690023674,1.0,3.794192772786464,1
103.5382702701607,0.2279300372501689,3.0445391986071177,5.545177444479562,1.0,14.0,0.5311409826562048,1.0,3.0751407162554747,0
170.11596558728394,0.3284554701342941,5.0,4.532599493153255,1.0,7.0,0.3678373533985406,7.0,3.5862123772662686,0
178.32878715461422,0.5144052031331324,3.1070429954687846,5.802118375377063,,12.0,0.6855272093093202,8.0,,0
124.10950262959228,0.1812070612731627,4.826087440960004,4.90527477843843,1.0,22.0,0.0969460559071243,3.0,3.682628198734106,1
208.66938014752748,0.1727274772504836,4.643790025881575,5.468060141135131,1.0,29.0,0.2386509558174712,2.0,3.7502038615296756,1
102.50963433774756,0.1091979587643781,4.116087822108934,5.303304908059076,1.0,27.0,0.1988988858907953,7.0,3.4976468240831373,0
237.12972974572443,0.2311963786845543,3.129456838583317,4.969813299576001,1.0,16.0,0.7097073784666112,10.0,2.9007852496128046,0
15.402031975325144,0.4311116916368805,3.648602508058591,5.9427993751267,1.0,5.0,0.6656274785472733,5.0,3.409155320051992,0
162.6379579546412,0.36320975358824,1.6464118870554478,6.470799503782602,0.0,11.0,0.3411773818530192,1.0,2.731569129586356,0
,0.3437868850399363,4.02442003838225,0.6931471805599453,1.0,4.0,0.1857113081342432,2.0,2.080569907894035,0
49.96686753944253,0.4087224436012568,4.149615331028385,6.70196036600254,,28.0,0.1421562042140288,3.0,,0
82.22550294751485,0.1790883654704972,3.9334994190613712,5.3706380281276624,1.0,13.0,0.3936537238107571,6.0,3.4058604313006957,0
201.3907849658915,0.0180221730354848,1.0,5.891644211825771,1.0,30.0,0.6864810733017129,1.0,2.3301970488873884,0
167.95817819395978,0.1644672009196733,2.534363554910189,6.364750756851911,1.0,8.0,0.1176613918933942,,3.1996383706409697,0
185.06300992735592,0.3903189145471523,3.051909017151337,5.241747015059643,1.0,,0.1356148448804115,2.0,3.0661647424023455,0
198.91871301476635,,4.091658933189046,6.293419278846481,1.0,,0.0288413809620819,5.0,3.8189210807371463,1
213.472146856177,0.4073982795830809,4.089338905642984,4.07753744390572,1.0,11.0,0.3306817441333838,,3.092860446602233,0
260.9699841956223,0.2506505828439085,3.629776208028821,3.9702919135521215,1.0,26.0,0.4203357624222621,5.0,2.8589309047927123,0
190.98186569285127,0.2879255951606096,,5.7745515455444085,1.0,17.0,0.2487605826572104,8.0,,0
125.87423453814576,0.4016163933859231,2.7737576246971,6.418364935936212,1.0,22.0,0.2602182806319401,6.0,3.282968874533316,0
217.25737012027312,0.2014734216267048,4.4102350056939965,6.505784060128228,1.0,14.0,0.0456628965059041,7.0,4.006696641014886,1
339.9881934895216,0.5711153654737801,4.274742104839891,5.736572297479192,1.0,2.0,0.3290853790793902,8.0,3.6650514553638365,1
136.73662536174265,0.2526767595418192,4.17755473283791,5.4116460518550396,1.0,20.0,0.237464261054632,3.0,3.547022856480749,0
52.54706953293585,0.558844381422837,3.617959568914344,4.795790545596741,1.0,21.0,0.1227988018135285,5.0,3.1613612308820542,0
260.7080669286973,0.2962208942362607,5.0,7.068172000388041,1.0,8.0,0.807156299797051,10.0,4.259020340157002,1
137.96188360464018,0.1737553391887154,4.293195688489878,4.7535901911063645,1.0,22.0,0.1915915822746202,7.0,3.405037016272937,0
,0.374018062963622,2.831664136746441,6.013715156042801,1.0,27.0,0.2873459249097729,9.0,3.179311016529462,0
234.74216771504217,0.3023673339540065,4.048305475735984,5.42934562895444,0.0,2.0,0.3501338463125468,6.0,3.378099109718216,0
96.46718140460771,0.0947594253077267,4.552483377074219,5.641907070938114,1.0,21.0,0.1765046066580151,10.0,3.7782645507795185,1
140.94667176958393,,3.2118914010756905,5.017279836814924,1.0,15.0,0.3946863925409352,1.0,3.011003232966567,0
183.1980330569015,0.3428543496446732,4.889272246931099,6.912742820493176,0.0,5.0,0.3767873097171152,8.0,4.154174282976969,1
169.04996797790665,0.5254171748804622,4.182033705716011,,1.0,6.0,0.0770741765646168,6.0,,0
,0.2964333145147688,1.4575216623346527,6.726233402358747,1.0,17.0,0.6388683462776318,1.0,2.773105016385959,0
106.45136294301568,0.1504965766991155,4.099671977337926,1.0986122886681096,1.0,8.0,0.4096453279543922,4.0,2.187523411944725,0
201.31057981760827,0.3050993507735498,3.393970845587285,5.545177444479562,1.0,19.0,0.7705282177803996,6.0,3.167035928022703,0
124.04533224160828,0.3034175371012581,4.337179814541736,5.937536205082426,1.0,5.0,0.2297104644911096,10.0,3.7701906944432,1
223.8810480887503,0.1766766062000535,4.744214840251814,6.018593214496234,1.0,23.0,0.3119028346404472,1.0,3.9408833335215068,1
211.53674840130532,0.1957719969363305,3.9951620471418177,6.561030665896572,1.0,19.0,0.2881238429172058,,3.8087492500422577,1
56.45612979554046,0.2423882029759184,5.0,0.6931471805599453,1.0,14.0,0.2301161157791746,5.0,2.461920931012149,0
258.59821161750324,0.5242593831582256,,0.0,1.0,10.0,0.677913040897244,3.0,,0
96.4036554885952,0.0510056607791402,4.424817823053875,5.2574953720277815,1.0,13.0,0.4197026060232468,7.0,3.5632352196252355,0
,0.2162697869330184,4.604942573637347,2.197224577336219,1.0,22.0,0.5337068558004551,8.0,2.694403031495714,0
186.7287313401341,0.5259764006103478,3.702654031107267,7.004881989712859,1.0,5.0,0.2718135177843878,3.0,3.828163505799887,1
333.8183676795122,0.0935055489057235,4.578774307977782,4.330733340286331,1.0,7.0,0.312239916029754,10.0,3.3682817420710616,0
127.65340176281478,0.7948058166470459,3.205327012837831,5.2574953720277815,1.0,,,3.0,,0
115.06832038818024,0.4016553329429375,3.377431580978781,2.9444389791664403,,11.0,0.509554459953138,3.0,,0
148.05803941122673,0.1213855526461171,2.487511309663687,5.402677381872279,1.0,3.0,0.0936181665952072,6.0,2.8970841051081173,0
119.68202171657244,0.298310633967815,4.041409116370047,4.969813299576001,1.0,13.0,0.1228818585926851,6.0,3.3829312647022824,0
229.994190194205,0.1649530785304232,4.125251675854344,2.6390573296152584,1.0,30.0,0.5107368857578023,3.0,2.639670492074755,0
5.0,0.1529382085576855,4.979263158579229,4.812184355372417,1.0,2.0,0.1286058212593317,6.0,3.7096394057915507,1
44.6317580853646,0.3111916175626455,4.591140004355884,5.003946305945459,1.0,4.0,0.6031704974050169,9.0,3.5170057940449877,0
43.219707842080695,0.039912408771869,3.515204443352567,7.22983877815125,1.0,3.0,0.140400471399315,8.0,3.846953316506539,1
245.03075919735755,0.0536592078645304,2.621820312665723,,1.0,15.0,0.0918791858419582,7.0,,0
321.06133725819257,0.3182142680979291,4.232850402519974,5.468060141135131,1.0,4.0,0.5420865482782457,7.0,3.52514089369288,0
139.55507814625284,0.1807579737001286,4.910753172414642,7.1785454837637,,23.0,0.0601119182266012,8.0,,0
133.11782768099894,0.3640557086995937,4.555184973803943,6.156978985585555,1.0,21.0,0.3292388181237489,7.0,3.903319921572494,1
157.00521631131815,0.2608799119347449,4.884477524857287,7.316548177182976,1.0,4.0,0.4458235818401511,3.0,4.359590746729777,1
266.18783026081906,0.1559635399145394,3.5881104688017573,6.943122422819428,0.0,30.0,0.3786162460737106,8.0,3.6424576651517895,1
57.2646865809426,0.3785193435272143,3.3333810318243544,5.308267697401204,1.0,15.0,0.4589995680483931,8.0,3.1340328083404243,0
173.8368982734785,0.302337746371279,3.063098647768201,5.8805329864007,1.0,6.0,0.5155594203140479,1.0,3.186287470964681,0
247.51976297824297,0.7672429890629722,3.744103533386404,3.58351893845611,1.0,,0.49363883542829,10.0,2.7739693278057365,0
200.10941699398447,0.1855467360743156,3.721409204031181,5.164785973923514,1.0,28.0,0.4186000870443886,5.0,3.2542794563806487,0
168.95816165987435,0.0963075222636254,4.006677628539116,6.208590026096629,1.0,,0.4103122627616962,5.0,3.683185606692296,1
250.10460925671413,0.4760043023591677,3.670702542964492,5.356586274672012,1.0,27.0,0.2522306346548923,1.0,3.324810772656422,0
5.0,0.2289413569630583,3.6663722702732287,5.8971538676367405,1.0,5.0,0.3110607296530813,6.0,3.4734829224696973,0
217.7875319530908,0.1115199421639181,3.023305947027856,6.018593214496234,1.0,12.0,0.3295645616421998,6.0,3.2489874308315723,0
84.59243168725762,0.3119859888731634,4.741619013551491,4.477336814478206,1.0,7.0,0.5505218627297687,4.0,3.4297442772181044,0
5.0,0.2916090381621074,3.876518062243711,6.439350371100098,1.0,3.0,,6.0,,0
201.1202599524981,0.2536866590296014,3.6255560657147177,5.220355825078324,1.0,7.0,0.2834087294677819,6.0,3.2596474279158283,0
287.36585451629577,0.3623798560294576,3.052570746750795,4.2626798770413155,1.0,12.0,0.6407865127256518,,2.6716749592675826,0
136.2551485372308,0.1846653291282549,2.468086889608914,6.400257445308821,1.0,15.0,0.5404323740259143,5.0,3.0992255146310295,0
245.28745472029388,0.4644432059742379,5.0,5.093750200806762,1.0,19.0,,2.0,,0
311.22782579886456,0.3356162648369526,4.354638708131807,6.0330862217988015,,30.0,,7.0,,0
281.49144535840475,0.1044365561821121,2.1760821574300326,5.47646355193151,1.0,,0.4866849513517116,9.0,2.716034938281124,0
313.9964529371393,0.3706915305006333,4.563142300709657,,1.0,8.0,0.43943729340091,9.0,,0
224.2127491071892,0.2059251327866078,4.722481170233109,6.212606095751519,1.0,29.0,0.4391312974999388,9.0,3.9649480373187114,1
157.54336389015927,0.7739604557651556,3.9243761223009295,5.575949103146316,1.0,6.0,0.3026159249542939,7.0,3.482011994873408,0
5.0,0.176459068556819,5.0,5.003946305945459,1.0,26.0,0.4047316418557552,7.0,3.720237563412487,1
125.39375118700514,0.1086120056800174,4.016719642122883,3.5553480614894135,1.0,27.0,0.2471529935652679,1.0,2.9238616765829235,0
,0.1613403907828927,2.3831764720508097,6.519147287940395,1.0,3.0,0.1251818455864128,6.0,3.1839784060851604,0
367.0942717497813,0.2238943558942822,4.165169001048321,,1.0,28.0,,5.0,,0
132.41141875676635,0.2274442729895193,4.044897301712729,6.391917113392602,0.0,5.0,0.3669502459377785,8.0,3.6621440055153167,1
162.32048067844858,0.3604458420110737,3.196703151221845,4.897839799950911,1.0,9.0,0.5950204583944088,8.0,2.9290291087951297,0
205.14853760404677,0.068011291449778,4.373558836877425,5.723585101952381,1.0,24.0,0.3563212577106928,4.0,3.6952348137945457,1
154.3602446372454,0.1308637344236113,2.132334733809138,6.642486801367256,1.0,16.0,0.4702655081825678,1.0,3.051626832297319,0
319.50510404307533,0.2691672838567061,4.790566827442789,3.912023005428146,1.0,22.0,0.4577804084171537,6.0,3.298277550922129,0
87.7350638265548,,2.921878296394547,,0.0,16.0,0.1214758773045024,10.0,,0
169.46074552372426,0.3858111078202992,2.815053874882968,6.073044534100404,1.0,9.0,0.277250763257883,1.0,3.192484757531732,0
75.75294143019518,0.1346202368631115,3.686175227692523,,1.0,18.0,0.2312202560383301,5.0,,0
17.99774887792941,0.1817607994412668,4.232972928043635,5.4116460518550396,1.0,13.0,0.1281996088509108,5.0,3.5910430650037837,0
88.82309090947146,0.0867150045614836,3.9639240635934296,5.686975356339819,1.0,11.0,0.3124902212021754,3.0,3.5291641880988824,0
146.2963202951588,0.0797779791639122,3.0573408342276216,6.05443934626937,1.0,25.0,0.2018228741474114,5.0,3.2989035627423773,0
107.069777548274,0.4667113550674009,3.293910708808111,6.313548046277095,1.0,10.0,0.1544939751957419,6.0,3.4807299023672247,0
80.75790201261441,0.2346261779656824,2.666957652622538,6.066108090103747,1.0,29.0,0.0780181769351786,5.0,3.1710118526931037,0
9.368253632816618,0.1509094262690012,3.57532009837013,4.882801922586371,1.0,10.0,0.2292751968552609,1.0,3.149113576752911,0
141.68944273713052,0.4011850064190916,4.87502121451091,7.448333860897475,1.0,6.0,0.3806853009866886,7.0,4.408371583876268,1
5.0,0.7362058914355981,3.795737062356124,5.147494476813453,1.0,16.0,0.3279150434105821,3.0,3.296960159304369,0
226.00559636896023,0.2184471772023477,4.659414254759453,2.0794415416798357,1.0,25.0,0.1778843629384237,7.0,2.7520212918200473,0
158.24397529345032,0.4699267489150663,5.0,4.9126548857360515,,12.0,0.2488240012004036,5.0,,0
,0.4349155078641356,3.2119814809630327,3.737669618283368,1.0,4.0,0.2819657048998042,3.0,2.649700336890263,0
119.07909229501364,0.2994639079970963,3.613426746944635,3.6635616461296463,1.0,5.0,0.2709144142911441,6.0,2.790256309758519,0
74.78435944094169,0.2397061180698788,5.0,4.605170185988091,1.0,2.0,0.6359973523336656,1.0,3.554351585329694,0
181.91745104191804,0.664582651962105,5.0,2.833213344056216,1.0,19.0,0.1773440266886967,,3.1144951978791258,0
284.0450446023144,0.100001394277885,2.1275954741876477,5.857933154483459,1.0,1.0,0.3948133702559691,4.0,2.829455461968903,0
5.0,0.5260871285486125,4.187148316060906,,1.0,,0.2420554208303545,4.0,,0
161.5026079147417,0.2164697202550649,3.800559992339695,4.23410650459726,1.0,12.0,0.218165074117841,5.0,3.046822933491488,0
133.98672044333597,0.1839093098655594,4.626453110858762,,1.0,2.0,0.7281670822448529,9.0,,0
217.13400764504652,0.0835751494984771,3.0550212325149446,2.995732273553991,1.0,12.0,0.1864540927853082,1.0,2.3834373565151137,0
171.3196628237689,0.2127651940364753,2.960391627959328,4.543294782270004,1.0,16.0,0.2389494257267465,3.0,2.7993552007193836,0
74.8030668261181,0.0917366575984314,3.1239292847063904,5.541263545158426,1.0,2.0,0.1927300731763502,4.0,3.173404762794814,0
118.0946064333382,0.469934473588362,3.228071453801567,6.911747300251674,1.0,17.0,0.863108645866975,2.0,3.4921310424227343,0
70.39741431965109,0.2593427798090144,4.615324166809014,6.439350371100098,1.0,26.0,0.1599711691041042,9.0,4.045940544232814,1
257.60071385985987,0.3792374326992001,2.61879882685112,6.44094654063292,0.0,28.0,,7.0,,0
152.13116486719423,0.2192983301693334,3.177386100040681,4.07753744390572,1.0,2.0,0.3453923084832113,1.0,2.7251372114913464,0
340.1190685753008,0.3586589879571438,2.0109876094985584,4.532599493153255,1.0,,0.0954058754138265,9.0,2.445093716662635,0
143.93391861853792,0.1463400308506345,,3.1780538303479453,1.0,6.0,0.5736684881517278,6.0,,0
79.15932330895372,0.1871429434457787,5.0,6.115892125483033,0.0,29.0,0.5653916390324784,2.0,3.9216893098384142,1
5.0,0.1272435122741387,3.472926569136213,3.0910424533583156,1.0,28.0,0.4258837958102122,1.0,2.5313066044999375,0
5.0,0.387302669046323,3.5020506351867766,5.5012582105447265,1.0,23.0,0.381508832350025,6.0,3.2748959507681237,0
5.0,0.168203903734037,4.253221902282897,4.454347296253507,1.0,7.0,0.2888313334349226,7.0,3.2798266831022267,0
176.71266510114833,0.3822011844735794,5.0,4.430816798843313,1.0,23.0,0.124014199060953,10.0,3.6044421998408036,0
200.8725023229934,0.0208984118332562,4.208610747563917,7.247792581767846,1.0,15.0,0.5650794743891672,6.0,4.044766178678087,1
5.0,0.5557597705778299,3.102458057524885,6.052089168924416,1.0,20.0,,7.0,,0
239.50383140761156,0.2239414097059228,2.18117742801356,6.300785794663244,1.0,12.0,0.0849689897688125,6.0,3.0457129116506345,0
101.69389483165604,,2.6848737373365124,5.541263545158426,1.0,5.0,0.4155531849557244,8.0,2.953217921490988,0
164.67930119855492,0.0209840546546214,3.873219450312465,6.421622267806518,1.0,14.0,,2.0,,0
311.2220628255424,0.0505925894579045,3.1446724767992054,5.7430031878094825,1.0,16.0,0.6532411945487561,9.0,3.150121708152776,0
,0.7945363708814471,3.9949677059907582,6.776506992372183,1.0,11.0,0.0736347472023271,9.0,3.9162122306674925,1
123.14693520941675,0.1781725144165805,3.2470759837637657,4.605170185988091,1.0,,0.1971500334707887,9.0,2.940951442607776,0
60.88077745847126,0.5310129530485904,,5.605802066295997,1.0,19.0,0.6030229877982737,7.0,,0
5.0,0.1373037152725603,2.6229683685469287,5.863631175598097,1.0,17.0,0.1172120607041,9.0,3.0848342879573805,0
78.08466807575799,0.2753409346090931,5.0,5.0106352940962555,1.0,30.0,0.2217850505127933,1.0,3.7588335781263176,1
128.88697611723055,0.2546649811049586,4.688987749183643,6.455198563340122,1.0,24.0,0.4217980826833767,3.0,4.027795052138819,1
51.2820472848816,0.142707004212114,5.0,7.065613363597717,1.0,26.0,0.2750125459195984,2.0,4.3646814998953944,1
136.87430329076952,0.2393693720523304,4.339950900755103,5.323009979138408,0.0,27.0,0.2357022223200052,1.0,3.4857429095795625,0
157.68518829587683,0.099047495672396,3.3700085913851607,5.003946305945459,1.0,7.0,0.4123341943155634,5.0,3.0667204894745894,0
127.51440181919214,0.5961039827723912,5.0,5.2574953720277815,1.0,30.0,0.1657456069336366,1.0,3.8440994902216072,1
84.99974191765402,0.2738451941791733,3.766931998638232,6.354370040797351,0.0,9.0,0.2985990225446444,3.0,3.5533640071855688,0
166.86546719667277,0.2394384307979541,4.020841770290352,5.7430031878094825,0.0,14.0,0.1249535446494003,6.0,3.5062469555291056,0
194.1940649569409,0.0959219940686897,3.757175620924481,2.6390573296152584,1.0,26.0,0.3616463909030593,6.0,2.522258169073758,0
40.9600922557154,0.3120839562441401,1.0,5.459585514144159,1.0,20.0,0.2231441152199539,,2.293246831199257,0
291.093237974627,0.0913153406132201,5.0,1.791759469228055,0.0,12.0,0.2982080963708725,4.0,2.677886221494242,0
140.1411867715738,0.0981790112229726,4.291003945957753,6.115892125483033,1.0,15.0,0.5373215974901264,7.0,3.743704896529986,1
151.88496229448478,0.1406934063398773,,4.787491742782046,1.0,12.0,0.1069313247554016,6.0,,0
220.8214423256557,0.0364710216496832,3.738223937729439,5.2574953720277815,1.0,21.0,0.643148676089423,2.0,3.2439084514822256,0
173.32161312635017,0.0903671299961143,3.963427820386131,6.175867270105761,1.0,21.0,0.1256085465913443,9.0,3.7130095998679122,1
245.3136633913245,0.2751210734555541,3.202721064153752,2.70805020110221,1.0,29.0,0.0783973401745505,6.0,2.377824017957254,0
178.71241652018242,0.2933224133773137,4.416579352307271,3.951243718581427,1.0,,0.4577459437188378,2.0,3.160455667753569,0
,0.0979386625981644,2.492901655600868,5.030437921392435,1.0,13.0,,7.0,,0
186.15035252061017,0.3540293523738803,3.986068432470547,4.3694478524670215,0.0,9.0,0.1508417263227086,10.0,3.0750933834637832,0
35.62737926793382,0.3927334586612469,4.361573470571105,4.820281565605037,0.0,24.0,0.5256868820023124,10.0,3.2855764815094908,0
160.85597057765233,0.4211069715116278,,7.545389749611823,1.0,7.0,0.1327187822640441,4.0,,0
146.6770009355539,0.467208932956789,4.170867792471024,6.261491684321042,1.0,30.0,0.5703888099901476,1.0,3.7327168602866934,1
129.18831427274603,0.2091993619808121,2.8086656077657497,6.470799503782602,0.0,1.0,0.3944336954406908,10.0,3.1858193551529417,0
137.14624885610692,,,6.721425700790643,1.0,28.0,0.4752002220551911,9.0,,0
5.0,0.241350623731198,4.036717121026393,4.836281906951478,1.0,10.0,0.2115993810228547,10.0,3.3232515442914297,0
95.12750922590384,0.2970794634573549,4.478549654621052,4.663439094112067,1.0,29.0,0.7323685208074195,8.0,3.3439778859205567,0
159.28449011411146,0.4132021119127898,1.925134344498289,4.382026634673881,1.0,6.0,,5.0,,0
165.98563919974004,0.0584562170314102,4.322020635110766,6.2766434893416445,1.0,26.0,0.45099724593803,3.0,3.8216018516591936,1
47.23248590740418,0.3169942157081124,3.2567984996236627,5.834810737062605,1.0,15.0,0.2645123475334892,4.0,3.3002601514615493,0
276.5707840864701,0.2163484411098976,3.6071939126925874,4.394449154672438,1.0,15.0,0.2945395870733023,3.0,3.0023043940641063,0
63.38251517854991,0.2409315553364382,2.460482076434962,,1.0,9.0,0.3615277334286764,10.0,,0
246.9457200526737,0.2313028502568061,2.948382759813292,5.356586274672012,1.0,13.0,0.4179398282353945,8.0,3.0027410206798417,0
192.71943618716847,0.1456923438713909,4.766125325530311,5.420534999272285,1.0,23.0,,5.0,,0
85.37726901561969,0.2881557546953736,3.832863373980213,6.490723534502507,1.0,1.0,0.1743457070347467,8.0,3.745493268535888,1
327.5310892609512,0.3161669790412176,3.4172215982904413,4.969813299576001,1.0,,0.6159372614666718,1.0,3.0346451768956424,0
30.636316824351997,0.3058204403043435,3.683511647368965,,1.0,3.0,0.4604413735233345,9.0,,0
241.91541736100012,0.1790767252439639,4.289211824664301,5.164785973923514,1.0,30.0,0.3842664311883105,10.0,3.4882672358051128,0
250.05823180429783,0.2061141673971825,4.240494496163338,6.021023349349526,1.0,9.0,0.5507598094522548,3.0,3.6923528413797424,1
82.93797909233551,0.0423773906461257,3.724972999603199,6.683360945766275,1.0,20.0,0.3020670041240887,1.0,3.734584082746345,1
289.24653000643286,0.1373726269835188,4.892959110896668,6.5722825426940075,1.0,25.0,0.3048837801704825,3.0,4.167891651132773,1
124.99534854010471,0.073293223457093,4.770462636906666,2.8903717578961645,1.0,29.0,0.3898031505940674,2.0,2.9973359520127025,0
,0.4095096724865307,4.213372029130396,4.2484952420493585,1.0,15.0,0.2095371578297872,7.0,3.217989952701009,0
176.0321838771221,0.1637153677816383,3.8546117829100703,5.272999558563747,1.0,24.0,0.6348362677816727,10.0,3.296777327176818,0
136.5691258529452,0.2867243602555089,4.457321095119539,5.135798437050261,,7.0,0.1349156381178002,4.0,,0
231.0808273159782,0.2504815421468936,4.114267421801183,5.730099782973574,1.0,4.0,0.0770053478783328,7.0,3.649335834036879,1
229.3488720552213,0.2263454410124025,4.860800071805947,6.767343125265392,1.0,25.0,0.3238044571097526,3.0,4.209762074880046,1
5.0,0.0978767608398569,4.699561376738307,3.58351893845611,1.0,,0.525661072860914,6.0,3.1497480176599733,0
280.43402428781525,0.1932734616160555,2.7817460985822717,5.198497031265825,1.0,17.0,0.0762531595993101,7.0,2.9569969168927943,0
5.0,0.4774340144308879,2.7140368292582933,4.174387269895637,1.0,22.0,0.1291985840024873,7.0,2.612091195871511,0
253.25462043416573,0.4022043267600576,3.0987504555959235,6.513230110912307,1.0,4.0,0.1143324693613122,5.0,3.4706027216397994,0
262.6705136827583,0.526643700658367,4.7761386900669205,,1.0,26.0,0.4260615093135992,6.0,,0
40.903356978480176,0.5618571836782187,2.2236910032287542,5.278114659230517,0.0,19.0,0.6870339124226286,3.0,2.5355040165761307,0
108.91857120454152,0.2388377960740105,4.194757389107993,3.4965075614664802,1.0,28.0,0.2992264664066713,4.0,2.9670099308018067,0
39.42953315140643,0.3888028999152428,4.162543091092961,6.135564891081739,1.0,5.0,0.1222761410733927,6.0,3.781231475547027,1
128.50789697112646,0.1967868312456841,4.9626480586861925,5.883322388488279,1.0,16.0,0.2198443497546953,3.0,4.006087070070021,1
119.19657158142589,0.2682875891614247,,4.882801922586371,1.0,3.0,0.3538015002985291,7.0,,0
,0.2817560796487183,2.456790609416099,6.486160788944089,1.0,11.0,0.1351849410482967,3.0,3.201527492240007,0
281.0308746119608,0.3896707918039192,2.8406450393518767,7.018401799069201,1.0,25.0,0.2615356156995406,9.0,3.489471432321603,0
,0.464239270392065,2.618004478102175,5.5012582105447265,1.0,28.0,0.2195158622660952,4.0,2.9536760819510692,0
93.7831973421698,0.2462434194308858,3.26205603366686,5.5254529391317835,1.0,22.0,0.4869058833972199,2.0,3.1650771185268347,0
129.0778126255472,0.2839009918454536,3.617098432576073,4.663439094112067,1.0,15.0,0.6401951666366876,6.0,3.017832067936712,0
5.0,0.2322842010078658,2.634558473778943,5.575949103146316,1.0,19.0,0.0722256101305115,9.0,3.01216299842937,0
69.41299335038113,0.2789698335886024,5.0,5.159055299214529,1.0,21.0,0.2989432111429664,10.0,3.7879279475357652,1
246.48516330974576,0.2626657390278319,2.474718628047559,4.68213122712422,1.0,24.0,0.6480711222108041,10.0,2.5649125949141287,0
311.5582823548232,0.3549203203128289,5.0,,,14.0,0.1179713804328791,2.0,,0
26.5651128120078,0.1358035880415404,4.98516303143934,4.477336814478206,1.0,16.0,0.3808575344708457,,3.5610947500250285,0
90.75357408471058,0.1626143298030193,4.698302549689036,4.204692619390966,1.0,24.0,0.3001431967131143,5.0,3.3807001663502807,0
147.3594243041073,0.4362366372544073,3.106233392503249,5.459585514144159,1.0,6.0,0.500633575486215,9.0,3.0802422961473046,0
178.01611588196067,0.3288580333651671,4.142450879176901,5.6240175061873385,1.0,5.0,0.1475089992304836,7.0,3.6146838036808657,0
69.03964800783538,0.1936326276661852,2.5226288664493817,5.641907070938114,1.0,21.0,0.0084880847313319,5.0,2.9999260509149206,0
192.40610444640896,0.5840364554906169,4.710907035033749,4.997212273764115,1.0,17.0,0.0915895812749388,6.0,3.665208579887746,1
102.6160652929084,0.0353456149468425,3.726015218463731,5.10594547390058,1.0,16.0,0.1253465941036814,9.0,3.2971204107349306,0
148.5547729121721,0.2568160354186256,3.3906797854133144,6.2915691395583195,1.0,2.0,0.4223723201695044,4.0,3.459268191998921,0
,0.242844044324238,2.5762551533437303,5.272999558563747,1.0,28.0,0.2230438985067959,,2.8677931492052573,0
150.64222698109378,0.4506016759450525,1.322493881370983,7.186901020411631,,11.0,0.684522624911559,5.0,,0
106.36141094734312,0.2012025530093946,2.761459142964244,5.159055299214529,1.0,4.0,0.62012419707569,7.0,2.8282754075349184,0
139.03901960741692,0.2420367896416419,4.912798195612906,5.752572638825633,1.0,6.0,0.2169468991434782,4.0,3.9475016900641564,1
141.16370407946647,0.2777067245224466,3.397166571525196,2.772588722239781,1.0,27.0,0.265103137442878,,2.4376226177934375,0
112.99889701178722,0.1145922746323124,3.630671142884952,5.762051382780177,1.0,7.0,0.2878532020528492,8.0,3.423313231577464,0
124.12039373328976,0.2958076505489145,4.4555543582884525,6.350885716714739,1.0,17.0,0.3289802526111248,5.0,3.9216914078075775,1
309.86471705047165,0.2714119953989378,5.0,6.75343791859778,0.0,8.0,0.6201288238606173,10.0,4.102005610807211,1
206.09194479412383,0.4816905964950782,5.0,7.482681828154651,1.0,28.0,0.1336113630440523,2.0,4.5180822758375845,1
120.45196819708396,0.6850453067539968,2.827664996183812,4.605170185988091,,1.0,0.6848734774139204,3.0,,0
219.6954404510736,0.4770412591877109,1.8574294285625932,5.549076084895219,1.0,25.0,0.2498582290909025,10.0,2.657722951075423,0
116.618051024399,0.2261999582009992,5.0,5.19295685089021,1.0,,0.2885250237859656,10.0,3.80018205050987,1
267.31246375866414,0.1081587533821141,5.0,5.517452896464707,1.0,20.0,0.5778410250245004,5.0,3.839667663934512,1
186.9642192198094,0.1626555679283819,3.988453596429282,3.951243718581427,1.0,12.0,0.2335386564121389,4.0,3.034046822863713,0
139.26978559957712,0.1764489254160512,2.529511754418178,6.366470447731437,1.0,15.0,0.1458979994643548,9.0,3.192566236193832,0
194.77169258102776,0.1049033927213246,4.763226533893939,6.580639137284948,1.0,23.0,0.2103812472732004,9.0,4.13740610528842,1
5.0,0.4529803309720262,3.6920163139873896,5.19295685089021,0.0,27.0,0.6172813060046425,8.0,3.1112373196610905,0
37.32325310901948,0.3951666074119449,3.687018876893389,,1.0,30.0,0.4840223440253555,2.0,,0
30.607499360094465,0.250295834247512,4.694458843105129,3.828641396489095,1.0,22.0,0.6517198463413842,5.0,3.1960319869205036,0
164.29430947637067,0.2363619490218344,4.1343747468732985,5.846438775057724,1.0,15.0,0.2571476128008578,8.0,3.656252008706465,1
323.25149994850915,0.3609780565846199,2.614185088985055,4.727387818712341,0.0,29.0,0.5537607788436499,8.0,2.5531382254389943,0
373.1300146192632,0.300341590060349,3.475258064918026,6.580639137284948,1.0,9.0,0.5454023977187105,7.0,3.555214487608953,0
213.8051101440757,0.2139925057287351,4.461152928661346,5.8111409929767,1.0,16.0,0.5161566799759522,4.0,3.7245721333623587,1
200.0844474944457,0.2188676477121251,4.310252222405018,5.7430031878094825,1.0,30.0,0.3337779890105083,3.0,3.6802462475027506,1
5.0,0.4426153927073689,4.062016574358475,5.5053315359323625,1.0,2.0,,8.0,,0
95.73262002659784,0.1535010299565503,4.733422954475864,2.70805020110221,,15.0,0.6495742116766083,8.0,,0
,0.4433654211521142,3.438283012182735,6.693323668269948,1.0,15.0,0.1244096824592689,10.0,3.658428368862225,1
87.9152401748884,0.3253350724500852,3.978669775219072,5.6937321388027,1.0,27.0,0.1930017156772281,5.0,3.560987208592993,0
133.18561814152105,0.56565594075909,1.0,7.338238150065589,1.0,7.0,0.3102806691126629,3.0,2.839415311197144,0
102.79094223028729,0.2202397286675619,3.350349806157186,5.44673737166631,1.0,27.0,0.0801383408322651,5.0,3.258133465796315,0
5.0,0.1044566260728614,4.563902908575644,5.918893854273146,1.0,21.0,0.2683335302228832,4.0,3.847562613667625,1
224.79102561175335,0.3149812845420011,3.4096055328828574,2.8903717578961645,1.0,13.0,0.2070744864110868,8.0,2.4895388432397754,0
42.72569742601935,0.1355731263412047,3.333772608282888,5.703782474656201,1.0,23.0,0.6230411667138889,2.0,3.2200355523672375,0
173.92468641111495,0.1305557510112126,2.7585470482251813,6.075346031088684,1.0,17.0,0.4226413069577273,8.0,3.1414943672251323,0
357.40826697499733,0.5447537220816466,4.803365892729145,6.115892125483033,1.0,11.0,0.3708107814342246,10.0,3.9819518384497234,1
58.06154084135767,0.458297034584871,4.34846327354057,6.091309882077698,1.0,27.0,0.3976729166071568,6.0,3.7872436907181064,1
5.0,0.2513733219633596,4.6254145978230845,4.343805421853684,1.0,10.0,0.0597393715917441,4.0,3.4413595913669903,0
121.39957781198892,0.2896651488099214,2.07378603804211,7.013915474810528,1.0,25.0,0.1966531130198999,3.0,3.1943584350560226,0
260.09596349985713,0.2792099640260489,3.639549956734366,7.3783837129967145,0.0,1.0,0.3508326665267831,10.0,3.799168563287404,1
345.8347454220594,0.3627972552869115,3.5198889922499936,3.1780538303479453,1.0,14.0,0.4581183400786047,5.0,2.56974807798866,0
27.04504055475832,0.215615933076257,3.519428293401447,6.717804695023691,1.0,5.0,0.3208156652896405,6.0,3.658949592809758,1
199.66992232365217,0.0139980073737993,3.183972456282044,4.634728988229636,1.0,30.0,0.3124934567821104,1.0,2.9015089876252866,0
103.46895432199466,0.0829241501270663,3.4538957282199845,5.860786223465865,1.0,8.0,0.7559411468115372,1.0,3.288605928965446,0
139.40516456958645,0.1748130580083064,4.649644782706652,4.820281565605037,1.0,1.0,0.1762064923057833,10.0,3.570701084303016,0
414.4343347017035,0.2143874083053291,1.8871486466521703,6.938284484016959,1.0,7.0,0.1338408848855793,3.0,3.10957662688884,0
5.0,0.3829665781040867,5.0,3.4965075614664802,1.0,2.0,0.7491092041523435,2.0,3.199130427609475,0
175.37396614945737,0.4825188466401663,4.283841125026461,5.332718793265369,0.0,7.0,0.7268142884816177,1.0,3.3679892302938716,0
196.76931717654327,0.1721247551674376,3.7576681043397873,5.123963979403259,1.0,7.0,0.2484525528976408,8.0,3.2905659249773644,0
258.5786324939347,0.2689146079713267,4.706834146372926,4.77912349311153,1.0,9.0,0.3322957388816978,1.0,3.55001155870629,0
159.79831534708956,0.3793370078696171,2.348165254831565,5.7430031878094825,1.0,22.0,0.1635113920154275,10.0,2.9294647798723856,0
180.80505395041024,0.1719224193257422,3.135299094848986,3.7612001156935624,1.0,4.0,0.2162954500381866,8.0,2.6392205826400255,0
110.83514325782087,0.4637907771848696,3.678924567609446,5.937536205082426,0.0,23.0,,5.0,,0
176.91269412451072,0.0767288543936566,5.0,7.075808863978387,0.0,7.0,0.2322588555387053,4.0,4.276290888085775,1
,0.2457185703533102,3.753503418873442,6.194405391104672,1.0,20.0,0.4780354314137823,8.0,3.564115898598022,0
212.15718898560507,0.2446961601056634,4.250054671185146,6.380122536899765,1.0,18.0,0.7472057141862105,8.0,3.7646174867067455,1
,0.3727294203642797,3.210421004063872,4.897839799950911,1.0,13.0,0.1743345743608306,8.0,3.018653426738656,0
187.71003939021864,0.1116582669799616,4.28684206896749,4.770684624465664,1.0,11.0,0.1953952273048284,3.0,3.4068631694657303,0
147.07371863150215,0.4657699051750481,5.0,5.389071729816501,,9.0,0.4329258593113442,8.0,,0
,,4.795526691674114,2.70805020110221,1.0,14.0,0.2581251163546713,1.0,2.9790007137293744,0
144.86062764115138,0.2511483030636773,3.71854401222212,6.771935555839602,1.0,8.0,0.3988811023991128,4.0,3.739222051160906,1
5.0,0.2178584633498096,4.475490847265469,3.8501476017100584,1.0,21.0,0.5192049388548834,5.0,3.141399631648228,0
276.1921500713992,,4.377516954607212,6.551080335043404,1.0,14.0,0.2325024043433595,6.0,3.9698304014872345,1
59.42676991373811,0.4091058526954105,4.306587671697276,3.295836866004329,1.0,21.0,0.1653885766936647,5.0,2.9783084131414763,0
84.62336613511802,0.4301266324631075,4.911953360860409,6.251903883165888,1.0,17.0,0.6523993583220254,5.0,4.009872637629525,1
90.4338705956508,0.170458476879628,4.9044777038374665,3.912023005428146,1.0,,0.6104062323231526,5.0,3.3133167366988,0
287.44380931708173,0.1486180915452846,3.672841403125116,2.4849066497880004,1.0,25.0,0.1835067479819471,9.0,2.477907206590057,0
5.0,0.1477147215297695,4.441879061477769,5.945420608606575,1.0,27.0,0.3321124067632025,10.0,3.79395532582044,1
463.7748533659994,0.4456815551059094,3.4169050788402062,4.59511985013459,1.0,14.0,0.4591492890482683,10.0,2.953468128766806,0
255.6056809066052,0.2509882152731398,2.8769276036844222,5.932245187448011,1.0,26.0,0.3337805879177175,3.0,3.163688480124629,0
172.32389141291597,0.1236769700598855,3.5305062442960136,5.493061443340548,1.0,27.0,0.3176914115514795,2.0,3.2965826484102743,0
144.51059993837137,0.3838288772920273,3.723721848260417,3.5553480614894135,1.0,24.0,0.2110559923666718,10.0,2.8138819592776563,0
178.5554074857657,0.3972710032455374,2.138419010822008,6.694562058521095,1.0,5.0,0.2612376147667229,2.0,3.111488698931787,0
202.11224283793385,0.2189138907920403,4.66033255941672,5.198497031265825,1.0,10.0,0.2283767531424883,8.0,3.678006782517938,1
214.5215585950057,,1.0326745773976018,5.986452005284438,1.0,6.0,0.5078027221053483,,2.4074448881233024,0
205.56044660034485,0.7369290084627342,5.0,5.342334251964811,1.0,28.0,0.5290470080968811,5.0,3.7968908739700673,1
158.95806812552487,0.2358988475454321,5.0,5.631211781821365,1.0,10.0,0.0392755109698631,6.0,3.981508432352437,1
130.2661579692674,0.3585391370756685,3.5389912758276862,4.6913478822291435,0.0,11.0,0.1675883231566842,9.0,2.989483210368481,0
134.87267163464884,0.2258334319789855,3.809426360563773,4.219507705176107,0.0,26.0,0.2142200386919217,7.0,2.9467788480399566,0
130.5091719647319,0.1522698461226379,4.102971873587283,5.459585514144159,1.0,24.0,0.5448133853317946,5.0,3.470101726611802,0
263.37700968670646,0.3284605320005925,,5.164785973923514,1.0,6.0,0.2392850047286766,5.0,,0
209.35567222808615,0.1194775858709381,3.992619147586936,5.003946305945459,0.0,10.0,0.2284962778516565,10.0,3.252532295248081,0
5.0,0.3726880031657027,3.656000022298339,5.814130531825066,1.0,14.0,0.2891671771409538,9.0,3.448805733038665,0
215.5900776529761,0.5856838473440281,3.705727282769034,,1.0,20.0,0.3700419868283053,9.0,,0
169.4736194718775,,3.9814610634806384,2.70805020110221,1.0,3.0,0.4508496649339511,2.0,2.6148295527361283,0
148.12912435541026,0.1873079307230055,2.4864722016460057,4.828313737302301,1.0,7.0,0.3932860315942744,7.0,2.6644257955302377,0
111.14815469111142,0.1336147543659826,3.839569724133648,5.075173815233827,0.0,,0.0413472726586322,10.0,3.250110579691881,0
262.41127199860136,0.1931248424929694,3.963447746617477,3.4339872044851463,1.0,2.0,0.3804441090451709,1.0,2.8394864381835005,0
244.75264621228575,0.2198720588507059,3.9288496213559134,4.394449154672438,1.0,7.0,0.2139238028239627,4.0,3.1470898343793046,0
72.7122332176391,0.4593999098954304,3.5841692445638453,2.772588722239781,1.0,17.0,0.1037795034873852,2.0,2.5446884137999954,0
190.7052287124535,0.3320312301706407,4.937857775969372,7.424165281042028,0.0,13.0,0.5757691103393906,10.0,4.2872388726324795,1
52.834326545871406,0.4353973697178231,3.4463474451184486,5.993961427306569,1.0,26.0,0.2748000668657737,9.0,3.4217673928661956,0
12.03818352110696,0.1960525025287615,4.02732590682319,3.332204510175204,1.0,21.0,0.3704676268505849,6.0,2.8364981904117204,0
87.32827754100349,0.3139811553207685,5.0,1.9459101490553132,1.0,9.0,0.4638697762501263,4.0,2.7909990894665686,0
236.23934723827588,0.2987229163684188,3.720623859979688,5.945420608606575,1.0,13.0,,3.0,,0
245.31250453760867,0.0383652504874439,4.014463267467551,5.159055299214529,1.0,15.0,0.0837866923583481,4.0,3.4367445582797096,0
201.3085420097293,0.0439459714674067,3.703615363685103,6.139884552226255,1.0,13.0,0.3485386318239814,2.0,3.5537037847771216,0
222.5095786847997,0.0495948448474686,5.0,6.648984550024776,0.0,17.0,0.423582164384594,5.0,4.109978932130514,1
201.61782871149583,0.2395636514821449,3.5422754384137045,5.616771097666571,1.0,8.0,0.218205622022585,9.0,3.358300380260936,0
85.85184047770478,0.4062459785352231,5.0,4.143134726391533,1.0,9.0,0.2855874134873248,6.0,3.485822935219995,0
193.1922544673941,0.1450204160911776,3.6964121053529353,6.1268691841141845,1.0,9.0,0.2189108830812833,2.0,3.5728434207591726,0
230.04095252276824,0.091081761756205,2.940540276551983,6.841615476477592,1.0,,0.0495794807675736,6.0,3.518784857410556,0
225.42913298135744,0.1772685793860901,4.479373170574121,5.564520407322693,1.0,16.0,0.5234643073898549,,3.6564125289484855,1
,0.2568282802399632,3.495332166244344,5.840641657373398,0.0,20.0,0.1601486335956246,4.0,3.3182956369906322,0
220.8303847201064,0.1352306367742785,4.420500899099163,4.820281565605037,1.0,30.0,0.2966008617375805,1.0,3.4549646569736603,0
185.14482075415827,0.1043227054100807,1.070595615076266,4.976733742420574,1.0,30.0,0.3275871373829399,2.0,2.155740941280091,0
257.01502383164274,0.0987075198371332,3.805205261894946,5.988961416889863,1.0,7.0,,5.0,,0
,0.6799009194853185,3.3403947012425195,6.670766320845874,,17.0,0.1951805850363402,10.0,,0
61.81253487722822,0.0816159498934261,2.736741313468721,5.697093486505405,1.0,7.0,0.293519771810136,7.0,3.0451206169770826,0
133.6933036056236,0.3461513181306255,3.2467589981602005,6.148468295917646,1.0,6.0,0.3628337255270377,8.0,3.3706773429339667,0
75.50973551935509,0.6697424146261156,3.226296855707348,4.04305126783455,1.0,5.0,0.2045889382527158,3.0,2.7625163349827613,0
