Product_Price,Discount_Rate,Product_Rating,Number_of_Reviews,Stock_Availability,Days_to_Deliver,Return_Rate,Category_ID,Performance_Score,Good_Performance
0.4709133304666045,-0.70972999452071,0.7896402085730229,-0.8128227577345182,0.33596069197719725,-0.771014229969322,-0.8369726497130052,-0.20763970640770588,0.007483308764033219,
-0.22614901813569596,-1.58459886909347,-0.8074597896384462,0.1329586655437025,0.33596069197719725,-1.4925346881576549,0.3244228767602727,1.6070587396577998,-0.5212974816728476,
0.6366489688273569,-0.06967224847578025,-1.0006748497895877,0.8355318917261115,0.33596069197719725,0.43151986701123285,-1.5861478363794446,-0.5705793956208071,0.04529521936200203,
1.597575235142298,-1.2439195616416938,0.8619882005051842,0.3156983300362787,0.33596069197719725,-0.530507410573211,0.0,0.5182396720184964,-9.728482535567586e-16,
-0.3314134761268317,0.8057806184732328,-0.2051020506097706,1.1086588212382413,0.33596069197719725,-0.16974718147904458,1.9980559668242872,0.15529998280539523,0.5979359941377824,
-0.33139545313386837,1.4760596628640001,-2.1517831602014517,0.464764243092557,3.851540552412827e-16,-1.6127880978557105,-1.2487699240029475,0.5182396720184964,-9.728482535567586e-16,
1.659251383621472,2.2410232346021086,-5.148716173818101e-16,0.5814583398050724,0.33596069197719725,-1.011521049365433,-0.9082241820735122,0.15529998280539523,-9.728482535567586e-16,
0.768103131754054,-0.09868407382521689,-0.42199120359374437,0.5338354828035968,0.33596069197719725,-0.6507608202712666,-1.3796054325529363,-1.2964587740470093,0.22285800826096464,
-0.5897425826818606,-0.8121408152859056,1.4724374233743083,0.03935659672740526,0.33596069197719725,-0.6507608202712666,1.188502358727734,0.5182396720184964,1.0610250743402043,1.0
0.5212417218431815,0.09660756372124422,1.4724374233743083,0.5814583398050724,0.33596069197719725,0.5517732767092883,0.8845254098727855,0.8811793612315975,1.5228012746090571,1.0
-0.5830937071099139,-0.25503628683738955,-1.079386216797633,-7.209671949983916e-16,0.33596069197719725,-1.733041507553766,-1.375177523236598,0.5182396720184964,-9.728482535567586e-16,
-0.5856318255158597,-0.0621224332583287,1.2790397851834974,1.0030227877272146,0.33596069197719725,0.0,0.058708535270539076,-0.5705793956208071,1.7800970600952697,1.0
0.19125353473433826,1.1954700423195372,-0.6741025037265165,0.786743318863057,-3.133198627352555,0.6720266864073439,0.6635278136107504,-0.5705793956208071,-0.1357797318151005,
-1.666137353091727,-0.4385635779916569,-2.083057860302126,-0.5696941387866723,-3.133198627352555,-0.16974718147904458,1.5842181384783558,-0.20763970640770588,-2.3681641317745075,
-1.666137353091727,-0.23033156427534715,-0.4111018898590761,0.7630545903098095,0.33596069197719725,1.3935471445956769,-1.215597437526555,1.2441190504446986,0.4043235627182883,
-0.6916303667915725,-0.9841800980884033,0.5421881220538903,-3.050651803253667,0.33596069197719725,-1.6127880978557105,-0.7818380782830259,-0.20763970640770588,-1.9954801791509018,
-1.1862250600236246,-0.19010132603887847,-0.4553191810316555,-0.6821896410346748,0.33596069197719725,-1.1317744590634884,-0.44327859475838943,-1.2964587740470093,-0.8573254171923785,
0.270606139658201,1.8641337608362756,-0.27481605532799874,-1.7046068886968915,0.33596069197719725,-1.733041507553766,0.6466179488182067,-0.20763970640770588,-1.6307060026635516,
-3.1200591762375035e-16,-0.7241520165405163,1.407008583676384,0.7921131525427327,0.33596069197719725,-1.4925346881576549,-0.935809969006994,-0.9335190848339081,1.78091603498221,1.0
-1.624755365549065,0.9903289991232773,-5.148716173818101e-16,0.7348337795451013,0.33596069197719725,-1.3722812784595995,-1.133039738381374,1.6070587396577998,-9.728482535567586e-16,
1.5345838133937062,-0.30348856647498756,-0.896537735198004,0.8767456616130012,0.33596069197719725,-0.2900005911771001,-0.24372001130327314,0.8811793612315975,0.05632561261485127,
-0.3222173482842917,1.024606216922793,0.8950974498427174,-3.6133049452406936,0.33596069197719725,-1.4925346881576549,-0.5376834448185844,1.6070587396577998,-2.2026639846547105,
-0.00023551427735526417,0.8464479181771443,0.3103546919388532,0.16061174485999086,0.33596069197719725,-0.0494937717809891,-0.24460623945447743,1.6070587396577998,0.3887642146387956,
-3.1200591762375035e-16,-1.046913223309281,-2.842345824864531,0.617642019021091,0.33596069197719725,-0.2900005911771001,-0.12524919960836747,-1.2964587740470093,-1.6330061588017954,
-0.6719749514869318,0.8169145845293821,0.5777991963644807,-0.9843501458806243,0.33596069197719725,0.7922800961053993,-0.48925165546753197,-0.5705793956208071,-0.31767049512471973,
0.0474016799302734,-1.3002711358548869,0.535453477017568,0.49361738032180713,0.33596069197719725,-0.530507410573211,-0.30950227847294265,0.0,0.8333860599517278,1.0
-1.3378961068000779,-1.1914403726214804,0.10450024126526614,-1.5006056943405996,0.33596069197719725,-1.3722812784595995,2.1494957086020223,-0.5705793956208071,-1.2919766741362317,
0.3380650574376201,-0.3774737092063961,1.1149988345912714,-7.209671949983916e-16,0.33596069197719725,1.7543073736898431,0.5414857823412184,-0.20763970640770588,-9.728482535567586e-16,
-0.7337312443215587,1.6758752070714302,-0.6983928777334352,0.10015675225642079,0.33596069197719725,0.1910130476151219,-0.5477193894236421,1.6070587396577998,-0.39977626864437593,
-0.39457975952042157,3.582633830170259e-16,0.47130580279423495,0.5038602531096108,0.33596069197719725,-1.252027868761544,0.6422627671198875,-0.5705793956208071,0.721557353528761,
-0.7349035808458025,3.582633830170259e-16,-1.7355415481113698,-1.0335613883172408,0.33596069197719725,0.6720266864073439,1.1647753307233388,-0.9335190848339081,-2.230430459471932,
1.9590152357402866,-1.5056512853131028,0.5531476777962288,-0.8258108251809836,3.851540552412827e-16,1.1530403251995658,-0.9502378518634748,-1.6593984632601104,-9.728482535567586e-16,
-0.08918306164700637,0.6047687730579691,1.4724374233743083,-0.7389776087168882,0.33596069197719725,1.0327869155015104,0.0,-0.5705793956208071,-9.728482535567586e-16,
-1.2354929124939713,3.582633830170259e-16,-1.0722522809696622,-0.5988614764834357,0.33596069197719725,-0.8912676396673775,1.712597310999287,1.2441190504446986,-1.4184100982468024,
0.8286016152950226,0.12713146387607285,-0.7997332825645929,-0.6394567801326475,0.33596069197719725,0.6720266864073439,1.018615617890496,-1.6593984632601104,-1.1930717325426845,
-1.4145756465547668,0.36167844302205676,-0.7420112020220089,-0.10324691767268025,0.33596069197719725,1.0327869155015104,1.3160225340562104,0.5182396720184964,-0.7377052546837374,
0.1549186936582902,1.2205727962880801,0.23189040745166623,0.5038602531096108,-3.133198627352555,1.7543073736898431,1.514519463400894,-0.9335190848339081,0.25588729897121526,
-1.666137353091727,-0.20344213674048908,-1.1512992496948113,0.007158844557521393,0.33596069197719725,-0.6507608202712666,0.12162556126454212,0.8811793612315975,-0.8677564258266757,
-1.532413258536871,1.3824756859924523,0.5695611255937916,0.781337725761159,0.33596069197719725,-1.011521049365433,0.03366948032512687,0.15529998280539523,1.0662781798869645,1.0
0.1417428251028377,-0.8582790511473093,1.0629879604334478,0.6501591930366932,0.33596069197719725,0.1910130476151219,1.1394427276604153,-1.6593984632601104,1.2497739581535607,1.0
0.7363026730874885,-1.4441273927602998,0.700687695567426,-1.1615146184704623,0.33596069197719725,1.5138005542937323,-0.43069728944442953,1.6070587396577998,-0.3726346553033438,
0.1137573419035017,1.0413539134232237,-1.9691072423369012,-1.9253455192796138,3.851540552412827e-16,-1.011521049365433,0.4019354445881807,-0.20763970640770588,-9.728482535567586e-16,
-0.20132175814752656,-1.1424493999601981,1.2349573108368108,1.0575579720595834,0.33596069197719725,1.3935471445956769,0.9403560484767753,0.8811793612315975,1.7245712219217584,1.0
-0.4049097461106501,0.0826764970067394,1.167944404401769,-1.5630778111150694,0.33596069197719725,1.0327869155015104,0.0961381997684471,-0.9335190848339081,-0.3842505517283092,
-1.666137353091727,1.6090535611468264,1.0436510260317147,-1.01682395209081,0.33596069197719725,0.43151986701123285,-1.0000603563772834,-0.5705793956208071,0.04657656978853769,
-0.8645918713678065,-1.4194610438619386,0.5134408077882958,-2.5963910196592654,0.33596069197719725,-0.771014229969322,0.0,0.5182396720184964,-9.728482535567586e-16,
-0.5800430810918988,0.3249524932661387,0.3364568561060559,0.4458543753749408,0.33596069197719725,1.0327869155015104,0.8881870852819104,0.15529998280539523,0.554165435209932,
1.0861143110869866,3.582633830170259e-16,1.2781117343846176,0.3440726054981761,0.33596069197719725,-1.6127880978557105,0.4798512550354609,0.5182396720184964,1.2141976894612057,1.0
-3.1200591762375035e-16,3.582633830170259e-16,1.4724374233743083,1.6449166799671173,0.33596069197719725,0.7922800961053993,-0.04414080880130321,1.2441190504446986,2.4536978356763806,1.0
-1.666137353091727,3.582633830170259e-16,-1.0237714487922036,1.0866193616047597,0.33596069197719725,0.5517732767092883,-0.5569183462235076,1.2441190504446986,0.15365459135055068,
0.2814045362095464,-1.2525720401962313,1.3311374926552082,-0.0613415154536043,0.33596069197719725,0.43151986701123285,-0.1705275594113666,-1.2964587740470093,0.9749970314768276,1.0
-0.4970991884236146,-0.8061449223202027,-0.018787003760108778,-0.1646445976288869,-3.133198627352555,1.3935471445956769,0.4450170684474725,-0.9335190848339081,-0.3943079626245783,
-0.8174730203572408,-1.4934650121647555,-0.06916930721506512,-0.39047250442895204,0.33596069197719725,-1.1317744590634884,0.33237449236476735,-0.5705793956208071,-0.38767697980661886,
0.5971156856393056,0.48972418367508724,-5.148716173818101e-16,-1.000424669128043,0.33596069197719725,-0.6507608202712666,0.6757803980900507,0.15529998280539523,-9.728482535567586e-16,
1.0574375062457613,0.25294617633052274,-0.24900932154138905,-1.0859496872466476,0.33596069197719725,-0.2900005911771001,-0.7323409570960675,-0.20763970640770588,-1.0065310597057828,
0.9479682147079708,1.7082443760906532,-1.075044788831514,-1.1228531737411234,0.33596069197719725,1.1530403251995658,-0.49631835681560327,0.15529998280539523,-1.6784906551928163,
-0.9956367007573936,-1.1428186103451623,-0.45661512329047693,-1.2448427830217015,0.33596069197719725,-1.6127880978557105,-1.3480139602842256,0.8811793612315975,-1.2457408208600258,
-0.4138112382324904,-0.45053364629531417,-1.1920518598942857,-7.209671949983916e-16,0.33596069197719725,-0.6507608202712666,1.7456079159114093,-1.2964587740470093,-9.728482535567586e-16,
0.28928595740828167,-1.347392228920114,-0.43928686413296736,-0.36040473746882823,0.33596069197719725,-0.6507608202712666,0.0,0.15529998280539523,-9.728482535567586e-16,
0.9965611555210616,-0.711374474123589,-5.148716173818101e-16,1.4132641713083178,0.33596069197719725,1.2732937348976212,-1.4013985520599552,1.2441190504446986,-9.728482535567586e-16,
-0.6003908204435978,1.9906741983219027,0.1933485220616075,0.3378523689483309,0.33596069197719725,0.0,-1.4896509277883248,-0.20763970640770588,0.5375423261047392,
-0.2781776241341089,0.7110899915556637,-1.79094926105441,1.6548387212721818,0.33596069197719725,0.7922800961053993,-0.6024081090133415,-1.6593984632601104,0.03728794021834312,
-1.2888710874823295,-1.1709024281476665,-1.5947440737903054,-0.1646445976288869,0.33596069197719725,-1.3722812784595995,-1.746838540652809,0.8811793612315975,-1.20136861831564,
-1.3875297790665282,-1.6509518256337385,0.5007710433708921,0.057197686281818136,0.33596069197719725,0.9125335058034548,2.4308090163560143,-0.5705793956208071,0.24757766945945717,
0.8176029268239333,-1.6717846808627144,-0.8433679849651226,-0.30341735032911077,-3.133198627352555,-1.6127880978557105,-1.119362848638233,0.8811793612315975,-1.0121283261848866,
1.414477827113122,0.5226613505175302,1.3269687913862411,-0.8390100899481893,0.33596069197719725,-1.011521049365433,0.8902452902780329,-0.5705793956208071,0.26238709024015533,
-3.1200591762375035e-16,-0.8252163163285966,0.34234701900132847,-1.0506512173851883,0.33596069197719725,0.31126645731317737,-0.06274035707053514,0.8811793612315975,-0.5814068314019244,
1.0272853810382327,2.9113164247822616,0.7846446906518437,1.319210089502557,0.33596069197719725,0.1910130476151219,0.48337042257820123,1.2441190504446986,1.6304611736966181,1.0
0.3226281776351697,-0.2794125930264393,1.4724374233743083,1.6436678537243619,0.33596069197719725,-0.530507410573211,-0.9865178012940801,-0.20763970640770588,2.5236189333151278,1.0
-0.7825613663742813,-0.7487494242076558,-0.2779028916180256,-2.0337378776722383,0.33596069197719725,0.6720266864073439,1.319047436077801,-0.20763970640770588,-1.9501232075819759,
0.3223642515010543,3.582633830170259e-16,-0.5848808356049331,-1.01682395209081,0.33596069197719725,0.31126645731317737,0.0,-1.2964587740470093,-9.728482535567586e-16,
1.6140491997136672,1.037699333987418,1.0918134023761963,-0.026368978902159314,3.851540552412827e-16,-0.8912676396673775,1.6181912437781232,0.0,-9.728482535567586e-16,
-0.1136950363213342,-0.5785348369046578,-5.148716173818101e-16,-0.8258108251809836,0.33596069197719725,1.5138005542937323,1.439949664537329,-0.5705793956208071,-9.728482535567586e-16,
1.6432577501270738,-0.16470232455550973,-0.13601642917857945,-0.18817485088191763,0.33596069197719725,1.5138005542937323,-0.030614830072358382,-0.9335190848339081,-0.24709386787870571,
-1.666137353091727,-0.05035528108942249,1.4724374233743083,-1.1419537467098653,-3.133198627352555,-0.41025400087515557,0.3654085737547099,-1.2964587740470093,-0.05249873131664574,
0.8278963972885438,-0.24361122624217818,-0.16490141715064333,0.052774041014183704,0.33596069197719725,1.0327869155015104,1.2819011348368106,-0.9335190848339081,-0.17264055032723913,
0.021191771607331898,0.6570564397887796,0.11916940480378857,-0.4709082463302138,-3.133198627352555,-1.733041507553766,-0.0039293618453348595,-0.5705793956208071,-0.5042057088112225,
-0.4026084345534029,-1.27246246450713,0.1057773315812163,-0.2185805364888506,0.33596069197719725,0.5517732767092883,-0.45761612789661926,1.2441190504446986,-0.05682334562646142,
0.02636635438997824,-0.30745783724950715,-1.0023847221373605,-1.4150806762219947,0.33596069197719725,1.7543073736898431,-0.7039409729125304,0.15529998280539523,-1.844539661159829,
-1.666137353091727,-0.5585251981675916,0.17112360383063605,-0.016647462735811885,0.33596069197719725,1.1530403251995658,0.7344936880267585,1.6070587396577998,0.06632477837932878,
-0.3155160874935695,0.7357713622640937,1.4724374233743083,1.597380528063769,-3.133198627352555,0.6720266864073439,-1.7969248088168965,-0.20763970640770588,2.328076736716721,1.0
0.3176624514365077,1.1645592155613644,0.5970628904780182,-0.28977439224794177,3.851540552412827e-16,-0.41025400087515557,-1.1351561563455734,1.2441190504446986,-9.728482535567586e-16,
1.5480263493823265,-1.0266669034297955,0.11718660683243275,1.0536894807139645,0.33596069197719725,1.3935471445956769,0.0,0.8811793612315975,-9.728482535567586e-16,
-0.6433093411568556,0.7534421272756837,-0.10637896531507743,-7.209671949983916e-16,0.33596069197719725,0.0,1.0880333635606039,0.0,-9.728482535567586e-16,
-0.9619088035003247,-1.274685317291719,0.46477524902117107,1.35654837405493,0.33596069197719725,1.6340539639917877,-0.17931441576311286,-0.9335190848339081,1.4688139644062586,1.0
-0.6251816200415106,-0.2528452000930487,0.9504423398474979,0.8167131229253392,0.33596069197719725,-1.1317744590634884,-1.0374213782493629,0.5182396720184964,1.4634087020716124,1.0
0.9305377698102916,-0.1452175831327177,-5.148716173818101e-16,0.5164847205958265,0.33596069197719725,-1.4925346881576549,0.5875923439000444,1.6070587396577998,-9.728482535567586e-16,
0.28652799785280647,1.0842579276946265,-0.30358802719436956,0.9933344232995618,3.851540552412827e-16,-1.252027868761544,-0.451372783562394,0.15529998280539523,-9.728482535567586e-16,
-0.6559227396441195,0.6616224488260868,0.4577198706668263,-1.5962145303042672,3.851540552412827e-16,-0.16974718147904458,0.983586668543742,0.8811793612315975,-9.728482535567586e-16,
0.4890850782307307,-1.2250211726265765,0.6376083352896814,0.07032579287254291,0.33596069197719725,0.0,-0.8089124526120671,0.15529998280539523,0.6054798479968461,
0.03220296525335698,0.6189665057060141,-1.0865575440754274,1.68151507519909,0.33596069197719725,-0.2900005911771001,0.0,1.6070587396577998,-9.728482535567586e-16,
0.9889863702900797,0.06999668344516652,0.2762164879337362,0.766744309833937,0.33596069197719725,-0.2900005911771001,0.5658573558567043,-0.5705793956208071,0.7926960978973229,
-0.8450612621195153,1.9581461283718908,-2.424617335142737,1.416577387735383,0.33596069197719725,1.6340539639917877,-0.1898694424580446,1.6070587396577998,-0.6655900891252094,
-0.43406490265694037,-0.7157016434342728,0.6406157509539969,0.7903271520473495,-3.133198627352555,0.1910130476151219,-1.4655206386729889,0.5182396720184964,1.0210364086615895,1.0
-0.5048120034081655,-0.4684194350462914,0.8467657381233853,-7.209671949983916e-16,0.33596069197719725,1.0327869155015104,0.5569544810378702,0.5182396720184964,-9.728482535567586e-16,
-3.1200591762375035e-16,2.1522169789722483,0.9478679160772396,0.6198508282688441,0.33596069197719725,1.3935471445956769,-0.808239453231596,0.8811793612315975,1.2848290526969715,1.0
0.2507067433586181,1.292331125437786,-0.3768404567470901,0.7443501475958664,0.33596069197719725,-0.0494937717809891,-0.37462779587944933,-1.2964587740470093,0.35177553297280345,
0.21221331968782214,-1.2313127457078548,0.439477182756219,0.21324275178872076,0.33596069197719725,-1.1317744590634884,1.3396831422055206,0.15529998280539523,0.4097173587301649,
-0.0687527538363097,-0.24096912508499288,1.4724374233743083,1.2244163089446396,-3.133198627352555,-0.41025400087515557,0.42661991572041374,-0.9335190848339081,1.858752782530777,1.0
-0.3318896447630529,0.3500918571973632,1.4724374233743083,0.9051751512206047,0.33596069197719725,-1.6127880978557105,-0.20291163455264433,0.8811793612315975,1.8667394089620086,1.0
-1.6281222807413216,0.7352428689707935,0.04734957693458377,0.957757436743763,0.33596069197719725,-1.3722812784595995,0.6330666912291221,0.0,0.7693078883749374,
-0.5361393442902973,-1.0910760757080382,0.24269753071672467,0.5460056792512148,0.33596069197719725,0.5517732767092883,-0.2480174574731746,-0.5705793956208071,0.6499081457022509,
-0.45058899141244,1.7443768634483117,1.3691488903861655,-0.36781791134463987,0.33596069197719725,1.1530403251995658,-1.4390581543077885,-1.2964587740470093,0.8510783576365983,1.0
-0.9550846788071828,-1.4459961347195325,-1.6588395159946618,-2.2294980175121797,0.33596069197719725,1.1530403251995658,-0.665570182776107,0.0,-3.0029434848327097,
-0.251421306292815,3.582633830170259e-16,-0.2933980295786822,1.2741818692509068,-3.133198627352555,0.6720266864073439,0.4548286714206966,0.15529998280539523,0.5623045358700016,
0.3691900445020978,1.570260756407048,1.4724374233743083,0.3533144916403467,0.33596069197719725,-0.41025400087515557,-0.9834830389467244,-1.6593984632601104,1.4786955291938406,1.0
1.996238219424333,-0.1032197263639098,1.2118076712387018,-0.38285050572730356,0.33596069197719725,-1.4925346881576549,2.293050213012053,0.8811793612315975,0.43907575019559064,
0.11728067982065174,-0.06391785815750718,0.5092919721181062,-1.01682395209081,0.33596069197719725,0.1910130476151219,-0.2237887997048054,-0.9335190848339081,-0.4157208222478256,
0.2083657546500102,0.09158990977520565,-1.6646716889300868,0.91749776960861,0.33596069197719725,-1.1317744590634884,-1.4510399826063374,-1.6593984632601104,-0.4003610652661671,
-0.15609090305885207,-0.9477124215520041,0.02330673297708538,0.937131433092135,0.33596069197719725,1.0327869155015104,0.308510517352829,1.6070587396577998,0.7588662831132904,
-1.666137353091727,-1.3763521269220582,-0.6027686717140133,0.8783514720233053,-3.133198627352555,0.1910130476151219,1.437956230600827,-1.6593984632601104,-0.06598876488165616,
-0.10347239234158123,0.2721204366784898,0.46497451811833485,0.48324360466059324,0.33596069197719725,1.3935471445956769,1.505441203091463,-1.6593984632601104,0.6351095984957458,
-0.008247057542881749,0.46968768324265797,-0.857174633244708,-0.18222803382526057,0.33596069197719725,0.1910130476151219,1.638910748650218,-0.20763970640770588,-0.9129938716494986,
2.629715080343412,0.14705008072880071,-1.1080391538476864,-0.36781791134463987,-3.133198627352555,-0.530507410573211,0.10042828660959204,-0.20763970640770588,-1.3561193631832706,
-0.285534887276791,-0.6882591315012133,-2.312807587695065,-3.2841739562653465,0.33596069197719725,0.9125335058034548,-1.0570043727788299,-1.6593984632601104,-4.321634671021113,
0.2566644303282072,-1.1391101871674472,1.4724374233743083,0.9296361176247302,0.33596069197719725,-1.011521049365433,-0.026588407385970163,-0.20763970640770588,1.8732717319562753,1.0
-0.11247182119788317,-0.3881385829494013,-0.3823170097372499,-1.471084735685212,0.33596069197719725,-1.6127880978557105,0.0,0.5182396720184964,-9.728482535567586e-16,
-1.3573096337908743,2.2712122739339624,0.2633649552100828,0.45130229446641035,0.33596069197719725,0.43151986701123285,-1.2584230789134307,-0.20763970640770588,0.6649075177730488,
1.1801941227102004,-0.28302692802173485,0.0785772039014798,0.16834263089185975,0.33596069197719725,-1.6127880978557105,-1.0354533581017213,1.2441190504446986,0.2793727693891347,
0.7510857843545794,-0.45838652092785115,-5.148716173818101e-16,0.22049045080967727,0.33596069197719725,0.7922800961053993,0.6736499019789829,-0.5705793956208071,-9.728482535567586e-16,
0.7940075258553606,-0.24805956680974048,-1.3785724641022692,1.2348233347962358,0.33596069197719725,1.6340539639917877,-0.6599516589217842,1.2441190504446986,0.013240497786598384,
-1.0726673731853107,-0.3196121072881775,-1.0843780555294216,-2.3068648071843687,0.33596069197719725,-0.2900005911771001,-0.4857245649529111,0.0,-2.6449407786040493,
-3.1200591762375035e-16,1.5807901213794686,-0.7572606252048402,-7.209671949983916e-16,-3.133198627352555,1.0327869155015104,0.7603305518964498,-1.6593984632601104,-9.728482535567586e-16,
-1.6132807387741088,0.6676309676420615,0.5062108634883508,-1.8761342768429976,0.33596069197719725,1.0327869155015104,-1.1494176012812078,-0.5705793956208071,-1.0440921946600115,
0.5698698377346026,-0.7567532374836635,-5.148716173818101e-16,-2.1588676722912936,0.33596069197719725,0.0707596379170664,-0.45086969479144046,0.0,-9.728482535567586e-16,
2.330257377776651,-0.5354581546620151,1.4724374233743083,-0.01183001893637487,0.33596069197719725,0.1910130476151219,0.03375382414025901,-1.6593984632601104,1.1065006573208802,1.0
-1.1617504306815423,-0.2069536985650879,1.272038441056068,-1.7442116651973418,0.33596069197719725,-0.530507410573211,-0.3138203394716764,0.0,-0.42136853465538393,
-0.6960326573955281,0.013346930529272388,1.018374258534437,0.8132441565446827,0.33596069197719725,-0.771014229969322,-1.8759758071838235,-1.2964587740470093,1.5750605232158812,1.0
0.03502843127113835,-0.9435800634993023,-0.05755902427200831,0.2276740100603228,0.33596069197719725,1.3935471445956769,-1.5923133729672776,0.8811793612315975,0.26643154528066476,
-0.6270682646758957,-0.6358649528562581,1.4724374233743083,-2.3923898253029736,0.33596069197719725,1.0327869155015104,2.6374782865779065,-0.5705793956208071,-1.016827329960786,
-1.666137353091727,1.7955162055422904,-0.1715810228256062,-7.209671949983916e-16,0.33596069197719725,0.0,0.0,0.8811793612315975,-9.728482535567586e-16,
0.0009004286574604826,1.6595920006578058,0.044927946304490096,0.4123759441631493,0.33596069197719725,1.6340539639917877,-0.8684406654112445,-1.6593984632601104,0.4389438343031271,
-1.2405347486656662,-0.5130654587088912,0.27823845861497004,0.8572239937787927,0.33596069197719725,-0.16974718147904458,-0.8105047230656589,-0.20763970640770588,0.9710763766871489,1.0
0.44553092261162797,-0.6014908625569287,0.8948571283151198,0.007158844557521393,0.33596069197719725,-0.2900005911771001,-1.2798451570024771,1.2441190504446986,0.7842138047736427,
-1.08368548096852,0.6760060218743823,-5.148716173818101e-16,0.2829625675841469,0.33596069197719725,1.1530403251995658,1.8894019740493058,0.5182396720184964,-9.728482535567586e-16,
1.6271103283699577,-1.49787583362281,-0.4696824081818882,0.8405894588515663,0.33596069197719725,-0.530507410573211,-0.45507323487702495,-0.9335190848339081,0.3655779913714223,
-0.934200666255049,1.4599188185073337,-0.5367743733604419,0.4066594635121736,0.33596069197719725,-0.41025400087515557,-0.7078051900668029,-0.5705793956208071,-0.017425137733269636,
-0.4279166805416054,-0.7678780833250995,0.8230677383075614,-0.6499309499437242,0.33596069197719725,0.7922800961053993,-0.32692939907318846,1.6070587396577998,0.1262374823858506,
0.818691253688322,0.4056427581178252,-5.148716173818101e-16,0.4123759441631493,0.33596069197719725,-1.4925346881576549,-0.6598333199907324,0.5182396720184964,-9.728482535567586e-16,
-1.4255760659441241,-1.434597234775383,-0.37487445112870044,0.4458543753749408,0.33596069197719725,-1.733041507553766,-1.2388134616489075,0.15529998280539523,0.17664025630468708,
0.17533325744571207,0.7242376471243803,-1.758994454619628,0.6834658916836752,3.851540552412827e-16,1.3935471445956769,-0.5027100264489804,-0.5705793956208071,-9.728482535567586e-16,
1.3605801537353601,0.47252030314568905,-0.15918770609880123,0.4292877412317671,0.33596069197719725,-0.8912676396673775,1.515046628481972,-0.9335190848339081,0.1189618950813191,
-1.666137353091727,0.32155282622306436,0.8040802605474318,-7.209671949983916e-16,0.33596069197719725,1.2732937348976212,-0.5369761385769034,-1.2964587740470093,-9.728482535567586e-16,
0.12831993758986834,-1.0411770561220783,1.4724374233743083,-0.7750607445627798,0.33596069197719725,0.43151986701123285,-0.8421839970331239,1.6070587396577998,0.5545056687580378,
0.210926204801941,-0.6469849687119723,-1.30772581207286,1.3511903552767193,0.33596069197719725,-0.2900005911771001,-0.3263435378439966,1.2441190504446986,0.13588880027121686,
0.7838980495559562,0.142382765353518,-0.41338946265697046,0.24535960935515025,0.33596069197719725,-1.011521049365433,0.2184806578794379,-0.9335190848339081,-0.12448345658288901,
-1.4322575468318584,-0.8124689276737391,-0.37029769435412074,0.5435861934132092,0.33596069197719725,-0.2900005911771001,1.2566840585372838,0.5182396720184964,0.07139027300394706,
-1.5239280908174053,-0.8452890886611443,1.4724374233743083,-7.209671949983916e-16,0.33596069197719725,1.2732937348976212,-1.106698233266793,-1.6593984632601104,-9.728482535567586e-16,
0.49860730868623726,1.3048448430668782,0.040661299095737104,-0.14177725735486676,0.33596069197719725,-1.1317744590634884,-0.006347405900349662,0.8811793612315975,-0.07782327775542165,
0.25165565433259723,-1.5902251150134832,-0.9707713056600497,0.766744309833937,0.33596069197719725,-1.4925346881576549,0.06193614280294912,-1.6593984632601104,-0.11184580267811782,
0.20061817575490654,1.3831818419062933,0.7289165505566403,0.6220536434542843,0.33596069197719725,-1.1317744590634884,0.6916602043494816,-1.2964587740470093,1.0082327557835777,1.0
0.30595540030209945,-1.042386464633722,-0.3879609195748031,-2.0938940530820473,0.33596069197719725,1.5138005542937323,1.5696812277521568,-1.6593984632601104,-2.1008735834758374,
-3.1200591762375035e-16,0.5894569670750456,-1.338367633148302,0.26608593271248354,3.851540552412827e-16,-1.4925346881576549,-1.0946717596339004,-0.5705793956208071,-9.728482535567586e-16,
0.180595721651429,0.22730709722991177,-0.953898442553509,-1.471084735685212,0.33596069197719725,-0.2900005911771001,1.5163973406714726,-1.2964587740470093,-2.020359342345025,
0.24736094597424996,-1.0689627837809117,1.4724374233743083,1.8358492953940555,0.33596069197719725,-0.2900005911771001,0.0,-1.6593984632601104,-9.728482535567586e-16,
-0.8585620331436645,-0.7888347263637608,0.5266195377375,1.1218386028391811,0.33596069197719725,0.0,0.6253250015750824,-1.6593984632601104,1.2649654943979975,1.0
1.973831141823873,0.8653145419514062,0.20610774378574562,-2.5963910196592654,0.33596069197719725,1.1530403251995658,0.2169103366613427,-1.2964587740470093,-1.9568862141493666,
0.44579492639935175,-0.41257934387997564,-0.2085517027549808,0.9988847826861809,0.33596069197719725,-0.2900005911771001,0.40678061552623523,0.15529998280539523,0.6262279476300626,
-1.3821472576367424,2.9723362166132383,0.41988585573306775,1.204267657201908,0.33596069197719725,-1.733041507553766,-0.9663442357325164,-1.2964587740470093,1.3708364920778704,1.0
0.6463808059403336,3.582633830170259e-16,-5.148716173818101e-16,-0.2185805364888506,0.33596069197719725,1.6340539639917877,-0.5951452261900533,-1.2964587740470093,-9.728482535567586e-16,
-1.1443456149583855,-0.7589328054233919,0.41990902736051766,0.6501591930366932,0.33596069197719725,-0.8912676396673775,-0.519331917626133,0.8811793612315975,0.8885907422743603,1.0
0.789674238050509,-1.1988506736589382,0.2143220468103426,0.021114550435926426,0.33596069197719725,-1.252027868761544,0.4263746959907596,-0.20763970640770588,0.1527388985184527,
1.1975090413323892,-0.8504497940600656,-5.148716173818101e-16,0.5064009027507645,0.33596069197719725,0.5517732767092883,-0.2900924545810934,0.8811793612315975,-9.728482535567586e-16,
-0.9752892490382803,-0.22795687311039076,0.1079589460232977,-0.25663767305874474,0.33596069197719725,0.1910130476151219,0.25925726274207406,0.8811793612315975,-0.13994492204410297,
0.9832023554151222,2.658045617210828,-1.052638318047661,-0.31032579115730047,3.851540552412827e-16,-0.771014229969322,-1.2738979257563505,-1.2964587740470093,-9.728482535567586e-16,
0.3787736817776518,-0.8010359858082701,-0.6288635866930372,-0.026368978902159314,0.33596069197719725,-0.2900005911771001,0.7044283401768345,0.5182396720184964,-0.543912229581083,
0.8280694674069267,-1.620778787950777,-5.148716173818101e-16,-1.0335613883172408,0.33596069197719725,1.1530403251995658,-0.9720833831015826,1.2441190504446986,-9.728482535567586e-16,
2.0078823894809137,-0.6460364183897948,1.4724374233743083,0.9220709473253516,0.33596069197719725,-0.2900005911771001,0.5311585079714038,0.8811793612315975,1.825165536212148,1.0
-0.34374667434902145,-0.04371243176754129,1.0814392076001993,-0.23106904277874923,-3.133198627352555,-1.252027868761544,0.7721983779070217,1.2441190504446986,0.35883632214385586,
-0.9017975533347018,1.400448098904505,-0.8812015663664713,-0.08727780795669834,0.33596069197719725,-0.16974718147904458,-0.3336577875428098,0.8811793612315975,-0.7058057682210579,
-1.0508512981562415,0.02286560865117191,-0.24559543442826495,1.111071116914569,0.33596069197719725,-0.530507410573211,-0.9907317315938026,-0.5705793956208071,0.7942485105485294,
-0.9699408612113635,-0.47300326083331706,-0.6572147731394907,0.1488755852768542,0.33596069197719725,1.1530403251995658,0.0,1.6070587396577998,-9.728482535567586e-16,
-0.15900636222985282,-0.7279272075710679,1.4724374233743083,0.25923579165791594,0.33596069197719725,1.2732937348976212,-1.5976671557208628,0.5182396720184964,1.4487568818648948,1.0
0.3001413356504499,0.7241483000554133,-1.5650162300600354,-7.209671949983916e-16,0.33596069197719725,-0.16974718147904458,0.3178112287709276,1.2441190504446986,-9.728482535567586e-16,
0.22937758282953405,-0.13592451570749245,0.21389419623452985,1.0866193616047597,0.33596069197719725,1.1530403251995658,0.5867649421883656,1.2441190504446986,1.0029963025332909,1.0
0.8336934574114198,3.582633830170259e-16,-0.04465380907865442,-0.9084315936981856,0.33596069197719725,-1.011521049365433,0.0,-0.5705793956208071,-9.728482535567586e-16,
-0.06009304080857043,-1.171953427311762,1.0397986798748258,0.09596172019267649,-3.133198627352555,1.0327869155015104,-0.2715043819426509,0.5182396720184964,0.6706937843895208,
1.5212846290857198,-0.6284207426788695,-0.03941498210544264,1.4832025576622365,0.33596069197719725,0.1910130476151219,0.31826176734769646,0.15529998280539523,1.152837040052395,1.0
-0.36489935630535114,0.43783274275802514,-1.9572738938429095,-0.1646445976288869,-3.133198627352555,-1.3722812784595995,1.9926603840968504,-0.9335190848339081,-1.9759040606371976,
2.911762722391414,-1.3454789581422504,-0.20997090801973664,-0.1646445976288869,0.33596069197719725,0.0,-0.7344678571687098,1.6070587396577998,-0.23095940966183182,
0.6124746955850059,-1.0551344242174017,-1.045940977996306,-0.7750607445627798,0.33596069197719725,-0.6507608202712666,1.2658981537130634,0.15529998280539523,-1.5075555894033443,
-1.0153307889419545,-0.2943942330053465,0.17343560523318866,-1.2448427830217015,0.33596069197719725,-0.0494937717809891,1.465428022139744,0.8811793612315975,-0.9813154480844597,
-1.2499632861865297,1.1737159763471043,1.4724374233743083,0.6976185746780986,0.33596069197719725,0.5517732767092883,0.24421360530600103,-1.2964587740470093,1.6650427414561313,1.0
0.45527913199674364,1.6920471633807037,-1.935496379344682,0.766744309833937,0.33596069197719725,-0.41025400087515557,-0.5128204353954154,-0.9335190848339081,-0.7977221682193429,
-0.31967763327378723,-0.9997485658315656,-0.8465964375180267,1.4654968309126044,-3.133198627352555,-0.771014229969322,-0.7909108180050951,0.0,0.39285627141756335,
0.7094444589409447,0.07708233005851318,-0.5596134255821251,0.7758958937757474,0.33596069197719725,-1.4925346881576549,-1.1585328055676576,-0.5705793956208071,0.29818008160828985,
0.4451414260153359,1.4694736116909277,-0.3612863918737766,-0.5793006047228385,0.33596069197719725,-0.0494937717809891,-0.541368615080389,-0.5705793956208071,-0.6955714287938453,
-0.15431580033270803,0.7351272183991219,0.9392647232439422,-2.0938940530820473,0.33596069197719725,-0.41025400087515557,0.0,-1.2964587740470093,-9.728482535567586e-16,
-1.0039536446440305,-0.017859170016924816,-0.12003323371361933,1.6247011755019336,0.33596069197719725,1.2732937348976212,0.4779486411949277,1.6070587396577998,1.1944463424599912,1.0
-1.666137353091727,0.1971751732259238,0.5632486612986816,-0.25663767305874474,-3.133198627352555,-0.0494937717809891,1.2088756431068814,-1.6593984632601104,-0.08638072319796061,
-0.5645383308066287,-0.9584641769906301,-5.148716173818101e-16,-0.33856296511099554,0.33596069197719725,1.2732937348976212,1.413863175419898,0.5182396720184964,-9.728482535567586e-16,
0.8657655009266398,-0.5551744206644303,0.34774353264451885,1.153309732030607,0.33596069197719725,-1.733041507553766,-1.0761301553300198,-0.5705793956208071,1.2833184209966193,1.0
0.16066021135690187,-0.29109114208363013,0.9829411423774862,0.35024553941127345,0.33596069197719725,-0.0494937717809891,1.2765423883297005,0.15529998280539523,0.9361393837497205,1.0
-1.4419048524429854,-0.3706577109353529,-0.7678471239020832,-0.6932338508254177,0.33596069197719725,-0.530507410573211,2.2569821233897844,0.8811793612315975,-1.3057223001953269,
0.11574721468800805,-0.4602063290692714,0.9870691298466259,1.0940325354805722,0.33596069197719725,-1.252027868761544,0.35989844936498266,0.5182396720184964,1.610438874117971,1.0
0.34862493485336155,-1.0576857137024167,0.14189239861195455,1.7631540318836576,0.33596069197719725,-1.011521049365433,-0.8939897866047916,0.5182396720184964,1.6077685124109136,1.0
-1.0446412022128908,1.4783927899950342,1.2932659097057744,-1.471084735685212,0.33596069197719725,-0.41025400087515557,-0.3562387143388041,0.15529998280539523,-0.18100320267632178,
0.09438913642867457,-0.15927488302007617,-0.15235172839837902,1.0098729287817823,0.33596069197719725,0.0,-0.1831300638868439,-0.5705793956208071,0.7220022663665866,
-0.010466196790711887,-0.36140879194388253,0.5231824554839132,-0.11407023665585073,0.33596069197719725,1.1530403251995658,-0.0326112485521922,-0.5705793956208071,0.3112745899758412,
-1.3290883652478545,-1.2329626113770182,0.034093678760609966,0.21324275178872076,3.851540552412827e-16,-1.1317744590634884,-0.6727041195368453,1.2441190504446986,-9.728482535567586e-16,
0.31840321655713394,0.34438375934622695,-0.0303752751199774,1.1858059554097835,-3.133198627352555,0.7922800961053993,-1.4414030971584988,-0.20763970640770588,0.8322742169538604,1.0
0.5412480711714087,3.582633830170259e-16,0.3813728315283637,1.4997845750791616,0.33596069197719725,-1.4925346881576549,2.4884789991078407,1.2441190504446986,1.3209420492470378,1.0
1.1145784917808366,-0.8066742255987114,0.703540086123092,-0.5054554557052086,0.33596069197719725,-0.6507608202712666,-0.31419304636801476,1.2441190504446986,0.15191012759273256,
1.0824695127489752,-0.5962979143174117,-1.3675582804390438,-0.7044303993418934,0.33596069197719725,1.2732937348976212,2.0975164693946793,-0.5705793956208071,-1.756045269528598,
-1.5867347215289962,0.6577204374920954,1.4724374233743083,-1.5312409110950211,0.33596069197719725,0.6720266864073439,-0.15944032232525715,-1.2964587740470093,-0.10910210628284299,
-1.1038853928551526,0.23888774769875754,-2.0748986149480375,0.299495458793069,0.33596069197719725,1.2732937348976212,0.8144948883048077,-1.2964587740470093,-1.3812821397967734,
0.4910257591755645,-1.4846040135063867,-0.7127907647407207,-2.869517949171395,-3.133198627352555,0.7922800961053993,0.4054422189043791,1.2441190504446986,-3.105773986018335,
0.4896542931895687,1.4188997233489982,-0.02812236283839222,-0.05625223923626211,0.33596069197719725,1.7543073736898431,0.16881757122967606,1.2441190504446986,-0.0737517420348999,
0.4910393925282171,0.11229603922190468,0.5592525336653983,-1.6307617396792617,0.33596069197719725,-1.3722812784595995,-0.05740716825454476,-0.9335190848339081,-0.8875400225328481,
4.155059323010403,0.0661682100425626,1.4724374233743083,-0.07680363814562081,0.33596069197719725,-0.2900005911771001,-0.9641433124555986,-0.20763970640770588,1.129007902155827,1.0
0.5523421502257064,-0.9699383081402887,-2.0733084538991435,-2.0938940530820473,0.33596069197719725,0.43151986701123285,-1.4005145045284684,-0.20763970640770588,-3.1510921508466505,
1.1722273910007255,1.0464825577204728,-0.5074423358621051,0.9326425540158362,0.33596069197719725,-1.252027868761544,0.18916859213803142,-1.2964587740470093,0.3630753390569797,
0.9729114276456977,-0.22703520423471962,-2.3846527752402866,-0.7157835480127437,0.33596069197719725,0.9125335058034548,0.0,-1.2964587740470093,-9.728482535567586e-16,
0.6407137082621381,-0.7581967357794884,0.1178341800095281,-0.28977439224794177,0.33596069197719725,1.3935471445956769,-0.10458659745486074,1.6070587396577998,-0.13192304319066214,
-0.4204603066465735,-1.334965156170692,0.39615868547854166,1.0340655540811023,-3.133198627352555,0.0,-0.8571055758248817,-1.6593984632601104,0.9878163384070547,1.0
0.7588099229695123,-0.35145182184088686,-5.148716173818101e-16,0.7115287272638802,0.33596069197719725,0.31126645731317737,-1.2020674458219995,-1.2964587740470093,-9.728482535567586e-16,
-0.922753001607743,1.2725137279799037,0.22103452035821433,-0.6712936801526964,0.33596069197719725,-1.733041507553766,2.518300446917611,0.5182396720184964,-0.5602329281561199,
-0.334339296486365,-0.7594111235377595,1.2916020594571476,-1.6307617396792617,0.33596069197719725,0.6720266864073439,1.1513072138286122,-1.6593984632601104,-0.4250104324800177,
-0.6071852792557471,-1.3696068849972114,0.758065645447544,0.6416145152148821,-3.133198627352555,0.6720266864073439,0.7625684272904731,-1.6593984632601104,0.8216972905842773,1.0
0.01551306879328905,-0.6566872418524636,-0.4234494059791995,-0.11407023665585073,0.33596069197719725,1.5138005542937323,-1.2124435103355165,1.2441190504446986,-0.31538325228263203,
2.4666040413388335,-0.768202941162253,-1.5523598686833007,0.7574883726294127,0.33596069197719725,0.0707596379170664,-1.0240040985580814,-1.2964587740470093,-0.47716537632867195,
-1.666137353091727,-0.06878108141242367,0.40000636180055316,0.025713638646236266,0.33596069197719725,0.0,0.0,-0.5705793956208071,-9.728482535567586e-16,
0.6789918961288505,-1.0069001645016737,-1.6487528442128063,-0.23738609331853414,0.33596069197719725,0.0707596379170664,-0.2186088763597217,-0.9335190848339081,-1.4161102588935184,
-1.666137353091727,-0.856708409234822,-5.148716173818101e-16,0.04385376555812365,0.33596069197719725,1.5138005542937323,-1.431338666251978,-0.5705793956208071,-9.728482535567586e-16,
-0.5924403382792742,-1.2717886400123888,-0.10672077703984424,0.7174180171671394,0.33596069197719725,0.7922800961053993,0.8749945499607187,0.5182396720184964,0.4400685129194883,
1.1210546444478497,0.3844346269139197,1.466846173057908,1.1394729726120767,0.33596069197719725,0.43151986701123285,0.6250083648982582,1.6070587396577998,1.9898885264321613,1.0
-0.003801285466697918,-0.7873920616821181,-0.47558271326015894,-1.9253455192796138,0.33596069197719725,0.0707596379170664,-0.20498491587651207,-1.2964587740470093,-1.897059781780177,
-1.2574855355900207,-0.9135791489760628,0.3928743738883979,0.21324275178872076,0.33596069197719725,-1.733041507553766,-1.397272010587514,-1.2964587740470093,0.5805040483470619,
-0.8596074329670358,1.0595437791287756,-5.148716173818101e-16,-2.2294980175121797,0.33596069197719725,0.5517732767092883,2.8524354607546365,1.2441190504446986,-9.728482535567586e-16,
0.6716780462700266,1.5632219653793145,0.028948447435381944,0.08324495518780232,0.33596069197719725,0.5517732767092883,0.23846011615574048,0.15529998280539523,0.0770799685435198,
-0.8761431060054659,0.5820411149980529,-0.42044811775405394,1.0816393650176295,0.33596069197719725,-0.6507608202712666,-0.9520837907367817,0.5182396720184964,0.6353575566167812,
0.16325627538684662,1.3599819586145212,0.536180773460635,-0.1941655562842744,0.33596069197719725,-1.6127880978557105,-1.4943538618739416,-0.20763970640770588,0.3662765071622124,
-0.024338623764568912,0.8789680471867977,-0.9926103508262634,1.2592689532297774,0.33596069197719725,-0.16974718147904458,0.3242599615070371,-0.20763970640770588,0.250660767642804,
-0.7896755878847025,-0.44955481886542464,-1.3210325310451427,0.45130229446641035,0.33596069197719725,-0.8912676396673775,0.3607990556735047,-0.5705793956208071,-0.654455963858131,
2.27919825813953,3.582633830170259e-16,1.4724374233743083,1.2672565886310474,0.33596069197719725,0.0,-0.7083681650889108,0.8811793612315975,2.1979329479135252,1.0
0.6215331630116294,-0.7091349028028078,0.9242417525287738,0.7367459992696523,0.33596069197719725,1.5138005542937323,1.7178234782464141,0.5182396720184964,1.1714777182283118,1.0
-3.1200591762375035e-16,-0.8453469827852715,0.15756597679627501,-1.3377138865498066,0.33596069197719725,-1.4925346881576549,1.6042271698662578,1.6070587396577998,-1.0789472616762634,
0.13031838571329474,0.4602271859838599,1.4724374233743083,-0.6291160428685438,0.33596069197719725,0.0707596379170664,0.0,-1.2964587740470093,-9.728482535567586e-16,
-0.8008576346230002,3.582633830170259e-16,-0.22927203004443678,-0.10324691767268025,0.33596069197719725,0.1910130476151219,1.8618137810365194,-1.2964587740470093,-0.3912590443873629,
0.8614123256131402,-1.5654265160364031,1.4724374233743083,-0.9084315936981856,0.33596069197719725,0.0,0.0,0.15529998280539523,-9.728482535567586e-16,
-0.9443742204898362,-0.707080366356101,0.28473050304592507,0.14492551958586228,0.33596069197719725,1.3935471445956769,0.6348650524829463,-1.6593984632601104,0.29050031947654276,
-0.20032076359409667,-1.329131778826125,-1.1069114812072005,0.09174489565681289,0.33596069197719725,0.43151986701123285,-0.7945117031475185,0.5182396720184964,-0.6967685865513611,
0.47999534668369886,-0.34678773441324523,1.4724374233743083,1.3802311950929584,0.33596069197719725,1.0327869155015104,-0.36583923577349453,0.8811793612315975,2.2636174146479378,1.0
0.8760367062070845,1.0927109115042548,1.2297901297471814,-0.0022800629308030516,0.33596069197719725,0.5517732767092883,-0.2714315697953842,1.6070587396577998,0.9538111039670583,1.0
-1.3920194333329416,-1.1358712029536184,-0.05913825949562997,0.8062614304952344,0.33596069197719725,-1.4925346881576549,-0.9864629098224541,0.8811793612315975,0.6880714866396221,
-0.44157267174540515,1.5303137469822685,0.9242455444710712,1.3032101196072918,0.33596069197719725,-0.2900005911771001,1.4572467562211713,0.0,1.649714325159116,1.0
-0.5957484179380762,-0.24230682041944543,-0.38687679221324456,1.054981027363021,0.33596069197719725,0.0707596379170664,-0.3396833225714431,0.5182396720184964,0.5930525872066263,
-0.7915735115201362,0.4560769572347799,1.042477334519716,-0.7157835480127437,0.33596069197719725,-0.530507410573211,0.46863959205048067,-1.6593984632601104,0.17886941888056873,
1.8637022340474962,-0.9414211713692222,-2.6910152974813952,0.1488755852768542,0.33596069197719725,0.5517732767092883,0.8379996014067193,-0.9335190848339081,-1.9706562722794796,
0.3702119112650309,-0.19860862015178588,-1.1011731881771758,-0.23106904277874923,0.33596069197719725,1.3935471445956769,-0.9156377844335406,0.15529998280539523,-0.9446708952474325,
-1.4585308208050074,1.5294861433446059,1.2165138612625008,-0.08727780795669834,0.33596069197719725,0.0707596379170664,-0.9846099977562179,1.2441190504446986,0.9286416310430433,1.0
0.9332381046239557,1.2582329899247144,-0.20827553936864,-0.1941655562842744,0.33596069197719725,0.5517732767092883,-0.28000894789257863,-0.20763970640770588,-0.287785649356151,
2.2552800932214243,-0.14862267642567475,0.3217940560513383,0.9098180822637921,0.33596069197719725,-1.6127880978557105,-0.03236359443688245,-0.20763970640770588,0.9880065967171285,1.0
1.0590465542448877,-0.40968466817461224,-1.480274833293446,0.04385376555812365,0.33596069197719725,-1.3722812784595995,-0.6738132330289268,1.2441190504446986,-1.0268146114421488,
-1.666137353091727,-0.06819021327266003,1.4724374233743083,0.21324275178872076,0.33596069197719725,1.3935471445956769,-0.19481163627494202,1.2441190504446986,1.3059279053570698,1.0
-0.605945371877619,0.220313339693571,1.4614576077244124,1.5880654122611009,0.33596069197719725,1.5138005542937323,0.22647208022785276,0.15529998280539523,2.379002546229111,1.0
1.316414974662897,1.7452253852797457,-0.1514999473877263,-1.7858483248555497,0.33596069197719725,1.1530403251995658,-1.8765058048719716,-0.20763970640770588,-1.4133644159136298,
-0.8512267646667543,-0.8054705152601723,-0.38802739518785423,0.1289301863192576,0.33596069197719725,-1.3722812784595995,0.19481383701089441,1.6070587396577998,-0.1977969583154177,
-3.1200591762375035e-16,-0.8531106624997548,1.274882796770636,0.7777138943065223,0.33596069197719725,1.5138005542937323,-0.21709449497688663,-1.2964587740470093,1.6153003208411976,1.0
0.7760063572185119,-0.49945993166467967,1.4724374233743083,-1.000424669128043,0.33596069197719725,0.1910130476151219,0.9769377530271586,0.8811793612315975,0.23512244449320582,
-1.09192562738279,-1.162516678375708,1.1869500651092943,0.40952273596130895,3.851540552412827e-16,-1.733041507553766,-0.5236902982382825,0.8811793612315975,-9.728482535567586e-16,
-0.13971151203939083,0.49970237621016933,1.4724374233743083,-0.5890221208891859,0.33596069197719725,-1.733041507553766,-0.15892033002102385,0.5182396720184964,0.6536972668609502,
-1.666137353091727,-1.401390479094399,-0.9881908405177247,1.0260811923536963,0.33596069197719725,1.7543073736898431,0.28245360068961617,0.8811793612315975,0.06835445785669896,
-1.1989114994087384,1.8603987848070251,-0.8688150558054518,-0.2965672092745424,0.33596069197719725,-1.252027868761544,0.2708540702307422,-0.9335190848339081,-0.9113900552133817,
-0.35162872499064124,-0.03447174017928841,-1.2972717927026158,-7.209671949983916e-16,-3.133198627352555,0.7922800961053993,0.850648333237836,-0.9335190848339081,-9.728482535567586e-16,
-1.4441491436052183,0.596652462744611,0.5933439619292203,0.38042510816176683,0.33596069197719725,0.0,0.026967924426567674,-1.2964587740470093,0.7601710481999432,
1.7176512600878993,-1.5575398906022886,0.2847646642669986,-0.8390100899481893,0.33596069197719725,-1.1317744590634884,-0.44310691206346176,-1.6593984632601104,-0.4249487894115042,
-1.6443370894330327,3.582633830170259e-16,-0.09499823172344563,-0.4296944764433234,0.33596069197719725,0.0,-0.8377247064712605,-0.9335190848339081,-0.3508806225285488,
-0.557435227138024,0.2511222240311009,1.019416639140282,-0.04616842139120011,0.33596069197719725,1.1530403251995658,-0.6855023091907221,-0.9335190848339081,0.7904450956514786,
0.06915733616311653,0.37491582065879386,1.4724374233743083,-0.2185805364888506,0.33596069197719725,0.1910130476151219,0.9714016622904224,0.5182396720184964,0.8685352383113599,1.0
1.5078250641409967,-0.32256015694344464,-1.6876623538306705,0.21687469027586848,0.33596069197719725,1.2732937348976212,0.0,1.6070587396577998,-9.728482535567586e-16,
-1.650617201127306,0.8865016769318946,-0.6109500444448176,0.3833822586004705,-3.133198627352555,0.7922800961053993,-1.7706801610412326,1.2441190504446986,-0.23139665504341478,
1.2025238595235939,-1.0208828637345728,-5.148716173818101e-16,0.30925593988911065,0.33596069197719725,-0.2900005911771001,-0.5086249622483813,-1.6593984632601104,-9.728482535567586e-16,
-0.06313258920311891,0.27699286039468607,-0.4611184804459892,0.5038602531096108,-3.133198627352555,0.0,-0.5913332500424314,0.8811793612315975,-0.10938160433655479,
-1.151840091744717,3.582633830170259e-16,-0.8442583476038765,-0.3530586520593278,0.33596069197719725,1.0327869155015104,-0.46473835374996697,-1.6593984632601104,-0.8831990725219342,
0.43291865386637557,-1.169975799371398,1.2620519286412797,-1.1615146184704623,0.33596069197719725,-0.41025400087515557,-0.46917680586142263,-0.9335190848339081,0.05454003578686849,
0.14415623531341318,1.6057738936307135,-1.4138586156663124,0.7462401063022291,0.33596069197719725,-0.0494937717809891,0.35396621419936847,-0.5705793956208071,-0.4853121510467636,
-0.7332681895655642,-0.8223651612359087,-0.2684759046624209,0.9764519382194519,0.33596069197719725,0.43151986701123285,-0.8638328877540301,0.8811793612315975,0.6584135936185154,
0.00226069064641617,-1.0591680547578106,0.46219792689869305,-0.5232965452596214,0.33596069197719725,1.6340539639917877,-0.6668791721349935,-1.6593984632601104,-0.01839397323990188,
-0.4973531214250721,0.14820516393904437,-0.5841077656594876,-0.07161680326008948,0.33596069197719725,0.6720266864073439,-0.8405822263203511,-1.2964587740470093,-0.43042729747093994,
0.05025013310189063,1.379077851478832,0.9891531714164222,0.15671851486605884,0.33596069197719725,1.2732937348976212,-1.6657057352116988,-0.20763970640770588,1.0056125294946803,1.0
0.65250315957304,-0.6096314889483965,-0.5783769827600072,0.234794554821626,0.33596069197719725,0.5517732767092883,-0.09441408908774579,0.15529998280539523,-0.23418307581767853,
1.6667206333784501,2.53522843451895,1.4724374233743083,0.5164847205958265,0.33596069197719725,1.5138005542937323,-0.9727442613392755,-0.20763970640770588,1.609992993343365,1.0
-1.433206887891606,-0.7821213543439575,-0.06461667586862753,-7.209671949983916e-16,0.33596069197719725,0.1910130476151219,-0.2220101415908753,-0.9335190848339081,-9.728482535567586e-16,
2.2672207676561142,1.0218648981530645,0.8594344639813292,0.6543980376438395,-3.133198627352555,-0.771014229969322,-0.3747579357803737,0.0,0.9942673966188269,1.0
-1.666137353091727,0.0007143236869800574,0.9461031274807978,-1.7442116651973418,0.33596069197719725,0.6720266864073439,-0.8434101295738174,0.5182396720184964,-0.6278481050613924,
-0.24099178368782875,3.582633830170259e-16,-0.6463901819180835,0.08324495518780232,0.33596069197719725,0.31126645731317737,-0.8372250316392594,-1.6593984632601104,-0.35237389340055286,
-3.1200591762375035e-16,0.4514858487087126,-2.2996152279431885,0.9128986813983001,0.33596069197719725,1.5138005542937323,-0.9390710807935531,-1.2964587740470093,-0.9225096833475404,
0.23409918058478116,-1.2894082212403195,0.49942787396305666,0.04385376555812365,0.33596069197719725,-1.6127880978557105,-0.18053535696296671,0.0,0.4323133895007322,
-0.7579490328184249,-0.3167652070685545,0.16498227747655203,-1.01682395209081,0.33596069197719725,-0.530507410573211,0.0,-0.5705793956208071,-9.728482535567586e-16,
-0.3028372046520328,-0.48018397990308903,0.7255899708779066,1.6195676444150664,0.33596069197719725,0.9125335058034548,-0.5337978661910164,0.8811793612315975,1.9055646339479038,1.0
-0.6155693980642666,0.32950180225628134,-0.18146114172102176,1.095261509065343,0.33596069197719725,0.5517732767092883,0.31779255091923786,1.2441190504446986,0.7314294960117853,
-0.7213550225056964,0.022813083367059023,-0.41786057911274566,0.7704173337375055,0.33596069197719725,0.1910130476151219,-0.16313909350685532,0.5182396720184964,0.3259584421239584,
0.8583042685758773,0.39320605921962715,1.4724374233743083,-0.05625223923626211,0.33596069197719725,0.6720266864073439,-0.7617880953332228,-1.6593984632601104,1.1304155510356773,1.0
0.3175558735223254,0.8726112214236141,-1.6258573051363303,-0.8390100899481893,0.33596069197719725,0.31126645731317737,-0.9757218147056695,-0.20763970640770588,-1.8289047829254703,
-0.8350237741099354,-0.2871750448959062,0.9321052881584139,1.301306866923682,0.33596069197719725,-0.0494937717809891,-0.3103109005107812,0.15529998280539523,1.7871568422026385,1.0
0.9131904912742485,0.09992928461263084,-0.5850143423196549,0.234794554821626,0.33596069197719725,0.0,0.030063993280966757,0.8811793612315975,-0.2485689768767505,
0.2629790179466546,1.8171717741577431,-0.3081255881057158,0.9807055910850189,0.33596069197719725,0.0707596379170664,0.5733448539486244,1.6070587396577998,0.5237147158483667,
0.8179721040583232,0.044787579831859096,-0.28647311040247436,-0.2501696157474915,0.33596069197719725,1.1530403251995658,1.457916690205732,0.8811793612315975,-0.5230418975111844,
0.6168235178229629,-0.3214822213659648,-0.8503198564275951,-0.26973048750808937,0.33596069197719725,1.6340539639917877,0.5410039386597165,1.2441190504446986,-0.8960179041565761,
-0.9844147004109038,0.9542446962331135,0.7434424361835672,1.6259795015892475,0.33596069197719725,-1.733041507553766,0.1661677327550451,1.2441190504446986,1.8715626613832914,1.0
-0.6893179195098635,-0.25381916172837365,1.4724374233743083,0.20959448992769888,0.33596069197719725,1.5138005542937323,0.45048871914128363,-0.5705793956208071,1.2544028174405581,1.0
0.7459927449730207,1.9654221468178785,0.6261001592298925,-1.068108597692235,-3.133198627352555,0.31126645731317737,3.324260968553265,0.15529998280539523,-0.8550839909956774,
0.5956819681049583,1.3369249426411058,0.20103187526175256,-0.6712936801526964,0.33596069197719725,1.3935471445956769,-1.5595316258549226,-0.9335190848339081,-0.26841483857988613,
-0.09731137996827743,-0.6082274999482425,-1.062495043146107,-7.209671949983916e-16,0.33596069197719725,0.7922800961053993,0.9229213382660777,-1.6593984632601104,-9.728482535567586e-16,
0.0544326908865768,-0.4600610850010287,0.6803729630418602,-2.0337378776722383,0.33596069197719725,0.0,-1.292152185099446,0.15529998280539523,-1.0293160720174466,
1.3282201498041195,1.0831879182728796,1.4724374233743083,0.07032579287254291,0.33596069197719725,-1.011521049365433,0.10740577746696567,-1.6593984632601104,1.1674718478073225,1.0
-0.7237774039246891,0.9360779979595517,-0.3602006580933586,-0.041173101641081726,0.33596069197719725,1.1530403251995658,-0.4947337883691402,1.2441190504446986,-0.2625825993911322,
0.5262226895782639,1.1987810891018076,-0.35473873058365846,0.7903271520473495,0.33596069197719725,1.7543073736898431,-0.014216214986001665,0.15529998280539523,0.3785758875564086,
-0.29632785078732354,-0.21359432235620562,-0.5693478510930735,-0.21240760257575322,0.33596069197719725,-1.6127880978557105,-0.7500936682430399,-1.6593984632601104,-0.540069742304551,
-0.3133307672190998,3.582633830170259e-16,-0.48624884967356713,1.5894027056404723,0.33596069197719725,-0.41025400087515557,-0.40585395050882117,-0.9335190848339081,0.955606042224424,1.0
1.1318416441593642,-0.3562585037623882,-3.101694794206182,-0.8524275342349684,0.33596069197719725,0.0707596379170664,-1.5237963205061686,-1.6593984632601104,-2.9139506158396173,
0.8317538018387176,-0.3471464647923343,0.5507651386908566,0.36547557149479326,-3.133198627352555,-0.771014229969322,-0.6403915414656561,-1.2964587740470093,0.5470524050225591,
0.818682931064353,-0.7568001129342802,-0.8991508388898696,-1.4425998166059297,0.33596069197719725,0.5517732767092883,-0.3554294685392871,0.15529998280539523,-1.8150279124418363,
1.3587535171220662,1.3199475489165664,-1.7857473853250696,0.6834658916836752,0.33596069197719725,-0.530507410573211,1.1338482910283454,0.5182396720184964,-0.8759096898655108,
-0.05130871458021544,0.2902059705849794,0.9544112967739294,1.800572743338422,0.33596069197719725,0.0,-1.5877657782094396,-1.6593984632601104,2.3043842716796403,1.0
0.674263546327752,0.359548981369169,-1.1733061835809102,0.891084860931715,0.33596069197719725,-1.4925346881576549,1.34486502188194,1.6070587396577998,-0.260818206815414,
-0.41496870918550743,1.201810768746359,-0.3114767245419302,0.28629619402586337,0.33596069197719725,0.9125335058034548,1.2958731451442485,-0.20763970640770588,-0.09540960202179526,
0.28149497416435376,-1.4790182419268536,1.4724374233743083,0.12081274969664856,0.33596069197719725,0.6720266864073439,-0.5026137331087228,0.15529998280539523,1.2542628781224567,1.0
-0.21723373080092237,0.3052020078341225,-1.5526555719736905,0.9326425540158362,-3.133198627352555,-0.2900005911771001,-1.0740016817939502,-0.5705793956208071,-0.5508833260642447,
0.03211340413210091,1.4106519365606294,-1.6957036651629511,-7.209671949983916e-16,0.33596069197719725,0.6720266864073439,-0.6585111034981772,0.15529998280539523,-9.728482535567586e-16,
0.5789812804958006,-1.1470197059470615,0.3934023627632514,1.6803213442520664,0.33596069197719725,1.5138005542937323,0.3372229008908664,-0.20763970640770588,1.6381238080771625,1.0
-0.9725869319035514,1.2222334990415147,1.4138736888512802,-0.0978888988944697,0.33596069197719725,-0.2900005911771001,-1.6755203828978067,0.5182396720184964,1.1212194143911203,1.0
2.222600568303693,0.31081484445807417,-1.7441005507430198,1.7108016894955358,0.33596069197719725,-1.6127880978557105,-1.0090691723260397,-0.5705793956208071,0.14861397681559335,
-1.178745119934934,0.1569490220779269,0.553842560867782,-0.9843501458806243,0.33596069197719725,-1.1317744590634884,0.35186999280165365,-1.6593984632601104,-0.39908762943270404,
-1.407269924890568,0.1849601489251253,0.7547758343264404,-0.5415385915511003,0.33596069197719725,-1.1317744590634884,1.0592260959244784,-1.2964587740470093,0.05804397180405574,
1.196976944602022,-0.9857265056911595,-2.30619351907103,-1.471084735685212,0.33596069197719725,-0.41025400087515557,-1.1018496097773387,0.15529998280539523,-2.8453482749167853,
0.794699942938894,-1.5772056606613893,1.0069447679726218,-7.209671949983916e-16,0.33596069197719725,-1.3722812784595995,0.3111967947469604,1.6070587396577998,-9.728482535567586e-16,
0.6107758577958979,0.9891018058940186,1.0974982219610558,0.7630545903098095,0.33596069197719725,-1.252027868761544,0.3896942730395216,-1.2964587740470093,1.4236921938277323,1.0
0.6154147095844155,-1.0803781692990655,-0.2803083447555203,0.9835290266191858,0.33596069197719725,0.9125335058034548,1.399527124560506,-0.20763970640770588,0.4848385983088388,
-0.08781034903569349,-0.5609397220708929,1.4724374233743083,0.7885372132896927,0.33596069197719725,1.7543073736898431,0.06119531494063951,0.0,1.7524279064690023,1.0
-1.0593479991319281,2.6705526363617693,1.3987647907201362,0.45401260382135694,0.33596069197719725,-0.8912676396673775,-1.432700637216113,0.5182396720184964,1.538353332406187,1.0
0.008850045042993455,-0.03380062550796138,0.20072571514844345,0.19110310040044495,0.33596069197719725,-1.1317744590634884,-0.6035628033427807,-0.5705793956208071,0.35761161883693227,
-0.8177361689022767,0.40189934921009657,-0.4422282345042371,-7.209671949983916e-16,0.33596069197719725,0.6720266864073439,0.3953695256375254,0.5182396720184964,-9.728482535567586e-16,
0.9960941696999496,-0.668018323017289,-1.046712753060314,-0.11407023665585073,0.33596069197719725,1.5138005542937323,-0.6199169603843245,0.8811793612315975,-0.8310440134855942,
-0.23580182633189772,1.3896787023936166,0.03762137392511679,-7.209671949983916e-16,0.33596069197719725,-1.4925346881576549,-0.21366931448383789,0.5182396720184964,-9.728482535567586e-16,
-0.9805748936960992,-1.4491760329446475,0.7417435961995225,0.5556121451873803,0.33596069197719725,0.9125335058034548,-0.12750905128661724,-1.2964587740470093,1.0257934976088652,1.0
-0.42717494310550613,0.9580877121435463,-0.2946746527891311,0.602009738714432,-3.133198627352555,-0.8912676396673775,-1.3284885482577455,-1.6593984632601104,0.15136539549182237,
0.37893892666092066,-1.2580571219167913,-5.148716173818101e-16,0.24185318101864867,0.33596069197719725,0.43151986701123285,0.3528022759798331,-0.20763970640770588,-9.728482535567586e-16,
-0.6932078927898565,2.1863171540121744,1.4724374233743083,1.0816393650176295,3.851540552412827e-16,0.6720266864073439,-0.9486630604654509,0.5182396720184964,-9.728482535567586e-16,
-0.9769777090302111,0.5809498884589256,0.3017145338475657,-0.5415385915511003,0.33596069197719725,-0.530507410573211,-0.34935076581022706,-1.6593984632601104,-0.17835640605541914,
0.19314712760825503,-1.0314674002792321,-0.35895996575506095,-0.14177725735486676,0.33596069197719725,0.31126645731317737,-0.5341227568383463,0.8811793612315975,-0.34013116646543706,
0.1945515743470802,-0.08157672040186663,1.0749510374342266,0.786743318863057,-3.133198627352555,-0.6507608202712666,-0.0077243409363988,-0.9335190848339081,1.2366774304082073,1.0
-3.1200591762375035e-16,0.6168238798790446,1.4724374233743083,0.14095613809342866,3.851540552412827e-16,1.2732937348976212,-1.616903206104153,0.5182396720184964,-9.728482535567586e-16,
-0.5914594118440712,-0.7005912066350468,-3.1651138249944215,1.095261509065343,0.33596069197719725,1.5138005542937323,3.1645876654680243,-0.9335190848339081,-1.737887959422931,
0.1803720395939507,3.582633830170259e-16,0.584652031818005,-0.23738609331853414,3.851540552412827e-16,0.5517732767092883,-0.7348828913361615,-0.5705793956208071,-9.728482535567586e-16,
-1.664034394469746,1.5100914284453444,-1.5728676582807581,-0.17046352503934453,0.33596069197719725,-0.41025400087515557,-0.4767219784890549,0.8811793612315975,-1.285146507133508,
-1.619442223298807,-0.05110701374920931,0.6598346873335342,1.0928016984021616,3.851540552412827e-16,0.5517732767092883,-0.009843607610068065,-1.2964587740470093,-9.728482535567586e-16,
-0.8630550029607326,1.2778463462093692,0.2294892881318267,0.07465506658886584,0.33596069197719725,1.5138005542937323,0.20332307040756073,0.15529998280539523,0.22433868171971535,
-0.30868273881125524,0.39446283557466033,0.8182256354425612,0.19483523064238606,0.33596069197719725,1.6340539639917877,1.0980097804605555,1.6070587396577998,0.6992624785580044,
0.26693983285429784,0.5853978599480105,-0.49764955059751037,-0.2763569479611626,0.33596069197719725,-0.8912676396673775,0.03439270886674074,1.2441190504446986,-0.5967027197125111,
1.5452403899700622,1.086028963905934,-2.090639705901632,-0.4541708101037837,0.33596069197719725,0.43151986701123285,0.36668827444356195,1.6070587396577998,-1.9696558442786927,
0.8671496051170687,1.7918863595368524,-0.4409793430332926,0.5089336252350701,0.33596069197719725,0.6720266864073439,-0.2851207312937757,1.2441190504446986,0.10596454193175149,
-0.24994240628382972,-0.9793006854693698,0.5528662384232812,-1.202109922119674,0.33596069197719725,0.0707596379170664,-0.541771742512179,-0.20763970640770588,-0.5088641523641656,
-0.09524165362186934,0.8513565258165747,1.2584055392216427,1.0626874481975832,0.33596069197719725,1.3935471445956769,-1.3070196381612955,-0.9335190848339081,1.9156049541964568,1.0
-3.1200591762375035e-16,2.1990447920047833,-1.2774348787322887,0.7903271520473495,0.33596069197719725,0.6720266864073439,-0.9811184520383175,0.15529998280539523,-0.24601849345880783,
-0.09468939474599898,0.8797534561726225,1.2719333900624599,-0.8000392353055601,0.33596069197719725,0.31126645731317737,0.4852801413486062,1.2441190504446986,0.2828244537370309,
-0.3912478960539322,0.2406900902004129,-5.148716173818101e-16,0.5929399583500046,-3.133198627352555,-0.771014229969322,0.11437385501714056,0.15529998280539523,-9.728482535567586e-16,
0.2799056266991506,1.527893343359953,0.5013920240786374,0.3892644357724786,0.33596069197719725,-1.3722812784595995,0.8519421181055661,-0.5705793956208071,0.6357350522189893,
-0.9824781544765485,3.582633830170259e-16,-0.5099927855482299,-0.8258108251809836,0.33596069197719725,-0.771014229969322,0.9689260465485882,-0.20763970640770588,-1.12122196550645,
0.4957585307555969,0.46643937803803276,0.2923784543542816,-0.4709082463302138,0.33596069197719725,1.1530403251995658,1.9760674359014017,0.5182396720184964,-0.3032617963167458,
1.608233577559956,0.6903648802287602,1.115204108262071,-0.06646290088151717,-3.133198627352555,-1.6127880978557105,-0.7900658424474177,1.6070587396577998,0.6352148236401441,
-0.1937601491132813,0.6002311568448665,-1.3414131176101742,0.6042614375166206,0.33596069197719725,-0.771014229969322,0.7236935259778718,-0.9335190848339081,-0.5733357682212279,
0.36662220503004694,-1.3089698574591075,-0.7071025611941928,0.47008712706877565,0.33596069197719725,-0.771014229969322,0.10845301188025962,1.2441190504446986,-0.15624598419536642,
0.6832554292666486,0.9695972393521316,0.2956154183211402,0.2312420900808766,0.33596069197719725,0.31126645731317737,-1.259644964020858,-1.6593984632601104,0.5112093590663892,
-0.5148152629988086,-1.2448603255174668,1.4724374233743083,0.7630545903098095,0.33596069197719725,-0.530507410573211,1.069319215939932,0.8811793612315975,1.6559157799595616,1.0
0.17163655791562324,0.7181157056788272,-0.9195995829458902,0.7386537249366553,0.33596069197719725,-0.2900005911771001,-0.15259673877440502,-0.20763970640770588,-0.07976519450191429,
-0.06054256917178887,-1.3510445704222211,1.4724374233743083,0.4236895335417248,0.33596069197719725,-1.1317744590634884,1.2299611172799143,1.6070587396577998,1.369067858899822,1.0
0.0328600365427993,-1.02475227365853,1.4724374233743083,0.8080127513421769,0.33596069197719725,-0.771014229969322,0.05441598057580099,1.2441190504446986,1.7687059544355186,1.0
-0.9229556168639995,-0.46947046698365436,-0.03164931324040119,-0.26973048750808937,0.33596069197719725,0.0707596379170664,2.0330855139913253,-1.2964587740470093,-0.38957588581001973,
-0.047459556487858885,-0.6272153239175539,-0.26450235615696954,1.0690540447377912,0.33596069197719725,-1.3722812784595995,-0.24428491744677636,-1.6593984632601104,0.6897562310461837,
0.4723230230436947,1.0491259024943755,-0.7211999076413094,0.41805244909799216,0.33596069197719725,-1.6127880978557105,0.26319832967452994,1.6070587396577998,-0.22067661028801433,
1.5186604358127767,-0.34147355273531116,0.002098866442145134,0.8989429755198951,0.33596069197719725,-1.011521049365433,0.34361539106319755,0.5182396720184964,0.7092769694122808,
0.9786956635061794,-1.2037690367403098,-1.5497613162790929,0.26608593271248354,0.33596069197719725,-0.0494937717809891,-1.325846682201437,1.6070587396577998,-0.8503307739722301,
2.2893398914228817,-0.7209116305076918,-5.148716173818101e-16,-7.209671949983916e-16,-3.133198627352555,1.1530403251995658,-0.17147356810949804,1.2441190504446986,-9.728482535567586e-16,
-0.9167397822638558,0.15627123553770825,1.4724374233743083,0.25578892067113784,-3.133198627352555,-1.1317744590634884,1.0036573407064708,-0.20763970640770588,1.0311000859091264,1.0
0.8832440732819213,0.13079057941890881,-0.6273125247234071,-0.1646445976288869,0.33596069197719725,-0.530507410573211,1.6416642714800374,-0.5705793956208071,-0.7252357546604088,
0.1269017761756194,0.18869300013532803,-0.19792077525559004,0.5997517764860896,3.851540552412827e-16,1.3935471445956769,-1.4893444999180818,-0.5705793956208071,-9.728482535567586e-16,
2.3295408693214252,1.0476630568160192,-1.891109483658466,0.10015675225642079,0.33596069197719725,1.7543073736898431,-0.8301196064488473,0.8811793612315975,-1.2799738332012762,
-0.961694389135727,3.582633830170259e-16,0.5148550748085725,0.9356378965204973,0.33596069197719725,0.5517732767092883,0.07519846504216338,0.0,1.1467299503689061,1.0
-0.9961903286089978,0.5985352011502684,0.38780889091791637,0.5579961025475303,0.33596069197719725,0.1910130476151219,-1.2140252805917284,-1.6593984632601104,0.8420016522344118,1.0
-0.7323633700538036,-0.1819848929288615,0.15502778837763562,0.5721546631999594,-3.133198627352555,-1.3722812784595995,-1.3947696512767318,0.8811793612315975,0.4720676130736938,
-1.666137353091727,-0.4503936506731364,-0.17021459049576318,-0.6821896410346748,0.33596069197719725,0.43151986701123285,1.9377993524762078,-1.2964587740470093,-0.8210660976546416,
-0.6515259579686917,2.237788641084039,-0.2582479140545677,1.6098538839314338,-3.133198627352555,0.0,-1.292490501785024,1.6070587396577998,0.9921571916119715,1.0
-0.907721683492249,0.09958211524415703,0.6630690627024666,0.9504510246999114,0.33596069197719725,-0.530507410573211,-0.05871665743540207,0.15529998280539523,1.2808225986635218,1.0
0.09073210309481321,0.4275775822231958,0.04776243219592362,0.8132441565446827,0.33596069197719725,-0.2900005911771001,-1.507503958493226,-1.2964587740470093,0.8137386992090978,
0.3008043917357738,-0.5872014784608313,0.44634659789680525,-0.283037947796639,0.33596069197719725,0.0,0.3609497022450639,-0.20763970640770588,0.08677952391821009,
1.985243952470232,-0.5962669794432709,0.3304205072297302,0.24185318101864867,0.33596069197719725,1.2732937348976212,-0.6208007382541092,-0.9335190848339081,0.4980205085652014,
0.9689836770247128,-1.0766835247199864,1.3836599532943006,-1.0859496872466476,0.33596069197719725,0.0,1.3999969398043821,0.5182396720184964,0.06693842231093362,
-0.7076755591027173,0.007622372837278511,0.8660707542186754,0.24535960935515025,0.33596069197719725,1.5138005542937323,-0.19757355716149536,1.2441190504446986,0.8738470781008363,1.0
-1.0606217452597348,-0.5968696310402247,0.304773719229655,-7.209671949983916e-16,0.33596069197719725,-1.4925346881576549,-0.23099466278488223,-1.2964587740470093,-9.728482535567586e-16,
0.4656495281325657,-0.42009101412712135,-5.148716173818101e-16,0.279615194190387,0.33596069197719725,-0.16974718147904458,-0.5814349578902314,0.5182396720184964,-9.728482535567586e-16,
-1.523682841621337,1.325951223900041,0.5684262592577756,-7.209671949983916e-16,0.33596069197719725,-1.6127880978557105,-0.2002552330777085,0.8811793612315975,-9.728482535567586e-16,
1.9361602352779719,-1.3032151652798771,1.4724374233743083,-0.11407023665585073,0.33596069197719725,1.6340539639917877,0.6330425299345082,1.6070587396577998,0.9786168898782859,1.0
1.2203916212166568,-0.7499954155414675,0.7848539116665958,0.15671851486605884,0.33596069197719725,0.31126645731317737,2.574941011474537,0.8811793612315975,0.5320123844227801,
-0.5894146406801322,0.26162272458343727,-2.0543264821096003,1.0511002061176113,0.33596069197719725,-1.252027868761544,0.0847685791931289,0.5182396720184964,-0.7022939653480873,
-1.666137353091727,0.17818549958816132,1.4724374233743083,-1.2899508816029401,0.33596069197719725,-0.2900005911771001,-0.3243799816315593,-0.5705793956208071,0.09866587009411208,
1.4118786794890683,1.7563464703193656,0.23789373556081095,0.8201673277022842,0.33596069197719725,-0.2900005911771001,0.06509926675751092,-0.5705793956208071,0.8446758892539197,1.0
-3.1200591762375035e-16,-1.4849474972624483,0.02093632070128542,-0.894064193893176,0.33596069197719725,1.0327869155015104,0.9241235870554372,1.6070587396577998,-0.7718334238307027,
-3.1200591762375035e-16,1.5140429120638939,0.407363893895381,-2.1588676722912936,0.33596069197719725,1.0327869155015104,0.31975233837106887,1.2441190504446986,-1.4582905905908257,
-1.666137353091727,-1.1364129964849063,-0.31879722448635817,-0.8258108251809836,0.33596069197719725,-0.16974718147904458,-0.49903422574441925,1.6070587396577998,-0.8662240870363261,
-0.7323440245557626,-0.3902669088132393,0.34438654259181045,0.7556244524127693,3.851540552412827e-16,-0.41025400087515557,1.1029283212971503,1.2441190504446986,-9.728482535567586e-16,
-0.06860977647439415,-1.3209130644411131,-0.6050418487235562,-0.07680363814562081,-3.133198627352555,0.6720266864073439,-0.8788797066914125,-0.20763970640770588,-0.6666319343364285,
-0.02279213148844054,-1.7209655938559003,1.4724374233743083,-7.209671949983916e-16,0.33596069197719725,-0.2900005911771001,-1.0409849698159634,0.5182396720184964,-9.728482535567586e-16,
-3.1200591762375035e-16,1.4721759994831418,-0.05052062566709862,0.21687469027586848,3.851540552412827e-16,0.31126645731317737,0.8076438093942145,0.5182396720184964,-9.728482535567586e-16,
0.6093818123619918,-0.8684573645517001,-0.36239099549209264,-2.5963910196592654,0.33596069197719725,-0.2900005911771001,1.1543593900235063,1.2441190504446986,-2.4571180731607525,
-1.246371296784665,0.7394161799079956,-0.9911756689706569,0.6437591317799016,-3.133198627352555,-1.3722812784595995,-1.6768305339120742,0.5182396720184964,-0.31502855617741843,
-0.23066655680270562,-0.6035597638795863,0.39278742298808217,-7.209671949983916e-16,0.33596069197719725,0.9125335058034548,-1.4921377290877922,0.8811793612315975,-9.728482535567586e-16,
0.05769115452338764,1.811046318953151,0.29810174030463293,0.8149804928167521,0.33596069197719725,1.7543073736898431,2.385947847708187,0.5182396720184964,0.7112927285738784,
0.4903710108301318,-0.5133125352122039,0.5315068118780049,-0.9084315936981856,0.33596069197719725,0.7922800961053993,0.6142590293149469,-0.5705793956208071,-0.3742537059866402,
0.7068255935556665,-0.28371336967062516,-1.1098112694584465,-0.23738609331853414,0.33596069197719725,-0.6507608202712666,1.5964990648877564,-1.2964587740470093,-1.1454010403406527,
-3.1200591762375035e-16,-0.7635812464311184,-1.7752179179895982,0.7462401063022291,0.33596069197719725,0.9125335058034548,-0.273420710415379,-0.9335190848339081,-0.7112039924774868,
-1.666137353091727,-1.0791279339841977,0.8064749803406677,1.3689145724822618,0.33596069197719725,-1.252027868761544,0.7076506258574001,0.5182396720184964,1.670320745581473,1.0
1.3282332419685077,0.9111031114648287,1.4724374233743083,-0.1646445976288869,0.33596069197719725,0.31126645731317737,-0.13105018726494633,1.2441190504446986,0.9951837285233461,1.0
0.2904392566405603,-0.041691761521264074,-1.1087698318318187,0.91749776960861,0.33596069197719725,-0.8912676396673775,-1.63310588280944,-1.2964587740470093,0.033492833241954116,
-0.8960346524675851,-1.6874515395977192,-5.148716173818101e-16,-0.8000392353055601,3.851540552412827e-16,-0.16974718147904458,-0.7348637433158625,0.5182396720184964,-9.728482535567586e-16,
1.6284469446759162,1.8644741333099943,0.4103350700808369,0.8588688512771492,0.33596069197719725,1.5138005542937323,1.5990931976797336,-0.5705793956208071,0.8908774903078509,1.0
0.05261834726105507,-0.26020748942065475,0.07298340340948684,0.51145846987622,0.33596069197719725,-1.6127880978557105,-0.30054282429785584,0.5182396720184964,0.49762189483979796,
1.220234709180517,-1.0352143219866368,-5.148716173818101e-16,-0.7874539150257225,0.33596069197719725,1.5138005542937323,-0.604391277363032,-0.20763970640770588,-9.728482535567586e-16,
-0.00024618823144783827,-1.355883727613402,-1.5240212684796595,-0.36781791134463987,0.33596069197719725,-0.8912676396673775,0.0,0.0,-9.728482535567586e-16,
2.187867735978354,-1.001685104498561,1.2263324518825702,-1.1228531737411234,0.33596069197719725,0.0707596379170664,-1.18470841623074,0.15529998280539523,0.11270200383327784,
1.852600016637131,0.3572844137914244,-0.8180565135682321,-0.1361596785496044,0.33596069197719725,-1.011521049365433,-0.16208038886447607,-1.2964587740470093,-0.7105710563397313,
-0.347672347070862,1.0022535163612893,-0.8229263067746052,-0.7389776087168882,0.33596069197719725,-1.4925346881576549,0.3128892097033976,0.5182396720184964,-1.238055354489476,
0.9921984113126852,-0.3741453513903286,1.2311993230401967,0.4806293128753417,-3.133198627352555,1.6340539639917877,1.1435241326652172,-0.20763970640770588,1.020280069437365,1.0
0.6341102710630814,3.3108969288277303,-2.1019360095788406,1.7933296636898222,0.33596069197719725,-1.3722812784595995,0.8845752877163893,1.2441190504446986,-0.19755488296680976,
1.4280809158853485,-0.5103057002439726,-1.685268683355316,-3.050651803253667,-3.133198627352555,1.6340539639917877,-1.0136128063484946,-1.6593984632601104,-3.8806095489146633,
-1.1336333136353414,-0.16882331328916048,0.06014742795890764,0.25232735082972546,0.33596069197719725,-1.011521049365433,-0.7187167756233211,-1.6593984632601104,0.3095986388878953,
-3.1200591762375035e-16,-1.1453509390718053,0.4212024413283295,0.32526704866849254,0.33596069197719725,-1.3722812784595995,0.3658461254315056,-1.2964587740470093,0.5599025143984027,
1.087543897945768,-0.23325382060079763,0.6431674918176535,1.1836061250724244,0.33596069197719725,-0.771014229969322,0.3976918585524777,0.8811793612315975,1.4201942799997418,1.0
-3.1200591762375035e-16,1.126421535634794,-0.2687294460877095,0.17218063755807464,-3.133198627352555,0.9125335058034548,0.0,1.2441190504446986,-9.728482535567586e-16,
-1.3733156889767273,2.165020785091328,1.4724374233743083,0.25923579165791594,0.33596069197719725,0.1910130476151219,1.398808096755248,0.5182396720184964,1.2232139217964344,1.0
-1.666137353091727,0.7195265724119739,-0.18304380623592048,0.09174489565681289,0.33596069197719725,0.0,0.33743058593147174,-1.6593984632601104,-0.08371123639188005,
-0.3701137804722318,-1.4731571489979294,-0.18639860308385944,-0.4879980753981608,0.33596069197719725,0.5517732767092883,0.3628023253343295,0.5182396720184964,-0.5575275991694584,
0.713332510126348,-1.208860030525534,-0.8428445813590691,-1.8297366833159467,0.33596069197719725,-0.16974718147904458,-0.40166097943243273,0.8811793612315975,-2.0824253739377494,
1.5748811839804036,-1.4730857399223143,0.22482810177336124,-0.06646290088151717,0.33596069197719725,-0.16974718147904458,-1.7423172729546401,0.5182396720184964,0.2530111576930324,
0.006973096773570491,-0.9454831721812036,0.7941506062079123,-1.8761342768429976,0.33596069197719725,1.6340539639917877,-0.3034687855215146,0.0,-0.8901417884673013,
-3.1200591762375035e-16,-0.6817680227665212,1.4724374233743083,0.2728787497390849,0.33596069197719725,1.1530403251995658,1.6750404970094683,0.5182396720184964,1.2134676708155738,1.0
-1.5894046051068538,-1.0727642975053955,-1.6454859760689702,-0.3530586520593278,0.33596069197719725,-0.2900005911771001,-0.8736488500884442,1.6070587396577998,-1.4579874194805094,
-1.666137353091727,0.6027794843141892,-0.2040319482574031,0.234794554821626,0.33596069197719725,-1.3722812784595995,-0.41722874402882887,-1.2964587740470093,0.0730444887777339,
-3.1200591762375035e-16,-1.1067407256155335,0.5990747708533805,-1.1041917335381266,0.33596069197719725,-0.2900005911771001,1.0772690574879085,1.2441190504446986,-0.5165276136975365,
0.3472505987468551,0.3694734803390789,0.7617993994694784,1.2602717166651252,0.33596069197719725,0.6720266864073439,0.0,-1.2964587740470093,-9.728482535567586e-16,
-0.11025758886891322,0.8844534710202828,0.08876448290783438,1.1122745817720503,0.33596069197719725,0.1910130476151219,0.5328112172007958,-1.2964587740470093,0.9332554542567522,1.0
-1.666137353091727,-0.4141389013721495,0.7100517881258696,-0.8000392353055601,0.33596069197719725,-0.0494937717809891,0.2653619760307916,-0.20763970640770588,-0.1252918199382982,
-0.1721997632810008,1.352886404238984,-0.8567308290171289,-0.2437526898587422,0.33596069197719725,1.7543073736898431,1.5394670772100583,0.8811793612315975,-0.9549849259688147,
-1.5063778666033714,0.5179202318376921,1.4724374233743083,0.4152191586205194,0.33596069197719725,0.0,-0.165114321659693,0.15529998280539523,1.4672166017594033,1.0
0.6607824272931677,-0.7124341813687913,1.2320129733982232,-1.3884639671680103,0.33596069197719725,-0.530507410573211,1.6951217041379674,1.2441190504446986,-0.3148114370875175,
0.328075571064136,3.582633830170259e-16,-1.4781208356037816,-0.21240760257575322,0.33596069197719725,-1.3722812784595995,0.7574835693780215,0.0,-1.3403936539047048,
-1.106141038460856,-0.6294364699589691,-1.1652893218660323,-0.5508156856435561,0.33596069197719725,1.5138005542937323,0.4909088139656465,-0.20763970640770588,-1.3578727869781622,
-0.6384755152648135,0.8296301086665311,-1.1326162684244754,1.1890945631395031,0.33596069197719725,0.0,-1.0534297844962641,-1.6593984632601104,0.1917278470363604,
-1.2371424187914009,0.5593839283100248,0.8672021700856161,0.9821185364333889,0.33596069197719725,-0.530507410573211,0.8708135708242833,0.8811793612315975,1.3907795623584498,1.0
-0.14317360471545312,0.18555272092204325,-1.4083256653771348,0.34096844531881687,-3.133198627352555,-0.6507608202712666,0.0,-0.9335190848339081,-9.728482535567586e-16,
0.9741635005963619,-1.3101382786822078,-0.30261352972308764,0.2059297573026746,-3.133198627352555,0.7922800961053993,-1.409068037792778,-1.2964587740470093,-0.16924362112894603,
-1.1564698353915923,-0.75247642214923,0.6083507841740298,1.2512019363006979,0.33596069197719725,-0.2900005911771001,-0.8889929618624842,0.5182396720184964,1.5454547531311527,1.0
0.47896260173871874,-0.8985455901388945,0.0044600707748637045,1.2592689532297774,0.33596069197719725,0.7922800961053993,0.09411806800996715,-1.2964587740470093,1.021567947910652,1.0
-0.6564687880821204,-1.594408818506735,0.38132307928382386,1.4678282932076312,0.33596069197719725,-0.8912676396673775,0.0,-1.6593984632601104,-9.728482535567586e-16,
-0.9447607396704527,-1.1855724942081398,-1.1545066247688636,-1.1615146184704623,-3.133198627352555,1.5138005542937323,-1.2004473631671322,-1.2964587740470093,-1.935915427821463,
-0.19186123360196544,-1.1735760022866037,0.7708389593501865,-7.209671949983916e-16,0.33596069197719725,-0.2900005911771001,-1.5393189389746027,0.15529998280539523,-9.728482535567586e-16,
-1.2108274777236878,-0.3815952315882686,-0.6297783455029629,0.5532211658513774,0.33596069197719725,-0.771014229969322,0.771992870824734,-1.2964587740470093,-0.08044178188376375,
-0.6821475558465755,0.7531168198427224,-5.148716173818101e-16,0.25232735082972546,0.33596069197719725,1.7543073736898431,0.715463694379257,-1.6593984632601104,-9.728482535567586e-16,
-1.3893644528948794,-0.6555888809179579,0.3567953167455047,-2.7215208142783203,0.33596069197719725,-1.733041507553766,0.04431107754659168,-1.6593984632601104,-1.9313127913606158,
2.082456485492585,-0.3314771339353645,0.20067968259869273,-1.7442116651973418,0.33596069197719725,-1.733041507553766,-0.10976945185300593,-0.5705793956208071,-1.2464588887518522,
-0.03565478630312325,-0.3311211169568104,0.10897419064410649,1.090334411099329,0.33596069197719725,-0.0494937717809891,1.0091186355695434,0.8811793612315975,0.8949153556312074,1.0
-0.8425061006447875,-0.20202857739655158,-0.7890955399656495,1.0300831900951621,0.33596069197719725,0.7922800961053993,-0.29475542254665577,0.15529998280539523,0.265516712193712,
0.16053524810211736,-0.06244919699232308,-0.2661218876000439,-0.20628125728709448,0.33596069197719725,-1.3722812784595995,1.1140761082599402,-0.5705793956208071,-0.44624692600811655,
-0.19767689557507417,1.3289293393982036,0.08370367746674517,1.1013786208900727,0.33596069197719725,1.3935471445956769,1.6619618716528932,0.15529998280539523,0.8356184068651958,1.0
-0.316940680653326,3.582633830170259e-16,-1.5130850110581662,-7.209671949983916e-16,0.33596069197719725,0.5517732767092883,0.36695783105581614,0.15529998280539523,-9.728482535567586e-16,
0.599849592389063,1.3611362403864853,-0.4550830349708864,0.8555757964659639,0.33596069197719725,-1.733041507553766,0.6805505718337396,1.2441190504446986,0.30326765936930283,
0.757205515926629,-0.10439836820897438,0.5306433756077434,-0.016647462735811885,0.33596069197719725,1.1530403251995658,-1.2390550985530313,-0.5705793956208071,0.4865972324537356,
-0.6567361279604045,-0.27232959491965075,-1.3998723803550304,-1.2448427830217015,0.33596069197719725,0.0,-0.8781824277692515,0.15529998280539523,-1.99401738165427,
-0.7064840195528652,2.7102959842958905,1.422098719411498,-0.0022800629308030516,0.33596069197719725,-0.530507410573211,0.535911760882447,1.6070587396577998,1.0383894211120142,1.0
-0.37631055963886606,0.9908369512191291,1.4724374233743083,0.057197686281818136,0.33596069197719725,0.43151986701123285,-0.010450372149850146,-1.6593984632601104,1.1657140436566746,1.0
-1.666137353091727,-1.5757888400389188,-1.3624403531239953,0.27625395999770497,0.33596069197719725,-0.0494937717809891,-0.9226794007565127,0.5182396720184964,-0.730867769817499,
-1.666137353091727,0.3310590897205985,1.4724374233743083,-1.3134811348559714,0.33596069197719725,0.6720266864073439,-0.541657146622914,0.5182396720184964,0.09596964965072811,
1.4261518098696626,-1.1467300815205976,-0.08529469512999183,1.7199545633285167,0.33596069197719725,-0.6507608202712666,0.7081476579246458,-1.6593984632601104,1.2804937187007797,1.0
1.7314353503778621,-0.051081386859313266,0.5663927279335114,-7.209671949983916e-16,0.33596069197719725,-1.733041507553766,2.030278845906001,0.8811793612315975,-9.728482535567586e-16,
-0.34775126717099997,-1.0571300577928389,-0.49463912783655906,-0.7628539446431161,0.33596069197719725,1.0327869155015104,-0.23701301719813345,-0.20763970640770588,-0.9678762494555984,
0.5585626299382068,0.15400368625532357,1.151338971565131,0.22049045080967727,0.33596069197719725,-1.4925346881576549,-1.362118234947055,1.2441190504446986,1.1569724813130062,1.0
0.2673159178275819,1.8959689867925926,0.5519925048803668,0.24535960935515025,0.33596069197719725,-0.16974718147904458,0.6204878275636269,0.8811793612315975,0.5748921365980961,
3.3055467601061843,0.4196717914217292,-0.8627473140107318,0.0118374563434706,0.33596069197719725,-0.0494937717809891,1.5098535848883634,-0.9335190848339081,-0.7503724731069694,
1.1546731970558044,3.582633830170259e-16,-1.2697489485215008,0.7722476319147256,0.33596069197719725,-1.733041507553766,0.01913502553083371,-1.6593984632601104,-0.330135506741813,
-0.21479067721939618,-0.6220992268414669,-1.6118847964864178,0.19855028013695605,0.33596069197719725,0.0,-1.4432432607407697,-0.9335190848339081,-0.9431254146575576,
-1.1233328854854783,3.582633830170259e-16,0.29906945384278155,0.4066594635121736,0.33596069197719725,0.7922800961053993,-1.1830812298034434,-1.2964587740470093,0.650078296832595,
-1.666137353091727,0.3689864707403584,0.7448884264523199,-7.209671949983916e-16,0.33596069197719725,-1.733041507553766,1.2778866983324657,0.0,-9.728482535567586e-16,
0.14899076307423378,1.435929613253284,0.8358937229308886,-2.4879986612666403,0.33596069197719725,-0.0494937717809891,-1.7407949508264495,-0.5705793956208071,-1.2457828968971834,
-0.9046677702837198,0.6572477675177929,-0.05561379428139936,0.31890045212828444,-3.133198627352555,-1.4925346881576549,-0.4974431049424394,0.0,0.0402842315320449,
-1.6356782182573812,-0.24763889596323457,-1.2602355404674275,1.0778842146152392,0.33596069197719725,0.6720266864073439,-0.6457585605657514,0.8811793612315975,-0.025449854778421706,
-0.7841565731898817,0.25078199744041846,-0.709617158900322,-2.7215208142783203,0.33596069197719725,0.5517732767092883,0.6750370795126834,0.0,-2.7847803405228166,
-1.2616606149346046,2.1243416587419297,1.4171910161571608,-0.07680363814562081,0.33596069197719725,0.9125335058034548,0.20048382564424458,-1.6593984632601104,0.9995919277067714,1.0
1.77773275248121,-0.15009190009759193,-0.48070040232537437,1.2327525762811906,0.33596069197719725,0.7922800961053993,0.39051106429147764,0.15529998280539523,0.6111067909423824,
0.8934743539958385,-0.676406350008225,0.24744870191493065,-0.2185805364888506,0.33596069197719725,-0.41025400087515557,-0.17849802400275053,0.5182396720184964,0.02924263421339309,
-0.08311832186040874,-0.7428426224086637,-1.1659240118640974,0.061597355034623893,0.33596069197719725,0.43151986701123285,-1.4826017175560284,-1.6593984632601104,-0.7139860737408179,
-3.1200591762375035e-16,0.7080773771848649,0.47140232952576316,1.5779648642993285,0.33596069197719725,0.0707596379170664,0.8619921838282537,0.0,1.5747072202013477,1.0
0.010566687331839209,-0.5456193714550728,-0.4494618537297865,-0.7628539446431161,0.33596069197719725,1.3935471445956769,0.054517386614525265,0.0,-0.9556746491796904,
-1.0198609092558746,-0.3766181540054363,1.2947180119772432,-1.7046068886968915,0.33596069197719725,-0.8912676396673775,0.08960278822273683,0.5182396720184964,-0.4025279787175923,
-3.1200591762375035e-16,1.1390998047191567,-5.148716173818101e-16,1.0016457952041602,0.33596069197719725,1.0327869155015104,-0.6295059639811981,-0.5705793956208071,-9.728482535567586e-16,
0.5172348496621743,-1.1991735725053068,-0.49354338397686826,1.0287513819248992,0.33596069197719725,-0.16974718147904458,0.7694445180610631,0.0,0.40771467687991403,
-1.2130272307486205,-0.04565733531270259,-0.06568068067370336,0.09174489565681289,0.33596069197719725,0.31126645731317737,-1.3003873180222305,0.15529998280539523,0.12826926871917693,
-0.28331487507695724,1.3196623404447347,-0.5577854028854853,0.19110310040044495,0.33596069197719725,0.9125335058034548,0.9152747415154009,-0.9335190848339081,-0.32999212555442625,
-1.035596447880334,0.18717161348880298,-1.5645014992896424,0.9356378965204973,0.33596069197719725,1.7543073736898431,-0.9671144778320047,-1.2964587740470093,-0.3463907619399823,
-1.5923666966983223,-0.03403375741838378,-5.148716173818101e-16,0.693600066977662,0.33596069197719725,-1.733041507553766,2.972519618036291,-0.20763970640770588,-9.728482535567586e-16,
0.9423667482184934,0.5836024548210857,0.3109828027686902,-0.4966798362056373,0.33596069197719725,-1.6127880978557105,1.5408600101033338,0.8811793612315975,-0.277308018954721,
2.0217403030956835,0.23348431373643205,-5.148716173818101e-16,-2.7215208142783203,0.33596069197719725,1.0327869155015104,-0.6836287801446841,-0.9335190848339081,-9.728482535567586e-16,
-1.6096762124785302,-0.26857283731618153,0.2533966778008406,0.11261331737734279,0.33596069197719725,-0.41025400087515557,1.014327325099269,-0.20763970640770588,0.21209576667350458,
0.5436463876784852,-1.5243681534291198,-0.268653576401306,1.0002664628456166,0.33596069197719725,0.1910130476151219,0.6957795376584306,0.0,0.5601688824981801,
-0.7886241643047474,0.6603280831424918,1.1629580994068216,1.1170706778378494,0.33596069197719725,-1.6127880978557105,0.0,0.5182396720184964,-9.728482535567586e-16,
-0.6091193755814206,-1.2652733291611713,0.15484175856876486,1.3802311950929584,0.33596069197719725,0.0,-0.9320163863834366,0.15529998280539523,1.3103961449114663,1.0
-0.7246803612708393,0.7719802590967962,0.8965159659653016,1.0626874481975832,-3.133198627352555,0.1910130476151219,-0.8012689340418799,0.15529998280539523,1.3849557687941143,1.0
-1.0228321075372633,-1.5351220006823847,-1.9753212208041107,0.34096844531881687,0.33596069197719725,0.6720266864073439,0.5367069211394611,-1.6593984632601104,-1.251535404482068,
-0.021100425419091143,-0.9870076073463517,-3.1651138249944215,0.025713638646236266,0.33596069197719725,-1.011521049365433,1.1657638215066952,-1.2964587740470093,-2.453364236976154,
-0.9865609628784364,0.15724691856793097,0.4101924295568359,0.7795278322628945,3.851540552412827e-16,-1.1317744590634884,-1.726665548065825,0.0,-9.728482535567586e-16,
0.22253409354987275,-0.33714058926828566,-1.5706838851485563,0.6956118075307292,3.851540552412827e-16,0.0,-0.19349452616297613,0.8811793612315975,-9.728482535567586e-16,
-0.12951622132798027,-0.5191603005726212,-0.16514186592005947,0.24535960935515025,0.33596069197719725,0.7922800961053993,-0.5878768183047777,-0.20763970640770588,0.123835816534405,
-0.33667693885192895,2.5471119412282084,-0.26907557856935077,-1.471084735685212,0.33596069197719725,-0.8912676396673775,-0.5403344566835988,-1.2964587740470093,-1.3479620954618758,
-1.070665262323919,0.8105712160795906,1.4724374233743083,1.2317152126924873,0.33596069197719725,-1.252027868761544,-0.2905005458115534,-0.20763970640770588,2.1377053100382906,1.0
-0.7075302961567952,-1.5093846888016866,0.5449231772253916,0.052774041014183704,3.851540552412827e-16,-0.0494937717809891,-1.6042085199336777,1.2441190504446986,-9.728482535567586e-16,
0.7548820962065816,1.314183367439187,0.27346698305954115,-0.18817485088191763,-3.133198627352555,1.2732937348976212,-0.6955991594986458,0.15529998280539523,-0.10661980092239291,
0.4755273093495101,1.0829869904444507,1.0515693923749332,0.44858290533117595,0.33596069197719725,-1.011521049365433,1.9893725148069994,-0.20763970640770588,1.0139700435100452,1.0
-3.1200591762375035e-16,3.582633830170259e-16,0.5084036598302508,0.5484179749275424,3.851540552412827e-16,-1.4925346881576549,1.2133248237396788,1.6070587396577998,-9.728482535567586e-16,
-3.1200591762375035e-16,-0.6384594633761403,-0.44945307868209927,-0.7157835480127437,0.33596069197719725,1.1530403251995658,0.29635460732043256,0.15529998280539523,-0.935761863477322,
-3.1200591762375035e-16,0.7044776197316479,1.3234281833509594,0.9386222267116847,3.851540552412827e-16,-0.6507608202712666,-0.53971195766717,1.2441190504446986,-9.728482535567586e-16,
-1.666137353091727,3.582633830170259e-16,-1.2054587238777168,-7.209671949983916e-16,0.33596069197719725,-1.4925346881576549,1.617374291593384,0.5182396720184964,-9.728482535567586e-16,
0.5221201037691863,0.9652981479957462,0.45594089838317736,-0.8258108251809836,0.33596069197719725,1.7543073736898431,-0.014488165090110748,0.0,-0.31714951929391055,
-0.801776793756615,-0.9363544278815086,-1.7130615088199577,-7.209671949983916e-16,-3.133198627352555,-0.16974718147904458,-1.7180917663355924,-0.9335190848339081,-9.728482535567586e-16,
0.5520217737809431,-0.7219517012514611,0.3176220716187983,0.6752664593643695,0.33596069197719725,0.7922800961053993,-1.3292712656811614,1.6070587396577998,0.8925733874198024,1.0
-0.912251639224535,-1.1461967905951007,0.30492188739525977,1.4393988036000278,0.33596069197719725,-1.4925346881576549,-0.11952978425396533,1.6070587396577998,1.4105743524778533,1.0
-1.666137353091727,-0.8780284189413246,1.4724374233743083,0.8654151520602144,0.33596069197719725,-1.733041507553766,-0.21627138688704625,-0.20763970640770588,1.8355545273077796,1.0
-1.666137353091727,-0.5629196007664925,-1.7332396094351596,1.2955701865265858,0.33596069197719725,0.0,2.437029788937704,-0.5705793956208071,-0.43874265122307693,
-3.1200591762375035e-16,0.237144719751135,-0.615489219263712,-1.068108597692235,0.33596069197719725,0.43151986701123285,-0.05335469050190061,-0.20763970640770588,-1.320178505079965,
0.2107502399569021,3.582633830170259e-16,1.034980027456173,-1.6307617396792617,0.33596069197719725,-1.3722812784595995,1.5967782140972058,0.8811793612315975,-0.6524953764982024,
-1.0671007520975841,-0.09994672878369143,0.46993478911491815,0.28961618596551575,0.33596069197719725,1.7543073736898431,1.446962287784766,0.15529998280539523,0.4864957448221802,
0.6266635364486332,1.2785595153724079,0.2902155278430458,-7.209671949983916e-16,0.33596069197719725,-1.6127880978557105,0.8650854096784658,-0.5705793956208071,-9.728482535567586e-16,
-1.666137353091727,0.46920738856358185,-1.0273600318526324,0.9144346078691964,0.33596069197719725,1.1530403251995658,0.48922413693846284,-0.20763970640770588,-0.06720429396660532,
-0.1469068036470748,-0.58286858054944,-0.6038155430739502,0.5435861934132092,0.33596069197719725,-0.530507410573211,-0.2847632655322484,0.5182396720184964,0.010921634465613148,
-1.4037873347970469,-1.7519838297886436,1.4724374233743083,1.4786207756143999,-3.133198627352555,1.0327869155015104,0.9374349831565233,0.8811793612315975,2.0261128687854293,1.0
-0.7899343991169367,-0.04525878448850018,0.021452917414690513,-0.5323663256240487,0.33596069197719725,-0.41025400087515557,0.590388485050028,-0.20763970640770588,-0.45348535938796647,
-0.022333177144168017,-0.6513963370098148,0.5163595057242164,0.1248816148460099,0.33596069197719725,-0.2900005911771001,-1.046801388652894,-1.2964587740470093,0.5759153485067237,
-3.1200591762375035e-16,-1.0976990821887218,-0.052375895615027514,0.16061174485999086,0.33596069197719725,0.0707596379170664,0.5703426689157896,0.15529998280539523,0.053272173235766045,
-0.4965209515388341,-0.00170845464263311,-1.2904828781796884,-0.5890221208891859,0.33596069197719725,0.0707596379170664,-1.0445147818352498,1.2441190504446986,-1.3678561353581788,
1.0303151378050426,1.0679388846969862,-5.148716173818101e-16,0.36245233933093723,0.33596069197719725,0.43151986701123285,0.48108337233893467,-0.9335190848339081,-9.728482535567586e-16,
-0.7076626205945594,-0.7435622271777669,0.6646135421407517,0.021114550435926426,-3.133198627352555,0.9125335058034548,-1.0286164178027628,0.5182396720184964,0.383519015787449,
0.8430342594621739,0.8572723530280845,1.4724374233743083,0.030286816362977913,0.33596069197719725,0.5517732767092883,-1.0811489129402823,0.8811793612315975,1.2245173443470534,1.0
-1.314528112395445,-0.34546022345017896,-1.096280624890916,-0.18817485088191763,-3.133198627352555,0.6720266864073439,-1.574915782837895,0.15529998280539523,-1.0756876146327037,
0.507238673984952,0.3619970161050462,1.0348530682605894,-2.7215208142783203,0.33596069197719725,0.5517732767092883,1.3043064161407596,-0.9335190848339081,-1.5136767419257633,
1.5081492712564197,1.2450422705331863,-1.439416040382653,0.20959448992769888,0.33596069197719725,-0.771014229969322,-0.5006709692836365,-1.6593984632601104,-0.8747790183768323,
-1.666137353091727,-1.7493874672623526,0.26359774169839345,-0.26973048750808937,0.33596069197719725,0.0707596379170664,0.10826259357870853,-0.9335190848339081,-0.021548235638646267,
-0.949176448187907,0.42244216503780085,-5.148716173818101e-16,-4.17595808722772,0.33596069197719725,1.3935471445956769,0.7982091471868439,0.15529998280539523,-9.728482535567586e-16,
0.5591281633234186,2.392669959463143,-2.321236149746797,-0.3530586520593278,0.33596069197719725,-1.011521049365433,0.334020019065164,-0.5705793956208071,-2.0596190629991797,
-0.2972639589156785,1.6195645965805727,-0.15642416407392584,-0.4541708101037837,0.33596069197719725,-0.2900005911771001,-1.1936636354200485,-1.6593984632601104,-0.3903314572039295,
0.33306783454587147,-1.05997057469674,-0.5718064524370036,-0.10864053816566902,0.33596069197719725,-1.3722812784595995,1.8328490900953294,0.15529998280539523,-0.6523327407704075,
-0.7374049389194663,0.18912484388553788,-0.7326686873888318,-1.1228531737411234,3.851540552412827e-16,-0.2900005911771001,-0.3456357457036379,-1.6593984632601104,-9.728482535567586e-16,
-3.1200591762375035e-16,2.7836041853345446,0.5277829029568886,0.17600058294962861,0.33596069197719725,-0.8912676396673775,0.9449252964518897,0.8811793612315975,0.476019924032149,
-0.2452644711784339,-0.4992432670225141,1.3804813980759636,0.588366780633263,-3.133198627352555,-1.6127880978557105,-1.0766651991465062,-0.9335190848339081,1.3874459686232299,1.0
1.2075937160656818,1.2446255352111464,-0.07334966918429865,0.45130229446641035,0.33596069197719725,-1.011521049365433,-0.33841365495814474,-0.9335190848339081,0.3411704633480861,
0.20493022126874338,0.09016589144073094,0.31941050852713937,0.850611029321292,0.33596069197719725,-0.530507410573211,0.42985856591612964,-1.6593984632601104,0.9034787473126721,1.0
0.2962449951381419,-0.43246388879995534,0.21370022397603647,0.04385376555812365,0.33596069197719725,0.1910130476151219,-0.27373120577297577,-0.9335190848339081,0.22337559945446636,
-0.5265136770969963,1.231070224576285,-5.148716173818101e-16,0.20224840451819845,-3.133198627352555,1.0327869155015104,3.138285835948504,0.5182396720184964,-9.728482535567586e-16,
-0.6096472291992061,1.2271476405494903,-1.181798528492077,0.8670435114782592,0.33596069197719725,1.6340539639917877,0.8187458853928795,1.6070587396577998,-0.24710036722563303,
-0.5492169686389816,-1.012026507674013,1.366289210480585,-0.016647462735811885,0.33596069197719725,-0.16974718147904458,0.35213849602692265,0.0,0.9984090498708241,1.0
0.35865283275196924,1.5709217180037767,0.42341796089310885,0.608746183165734,0.33596069197719725,1.5138005542937323,0.3183331954036634,0.8811793612315975,0.7946634490119292,
-0.5365116629236957,-1.8175774768316169,0.538992835593479,0.0024531102329304164,0.33596069197719725,0.0,-1.1447655468329,-0.9335190848339081,0.5012748158640599,
0.2437409109651657,-0.46961416595461614,-0.8538853853635581,-0.041173101641081726,0.33596069197719725,-0.2900005911771001,-0.31489353391843744,-0.20763970640770588,-0.6492453487056734,
-3.1200591762375035e-16,0.024493953033071458,-0.45124248362915753,0.7443501475958664,0.33596069197719725,-0.0494937717809891,0.8924951452332148,-1.6593984632601104,0.2001669661537164,
-3.1200591762375035e-16,-0.49272881972809235,-0.12303579325482183,-0.8799466746189031,-3.133198627352555,0.7922800961053993,-0.9604659870862123,1.2441190504446986,-0.9464315288444364,
-0.4322660756015418,-0.046220220768423234,-1.6974734229505648,-0.25663767305874474,0.33596069197719725,1.5138005542937323,1.7400205715366839,0.8811793612315975,-1.6159445659147642,
1.2442943175548526,-0.6678366233162819,-1.8759143741637505,-0.6499309499437242,0.33596069197719725,0.6720266864073439,0.6824277935320068,1.6070587396577998,-1.989623434206366,
-0.5223403899596133,-0.1534068931763002,-0.6153277800582659,-0.20020080265608944,0.33596069197719725,1.1530403251995658,-1.021663548771865,-1.2964587740470093,-0.5444975443863695,
-1.666137353091727,0.8588438971098284,0.6869762570420616,-0.6291160428685438,0.33596069197719725,-0.771014229969322,-0.9277064673621527,1.6070587396577998,0.08545201017420768,
-1.1810163352643623,-0.060991572225038745,-0.6760674806427835,0.3378523689483309,0.33596069197719725,-1.4925346881576549,-1.0951174702300432,-1.6593984632601104,-0.14925746772822013,
-1.666137353091727,2.1726004198967925,-1.1000182801191518,0.8372212511239715,0.33596069197719725,1.1530403251995658,-1.1598334567527102,-0.5705793956208071,-0.06050911553426433,
-0.4602482624011813,-0.07949947456585073,-0.8633645681864235,0.8080127513421769,0.33596069197719725,-0.2900005911771001,-1.5179071548683174,1.2441190504446986,0.12165768863213881,
-0.05414696603743331,-0.3602383659024358,-0.44674640685950684,-0.18222803382526057,0.33596069197719725,-0.2900005911771001,-1.085241078487698,0.8811793612315975,-0.39774741657358736,
1.765981833469513,2.988853457807621,-0.32908771982951995,-7.209671949983916e-16,0.33596069197719725,-0.771014229969322,1.7473523197723946,-0.9335190848339081,-9.728482535567586e-16,
0.2845259494081867,1.2953644278993257,1.4724374233743083,0.3714884648974708,3.851540552412827e-16,0.31126645731317737,0.07942057622789742,1.6070587396577998,-9.728482535567586e-16,
-0.3148888648472248,0.6376849730454065,1.3038863519128834,-0.09256601491825099,0.33596069197719725,-1.252027868761544,-1.2409253302217367,0.15529998280539523,1.0096889188025555,1.0
0.8361330741509844,-1.4162780820240117,1.26928266479071,0.9341416068844974,0.33596069197719725,-0.530507410573211,1.0353417899374273,1.2441190504446986,1.6434444875573992,1.0
-1.666137353091727,1.888093085424417,1.4360098806524908,0.6732035944735231,-3.133198627352555,-1.6127880978557105,2.047131489128915,1.6070587396577998,1.262973474291493,1.0
-3.1200591762375035e-16,0.8718274957891207,-1.0768486935055261,0.7193716568530855,0.33596069197719725,0.1910130476151219,-0.3343819175339832,0.8811793612315975,-0.20054213760140507,
0.7718690041054217,3.582633830170259e-16,-1.336022587685269,-0.7750607445627798,3.851540552412827e-16,0.9125335058034548,0.0,1.6070587396577998,-9.728482535567586e-16,
-1.666137353091727,0.5596062322705163,-1.202119876707817,0.08324495518780232,0.33596069197719725,0.5517732767092883,1.788694551756884,-0.20763970640770588,-0.9700451258637782,
1.1812164006391472,-0.9652998954522944,1.4724374233743083,1.0085075173619666,0.33596069197719725,0.6720266864073439,0.11842454066917286,1.2441190504446986,1.9262124982354984,1.0
0.29722612493375195,1.586334607456735,-0.5532354420435895,0.16834263089185975,0.33596069197719725,-1.3722812784595995,0.4521003443996279,1.2441190504446986,-0.3101177172001801,
-0.5302581242568397,1.6989952064354152,-1.3696350574107443,0.569811986544548,-3.133198627352555,0.7922800961053993,-0.19394835015750778,-0.9335190848339081,-0.7725523920301891,
0.6202848233641147,1.070085780668579,-0.41851969272920414,0.3563718846999322,0.33596069197719725,1.3935471445956769,-0.8356581194959005,0.8811793612315975,0.0408612186781837,
2.4183396631061442,-0.6529171167653507,-0.19546429650402478,0.9533814859969976,0.33596069197719725,0.31126645731317737,1.4616034775164009,0.0,0.5198831382786129,
-3.1200591762375035e-16,0.98177578431454,0.3923671269889275,-0.4296944764433234,3.851540552412827e-16,1.0327869155015104,-1.272496278062245,1.6070587396577998,-9.728482535567586e-16,
0.19812374511431385,-1.2871651477934294,0.37212160370932507,0.3315840992082774,0.33596069197719725,0.5517732767092883,0.8064418629415119,0.0,0.4947583004473336,
-0.5786402680561941,0.10043896477842945,-0.8790104031028872,-1.1815585232103154,0.33596069197719725,0.0,-1.3432089329137618,1.6070587396577998,-1.5141121399662762,
-1.0073025680809213,-0.3876666501514905,0.8761137136271794,0.5837676924229531,0.33596069197719725,0.43151986701123285,-0.6669344117430236,0.8811793612315975,1.1907477676467249,1.0
0.8371542616275834,-0.4272358797237465,-0.659901143734377,0.6773240951877815,0.33596069197719725,-0.41025400087515557,-0.43687411955394007,0.5182396720184964,0.08825829194358234,
-1.0141520763347236,-1.2506016334058394,-0.10001283123055188,-2.0337378776722383,0.33596069197719725,0.0,1.839701986892578,-0.20763970640770588,-1.8548634974529914,
0.00419732973739516,0.03153725011318381,0.8774095358662161,0.5508231230506518,0.33596069197719725,-0.530507410573211,0.6706592011204706,-1.6593984632601104,1.0643746913752576,1.0
-3.1200591762375035e-16,-1.0174103163602617,-0.6629478644092734,-0.05119467211080664,0.33596069197719725,0.0707596379170664,-1.326101028553653,0.8811793612315975,-0.43693567097034175,
0.4514450607439275,-0.6061943435261301,-5.148716173818101e-16,-1.1815585232103154,0.33596069197719725,-1.252027868761544,0.4340789033712844,-0.20763970640770588,-9.728482535567586e-16,
0.29191915738486324,0.627163021001748,0.7671447744822568,-0.036208334496409735,0.33596069197719725,1.5138005542937323,-0.5932130984313501,-0.9335190848339081,0.6008956701365896,
1.0646174061686706,0.019526173907403008,-0.9132733421192825,-0.7874539150257225,0.33596069197719725,-1.4925346881576549,0.23674948693209238,-1.2964587740470093,-1.3398558867816832,
-0.6342485191538696,3.582633830170259e-16,-0.3649511334931578,-7.209671949983916e-16,3.851540552412827e-16,-0.41025400087515557,0.03978798163521875,-0.9335190848339081,-9.728482535567586e-16,
-0.3706276490529805,-1.0024563428359752,0.7254927567521828,-0.13058070883839096,-3.133198627352555,-0.0494937717809891,-0.1681363457271347,1.2441190504446986,0.2419482008518241,
-1.1488267752921226,0.3793038720017157,1.4724374233743083,0.693600066977662,0.33596069197719725,0.0707596379170664,0.22904109111788618,-1.2964587740470093,1.6629313064568418,1.0
-3.1200591762375035e-16,0.4703684784026932,0.7830706530713208,0.7777138943065223,0.33596069197719725,-0.2900005911771001,-0.6077347134996615,1.6070587396577998,1.272992603184277,1.0
0.3398242112640668,-0.756693303910811,0.6291448295844475,0.40090244010655063,0.33596069197719725,-1.011521049365433,0.31426058841607646,-1.6593984632601104,0.7821837879059266,
0.7566356690861167,-0.5147608628816297,0.6965769356130801,-2.5963910196592654,-3.133198627352555,-0.0494937717809891,-0.24568285879175297,-1.2964587740470093,-1.7704370635502316,
-1.0866945761297582,0.07042661876054275,-1.1630716749455168,1.2532262188901229,0.33596069197719725,-1.4925346881576549,2.13630025758505,-1.2964587740470093,-0.019457220208841365,
0.8802639300550286,-1.0197189819606813,0.21519349880677993,0.5744905983304973,3.851540552412827e-16,-0.41025400087515557,0.3297516814642491,-0.20763970640770588,-9.728482535567586e-16,
1.4138167812642564,0.24989101141688566,0.04666114507768068,-2.2294980175121797,0.33596069197719725,-0.8912676396673775,-1.2056876763053743,-1.6593984632601104,-1.673273963088529,
0.37949159943877064,-1.1304201879916,0.45401324552912886,0.8895040680315707,0.33596069197719725,1.1530403251995658,0.03983653468526965,1.6070587396577998,1.0660566089767256,1.0
1.9859300314747153,-0.9202792504949067,0.21625006491481075,-0.7508279928689443,0.33596069197719725,1.6340539639917877,-0.7795691148049817,0.8811793612315975,-0.3800127920748378,
-0.9238112380583928,-1.805272341368019,0.5213912271164224,0.3378523689483309,0.33596069197719725,-0.41025400087515557,0.032487115969587185,0.0,0.6709061269749454,
-1.4407147834889815,-0.9574597402788556,-5.148716173818101e-16,0.07896137322785549,0.33596069197719725,0.31126645731317737,2.242339262136077,0.15529998280539523,-9.728482535567586e-16,
-1.666137353091727,-1.5498621099524073,0.149122513344464,-0.036208334496409735,0.33596069197719725,-1.4925346881576549,1.5949127856256795,-0.20763970640770588,-0.03090372460315117,
1.5679512263345328,-0.5563272741676195,-1.342357425961408,1.0964886247906234,0.33596069197719725,-0.41025400087515557,-0.29297249571583295,-1.2964587740470093,-0.09900898316390062,
0.643978930499173,-0.7450583685486041,-0.2897245502524745,0.007158844557521393,0.33596069197719725,1.6340539639917877,-0.3542405193201419,1.6070587396577998,-0.18076121932220404,
-0.1353855333725467,-1.518092287000884,1.4724374233743083,-1.5962145303042672,0.33596069197719725,0.9125335058034548,0.11111943772789509,-1.6593984632601104,-0.18207087879629888,
0.23297589355137535,-0.1073031713177713,0.4507945522220343,1.3275546884922518,0.33596069197719725,0.0,0.3092786405162103,0.15529998280539523,1.39799740770907,1.0
-1.3098979163873448,1.554948286868806,0.0569164531054232,1.2085512391618556,0.33596069197719725,1.2732937348976212,0.08274969420017532,0.15529998280539523,1.0210080647381812,1.0
2.610514880691988,2.4583171187437873,1.4724374233743083,0.5721546631999594,0.33596069197719725,0.0,-1.5442223356823044,0.0,1.698079277326311,1.0
0.06748938466512475,-1.4556324158284177,-1.4965634392473113,0.08324495518780232,0.33596069197719725,-1.6127880978557105,-1.6277046105922512,0.8811793612315975,-0.935434798974538,
0.045724507363170984,0.14239878764540934,-1.2051172001786206,-1.4150806762219947,-3.133198627352555,-0.16974718147904458,1.233400385646769,1.2441190504446986,-2.3626531211738047,
0.7223610012628545,0.4241101268304971,-5.148716173818101e-16,0.8184420626581645,0.33596069197719725,-0.16974718147904458,-1.250441403115845,-0.9335190848339081,-9.728482535567586e-16,
0.453672888312821,0.7525277297261087,0.1344585979511714,-1.5962145303042672,0.33596069197719725,-1.3722812784595995,2.0911901998697258,1.2441190504446986,-1.3423523233943013,
0.17140771881819492,-0.4682960358247767,-0.2000757668310131,-1.6668448755251528,0.33596069197719725,0.1910130476151219,-1.5391813080723147,0.8811793612315975,-1.3791206884467548,
-0.9421278658053599,0.3475483680463607,-1.309170829860431,0.24535960935515025,-3.133198627352555,-0.0494937717809891,-0.9174057085335537,-0.20763970640770588,-0.9350822949054327,
0.44319917158575617,0.8091144030084066,0.6002256436412404,-0.9531256464159787,0.33596069197719725,0.0707596379170664,0.8933125425900676,0.15529998280539523,-0.37950546604503665,
1.9916699407066802,1.8422214817924825,0.7124121857671288,-3.2841739562653465,0.33596069197719725,-1.252027868761544,2.408591307190468,-1.6593984632601104,-2.2960308687424305,
1.4025999400683782,0.038633609129732294,-5.148716173818101e-16,-0.026368978902159314,0.33596069197719725,1.0327869155015104,-0.7265195349941692,-0.20763970640770588,-9.728482535567586e-16,
1.6745914594026925,-1.598712334170419,-0.08146175535757189,-1.0859496872466476,0.33596069197719725,0.1910130476151219,-1.4311652810656974,1.6070587396577998,-0.8272987233420669,
-3.1200591762375035e-16,-0.4113394848773227,-0.3078209175594154,-0.9531256464159787,0.33596069197719725,0.9125335058034548,0.0,1.6070587396577998,-9.728482535567586e-16,
-3.1200591762375035e-16,0.3415019549428847,0.37794883259574835,-1.5630778111150694,0.33596069197719725,-1.011521049365433,-1.2717402116652663,0.5182396720184964,-0.8783687642001264,
-0.21245168321536415,-0.6667626584376329,-1.216473040648148,-0.7389776087168882,0.33596069197719725,0.9125335058034548,0.26482163878818454,-1.6593984632601104,-1.5318794478517408,
-0.013192852698609299,0.6555450899235038,1.4724374233743083,0.6416145152148821,0.33596069197719725,-0.0494937717809891,-0.4674444985316174,1.6070587396577998,1.6732668684008574,1.0
1.1268079877747996,-1.3060462492597096,1.142966979272124,0.8637835195557109,0.33596069197719725,0.1910130476151219,0.8474427908096229,1.2441190504446986,1.505155040063049,1.0
-1.666137353091727,2.30025038812,-0.3398892675809063,0.04385376555812365,0.33596069197719725,-0.41025400087515557,-0.7364671281817502,0.5182396720184964,-0.16019675572847755,
1.6047332249283663,-0.6924241799143865,-0.1697411677185311,0.17218063755807464,-3.133198627352555,-0.530507410573211,-0.5073487332079107,-0.5705793956208071,-0.16401469138632316,
-0.24782301083307484,-1.2129928991488752,-0.07699412946758662,-2.3068648071843687,0.33596069197719725,0.43151986701123285,-0.21001545940925254,-0.5705793956208071,-1.904313777303825,
-0.5429847806155569,-1.0002124693210181,-0.8211894015391525,-1.6668448755251528,-3.133198627352555,-0.530507410573211,1.250999501701764,1.6070587396577998,-2.2776388171627575,
-1.1854272587361014,1.287755516819819,-0.432934614161138,-0.5232965452596214,0.33596069197719725,-1.6127880978557105,-0.6889078922992136,0.5182396720184964,-0.6932758991339381,
-1.666137353091727,-0.9348195598436745,-0.23217612138792543,0.25923579165791594,0.33596069197719725,-0.0494937717809891,0.17419779378424696,0.15529998280539523,0.02704492250895384,
0.8292884611122703,0.215107152348853,1.4724374233743083,0.6956118075307292,0.33596069197719725,-1.252027868761544,0.6402929046634328,-0.9335190848339081,1.6336053641536854,1.0
0.0061203320034931945,1.913560659674257,1.1786697782453173,0.39510429475673636,0.33596069197719725,0.31126645731317737,1.2402223755480861,1.2441190504446986,1.1231231334242913,1.0
-1.4904507130807076,-1.0276164578048825,1.164799325064357,-0.10864053816566902,-3.133198627352555,1.6340539639917877,-1.1316729245196013,0.15529998280539523,0.66426356288125,
-1.496068976310765,1.4467783665919236,0.5100592959617101,-1.223195182868523,0.33596069197719725,1.7543073736898431,0.9409155436045231,-1.2964587740470093,-0.6698896328869935,
-0.4429816235615455,0.7858368949926611,-1.2142432674125976,0.7938952320679032,0.33596069197719725,0.6720266864073439,1.107684356362359,1.6070587396577998,-0.352592548959742,
1.7578409810373232,-1.590004771612708,0.03306776790643391,-0.18817485088191763,0.33596069197719725,0.6720266864073439,-1.3816499010682315,-1.2964587740470093,-0.01760862196813092,
-0.35933860590684485,0.97717318912735,1.206344540715558,-7.209671949983916e-16,3.851540552412827e-16,0.0707596379170664,0.5497426827655821,-1.6593984632601104,-9.728482535567586e-16,
-1.666137353091727,1.0102549282005036,-1.3776446268114313,0.18735373162047952,0.33596069197719725,-1.3722812784595995,0.3917888102462213,-0.20763970640770588,-0.9132737427800877,
-0.3441363268526453,-1.620332688320957,0.8191840786607456,0.693600066977662,0.33596069197719725,1.3935471445956769,0.6547887398286808,0.0,1.1371574953798187,1.0
-0.3737548036988495,-0.17440776909388717,1.4724374233743083,-7.209671949983916e-16,0.33596069197719725,0.9125335058034548,-0.18197556000042373,0.15529998280539523,-9.728482535567586e-16,
-1.666137353091727,0.009699669719706643,1.3122293269007843,1.2106845830906574,3.851540552412827e-16,-0.6507608202712666,2.2475302776104384,-0.9335190848339081,-9.728482535567586e-16,
-0.13396962063841952,-0.5029141876155429,1.4724374233743083,-7.209671949983916e-16,0.33596069197719725,0.7922800961053993,-0.4249130141902596,-0.5705793956208071,-9.728482535567586e-16,
-0.3278799147872392,-0.6575868538422583,0.33431133503376725,0.18358696431520244,0.33596069197719725,0.0,-0.6340003006050522,-0.20763970640770588,0.4547812613170458,
0.6899105401683846,-1.3883325003728642,1.2033805531964525,-0.4966798362056373,0.33596069197719725,-0.0494937717809891,0.0,-0.5705793956208071,-9.728482535567586e-16,
1.9553683347498476,0.39195678867971223,-0.7510982187295767,1.2741818692509068,0.33596069197719725,-1.3722812784595995,-0.5034182963484781,1.2441190504446986,0.507567972777377,
1.1623467615947067,-1.7937271433692017,1.0038868529773266,0.057197686281818136,0.33596069197719725,1.6340539639917877,-0.246992904001823,-0.9335190848339081,0.8293885491714738,1.0
-0.3695449759808226,-0.10478228323488212,0.8398616758714834,-1.1615146184704623,-3.133198627352555,0.0707596379170664,-1.0332357641835799,-0.20763970640770588,-0.44116037021228144,
-1.2890806905237868,-0.5216220524557511,-5.148716173818101e-16,-0.0022800629308030516,0.33596069197719725,1.7543073736898431,0.0,0.5182396720184964,-9.728482535567586e-16,
2.7505993334096814,-0.3330437693523444,1.4724374233743083,-1.1615146184704623,0.33596069197719725,1.3935471445956769,-1.378892678436374,0.5182396720184964,0.2820229080058804,
-0.0093577580697521,0.5375182352127686,-0.5434885254766348,0.16448639134646012,0.33596069197719725,-1.011521049365433,-1.3200511013110734,0.15529998280539523,-0.1724842813443099,
-0.05907496587664107,-0.5134223300544107,-0.13570015589610804,0.299495458793069,0.33596069197719725,1.1530403251995658,0.8733920263097482,1.2441190504446986,0.0799283898741362,
-0.1008500444507541,0.29047690361687534,0.1918495761319388,-0.26315768319395694,-3.133198627352555,1.1530403251995658,0.7626667643774981,0.5182396720184964,-0.3387765122841415,
0.14308597798285363,-0.2803337924782766,-1.1125463622137586,-1.6307617396792617,0.33596069197719725,-0.41025400087515557,-0.19537894623482455,-0.5705793956208071,-2.140698406322711,
-0.23284116532693958,3.582633830170259e-16,0.34427417868008503,1.3117199611783124,0.33596069197719725,0.0,1.065958845246058,1.6070587396577998,1.247714465021646,1.0
-0.7041169638487249,-0.13904536968042752,-1.9117349217495831,-7.209671949983916e-16,0.33596069197719725,0.1910130476151219,-1.744224326710328,1.2441190504446986,-9.728482535567586e-16,
-0.6746932759084658,0.5440926639116374,1.2949983758943997,0.943078250148792,0.33596069197719725,-0.771014229969322,0.13377854591558128,0.15529998280539523,1.7379758117222293,1.0
-0.11032183288770145,0.3378636581978036,0.13524284324834465,-0.17632446672986224,0.33596069197719725,0.0,-0.18978799649353803,-1.6593984632601104,-0.020501289298095214,
-0.6709233358982849,-1.7482588519539024,-5.148716173818101e-16,0.7462401063022291,0.33596069197719725,0.9125335058034548,0.09455622053738845,1.2441190504446986,-9.728482535567586e-16,
-0.8569091869632288,3.582633830170259e-16,-0.8861905479626027,0.1248816148460099,0.33596069197719725,-1.1317744590634884,-0.8577890889063693,0.0,-0.4983570116640868,
0.04247008516766138,0.14416550085145724,-0.190796019049208,-0.7508279928689443,-3.133198627352555,1.7543073736898431,0.0,0.15529998280539523,-9.728482535567586e-16,
-0.3542733331850485,-1.630357307433373,0.8791319690873163,-1.1815585232103154,0.33596069197719725,-0.0494937717809891,1.1113334786036866,0.15529998280539523,-0.3700624010711892,
1.5766770712613722,0.7814178332293407,0.7162139450198355,-0.2437526898587422,3.851540552412827e-16,-0.6507608202712666,-0.4112594208741285,-0.5705793956208071,-9.728482535567586e-16,
-1.666137353091727,-0.0005310336870200318,-0.7368200481794954,-1.0859496872466476,0.33596069197719725,0.9125335058034548,0.1308101777522188,-0.5705793956208071,-1.440186661915156,
1.123860832706504,2.1966755801313975,-0.8997160361272505,1.9557488994828212,0.33596069197719725,1.3935471445956769,-0.4078063709865835,-0.9335190848339081,0.9398559830780028,1.0
1.2935527969214315,-1.0131950764412871,0.84277240274981,-1.9253455192796138,0.33596069197719725,0.0,0.0664596202791394,0.8811793612315975,-0.9210801662946201,
-1.666137353091727,0.5250688801386987,-0.7563087281433963,0.016489256453385136,3.851540552412827e-16,-1.1317744590634884,0.9632363727199155,0.8811793612315975,-9.728482535567586e-16,
-0.45055943667147447,-0.517441176183,0.15063071075666157,0.04385376555812365,-3.133198627352555,-0.0494937717809891,0.15247043709368352,-1.2964587740470093,-0.07543815982549999,
-0.4821240088539836,1.3860881972451384,-5.148716173818101e-16,-0.3752994103665464,0.33596069197719725,1.7543073736898431,-0.6027804719683356,-0.20763970640770588,-9.728482535567586e-16,
-1.6194948289666193,-0.19327774375751042,0.44297308100317445,0.32208999217570067,0.33596069197719725,-0.16974718147904458,-0.9658478132112253,1.2441190504446986,0.6740203623673912,
-0.928232507103722,2.0467981175850904,-5.148716173818101e-16,-7.209671949983916e-16,-3.133198627352555,1.2732937348976212,0.29091615007252086,1.2441190504446986,-9.728482535567586e-16,
-1.2935266026425962,-1.3457972319101326,-1.3830917872644333,0.8009846823511161,0.33596069197719725,0.43151986701123285,2.6059472220075963,0.5182396720184964,-0.5872416655771954,
1.8492294147881418,0.05551513980630816,-2.1346027798096396,-7.209671949983916e-16,0.33596069197719725,-0.2900005911771001,-1.5325118682372132,-0.5705793956208071,-9.728482535567586e-16,
-3.1200591762375035e-16,0.5258954466715324,-0.5767194129973069,0.36547557149479326,0.33596069197719725,-0.16974718147904458,-1.7011873758504354,-0.5705793956208071,-0.0061875176890452376,
1.321512974051791,0.6848514684139555,1.4724374233743083,0.6416145152148821,0.33596069197719725,-1.4925346881576549,-1.0086088318172606,1.6070587396577998,1.7139999949340594,1.0
0.7178661030650686,1.5630931094846976,1.4724374233743083,1.0940325354805722,0.33596069197719725,0.0,-1.4287357953242845,0.5182396720184964,2.1119090672262595,1.0
-1.3138089793311964,0.14826568979254737,1.4724374233743083,0.9341416068844974,0.33596069197719725,1.2732937348976212,-1.0142184267963334,-0.9335190848339081,1.9512578036318655,1.0
-0.6501704765439404,-1.485795120769302,-0.14256819687893346,0.4037860555642129,0.33596069197719725,1.6340539639917877,-0.9708809060379895,-0.9335190848339081,0.29799057032072995,
0.46285612308805374,-0.8486391873362615,-1.9849904569351817,-0.11953649904764813,0.33596069197719725,-0.16974718147904458,-0.3874885989532526,-0.20763970640770588,-1.562113426483009,
-1.4159853618411693,-1.239139656271759,-2.6353189288468712,0.16448639134646012,0.33596069197719725,-0.16974718147904458,0.9484707858007227,0.15529998280539523,-1.9242373214020985,
0.7083444199951857,2.4038822562567854,-0.6307363117961885,0.7649015465052251,0.33596069197719725,1.2732937348976212,1.5574175207177454,0.0,0.03109624961988949,
-0.33818895822823475,-0.3360107505562494,-0.14847210382833315,1.0575579720595834,0.33596069197719725,-0.8912676396673775,-0.5347961851970316,-1.6593984632601104,0.7900109183733043,
-0.4858344182105785,-0.5454476554016381,1.4724374233743083,-1.3377138865498066,0.33596069197719725,-0.6507608202712666,0.0,0.5182396720184964,-9.728482535567586e-16,
0.7061066510154418,0.34983823245682377,-5.148716173818101e-16,-0.13058070883839096,0.33596069197719725,-0.771014229969322,0.1873815008402522,0.8811793612315975,-9.728482535567586e-16,
-3.1200591762375035e-16,0.544065662478128,0.3448227258544339,-7.209671949983916e-16,0.33596069197719725,-0.16974718147904458,1.265306416057695,-0.20763970640770588,-9.728482535567586e-16,
-0.47062516340814137,-0.18773382392389287,-0.9505031332194303,-0.007040996799646341,0.33596069197719725,-0.8912676396673775,0.07772972658278529,1.6070587396577998,-0.7241874325647721,
1.1983150531761166,0.2674730665823564,-1.0327440610727483,-0.2763569479611626,0.33596069197719725,-0.530507410573211,-0.8611053185199152,-1.2964587740470093,-0.9337228386803503,
-1.2611285505806855,0.8566852546732115,0.3758045919694879,-0.0613415154536043,0.33596069197719725,-0.6507608202712666,1.2270496211417565,-0.5705793956208071,0.1477628362553026,
0.601791451031094,-1.0077857408624644,0.8893244581373939,0.3921896169476814,0.33596069197719725,0.31126645731317737,0.90426032548996,0.15529998280539523,0.9273642052252968,1.0
-3.1200591762375035e-16,0.2614665847740434,0.5355144080985207,2.195311025948392,0.33596069197719725,-1.3722812784595995,-0.8170588648488212,1.2441190504446986,2.2493596121161707,1.0
-0.4141779641590331,0.14246218829690263,-1.1183282159197065,0.14095613809342866,0.33596069197719725,-1.3722812784595995,0.05862599604687172,-1.2964587740470093,-0.7297701498908366,
0.28365393157210905,1.0087629025063793,0.8355481674081544,-0.7157835480127437,0.33596069197719725,-0.41025400087515557,1.6137381596320681,-0.5705793956208071,-0.06371828478412067,
-1.4478051614451974,1.0646428928603613,0.57496803315746,-0.9379525523535734,3.851540552412827e-16,0.31126645731317737,-1.242781840740467,1.6070587396577998,-9.728482535567586e-16,
0.9400059557933251,-0.7123024754418319,-1.1601455332897417,-7.209671949983916e-16,0.33596069197719725,1.6340539639917877,0.9725656770556498,-0.20763970640770588,-9.728482535567586e-16,
-0.27734678520032746,-1.424396199160043,-0.828160124870742,0.2929226544789373,0.33596069197719725,-0.8912676396673775,-0.9591874042743604,0.8811793612315975,-0.3108162324462501,
-0.648197508260149,-0.13512010364225044,-5.148716173818101e-16,0.25923579165791594,0.33596069197719725,-1.4925346881576549,0.0,0.8811793612315975,-9.728482535567586e-16,
1.0772080764529484,0.4075189319711685,-0.19071312922823588,-0.7389776087168882,0.33596069197719725,0.31126645731317737,-0.2675404973849082,-1.2964587740470093,-0.7165408453844175,
-0.8475758178194325,1.4786086430003458,1.4724374233743083,0.5952169216878306,-3.133198627352555,-1.011521049365433,-0.7024004369766893,0.15529998280539523,1.434321527494157,1.0
-1.620537276232436,-1.1441938631664952,0.6621752238155375,-7.209671949983916e-16,0.33596069197719725,-1.733041507553766,-1.1260904308456237,0.15529998280539523,-9.728482535567586e-16,
-1.666137353091727,-1.4479508383714,-0.4830222197068866,-0.5232965452596214,0.33596069197719725,0.7922800961053993,-0.2075796549934441,-0.20763970640770588,-0.767361344697543,
0.5908953320251303,-0.9967103647090382,0.06933980015535879,-0.2437526898587422,0.33596069197719725,-0.2900005911771001,-1.054352158772547,0.8811793612315975,-0.05982666965359711,
-1.4799872356753072,-1.4757810206056414,0.15465798177691317,1.7027073798567984,0.33596069197719725,1.6340539639917877,0.5745807360159165,1.6070587396577998,1.4579394935357637,1.0
1.85199990741954,3.582633830170259e-16,-0.7633148027547564,-0.1588670864228138,0.33596069197719725,-1.4925346881576549,0.8946875077456775,-1.2964587740470093,-0.7671240064635667,
-1.666137353091727,0.01040197209055629,-0.9768715855626164,-7.209671949983916e-16,0.33596069197719725,0.0,-1.430014055279723,-1.2964587740470093,-9.728482535567586e-16,
1.787958217251564,0.4271829719951586,-5.148716173818101e-16,0.04385376555812365,-3.133198627352555,-1.4925346881576549,0.03854106422219621,0.5182396720184964,-9.728482535567586e-16,
0.1572831568978574,-0.9874682967988688,1.0611716073412698,0.8253212300808558,0.33596069197719725,-0.0494937717809891,0.7012208461572055,0.0,1.4232004334782096,1.0
-0.18053523484832118,0.7731296492338695,0.7811889258304968,0.7649015465052251,0.33596069197719725,0.6720266864073439,1.4922402038354785,-0.9335190848339081,1.1031333740929277,1.0
-3.1200591762375035e-16,-0.8435138747147809,1.4724374233743083,0.5338354828035968,0.33596069197719725,1.7543073736898431,-0.17262087446108804,0.5182396720184964,1.5638156804102317,1.0
0.3637947717946574,0.06431695963261562,-0.5469532378859034,0.9877458511550494,0.33596069197719725,0.43151986701123285,0.0,-0.9335190848339081,-9.728482535567586e-16,
-0.11568053849043711,2.3002259617070275,1.4724374233743083,1.2907584540158605,-3.133198627352555,1.5138005542937323,-0.7373169808631954,0.15529998280539523,2.0000735206160583,1.0
1.1368091009903256,-0.9349846759166995,-0.9633449156444515,0.34096844531881687,0.33596069197719725,-1.3722812784595995,2.8707530105081904,-0.9335190848339081,-0.6623673239096876,
-3.1200591762375035e-16,-0.7744384164662028,-1.0929232507874467,-0.5988614764834357,0.33596069197719725,-0.2900005911771001,-0.22306283532192095,-1.6593984632601104,-1.2883371701985562,
0.09063108049759502,-1.0151740638156617,-1.9593028288835332,-0.09256601491825099,-3.133198627352555,0.0,-0.25146264898972936,0.15529998280539523,-1.7501674723630696,
-0.4735299223055565,-0.7015744470848824,-0.43567760467493194,0.7405569776202653,0.33596069197719725,-0.0494937717809891,-0.8993726165370016,-0.9335190848339081,0.34373270849790033,
-0.1368795509352747,-0.7501205254939035,-0.5028374891349727,0.49619024110550947,0.33596069197719725,0.43151986701123285,-0.46296831496016044,-1.6593984632601104,0.06228143038125611,
0.2635303723728154,-0.656542338230831,0.6909373215158414,-7.209671949983916e-16,0.33596069197719725,0.0707596379170664,-0.015766556821066636,-0.20763970640770588,-9.728482535567586e-16,
-1.666137353091727,-0.4392631535044385,0.3639362340581265,-1.9253455192796138,0.33596069197719725,0.0,-0.48274766539806074,0.8811793612315975,-1.241645407369438,
-1.5543680350597882,0.3309708773243037,-1.3019467376464229,0.5674625293394364,0.33596069197719725,-1.4925346881576549,0.2506975686837167,0.8811793612315975,-0.5376981031881931,
0.7415692555570171,1.1194715243317688,-0.3741499654560121,-0.5508156856435561,0.33596069197719725,1.7543073736898431,1.6921552401221551,0.8811793612315975,-0.8503478103782217,
0.11320533425113607,0.09106122003275827,-0.3494964910405027,0.15671851486605884,0.33596069197719725,1.2732937348976212,-0.0034583271484477625,-0.9335190848339081,-0.13125355272844422,
-0.2763381510575011,-0.2969641537533749,-1.9778801227560177,0.7134965752523178,0.33596069197719725,0.5517732767092883,0.14876910286027686,0.0,-0.9226636020122724,
-0.054129891408912424,-1.5820661245214382,-1.0561256307473286,0.3027620100731877,0.33596069197719725,-1.6127880978557105,0.9294208869546408,-0.5705793956208071,-0.6173005886534237,
-3.1200591762375035e-16,2.3378921782245112,-0.8124998798648115,-1.5006056943405996,0.33596069197719725,0.31126645731317737,2.415069720451193,0.8811793612315975,-2.0050337801017255,
-0.6668998973058857,-0.038211569799205244,1.4724374233743083,-0.8258108251809836,0.33596069197719725,1.1530403251995658,-0.07505807186529413,-0.9335190848339081,0.45567629933506254,
-0.9287682619483258,0.028074599942407748,0.30313767556096666,-0.6712936801526964,3.851540552412827e-16,-0.530507410573211,0.39308269354272146,-0.9335190848339081,-9.728482535567586e-16,
0.14062750860979556,3.582633830170259e-16,0.8488824317386873,-0.5232965452596214,0.33596069197719725,-1.733041507553766,0.842105659073857,-1.6593984632601104,0.1602812586449976,
-1.1483976138375185,-0.6279848754924904,-1.6563276812998156,0.30925593988911065,0.33596069197719725,0.0707596379170664,0.17887819684626313,0.8811793612315975,-1.009181995630193,
0.3738027766294398,-0.24780315637286934,1.4657297654940782,0.16834263089185975,0.33596069197719725,0.1910130476151219,2.1280648297122546,0.8811793612315975,1.089664693195063,1.0
-1.666137353091727,0.9824661542769046,1.4724374233743083,-0.7389776087168882,0.33596069197719725,0.0707596379170664,0.2414968459106669,1.2441190504446986,0.502151241162741,
1.055413338466679,1.139849883294689,-2.235684750399544,-1.7046068886968915,0.33596069197719725,-0.6507608202712666,1.0049997364914678,0.15529998280539523,-3.1397032121627744,
0.44443869508816863,-0.12736808225080598,-0.7365635645091317,-0.894064193893176,0.33596069197719725,0.1910130476151219,-0.6302253344686581,-1.2964587740470093,-1.2273559109696668,
0.2066964187523663,-0.03267229940656596,0.6559566118727687,1.6111557878154585,0.33596069197719725,1.7543073736898431,-0.7922051758590443,-1.6593984632601104,1.865575598829149,1.0
1.004405685846642,1.821808240002476,-5.148716173818101e-16,0.08324495518780232,0.33596069197719725,-1.4925346881576549,-0.010844668798363525,0.8811793612315975,-9.728482535567586e-16,
1.7539470906611432,-0.4086783129737247,-0.7054664722319656,1.0260811923536963,0.33596069197719725,0.31126645731317737,2.126866531302639,1.6070587396577998,0.1432092740701018,
1.0391821329978659,-0.3638713134771736,-0.273020305201422,-7.209671949983916e-16,0.33596069197719725,0.43151986701123285,1.3132069053358684,-0.5705793956208071,-9.728482535567586e-16,
-1.666137353091727,3.582633830170259e-16,-0.6114242724867452,-7.209671949983916e-16,0.33596069197719725,-0.16974718147904458,0.8751185820741807,0.5182396720184964,-9.728482535567586e-16,
-1.4790515094057426,-0.35399910229435355,0.20918938672804316,0.6198508282688441,-3.133198627352555,0.6720266864073439,-1.3035020533448092,1.6070587396577998,0.5447489551433498,
-0.7602752778264272,-0.31336125037742774,1.4691662471390483,-0.7874539150257225,0.33596069197719725,1.1530403251995658,-0.12474838246220034,-0.5705793956208071,0.48799860408641177,
-0.04572411318798674,0.5051501587120313,-0.8127648307350875,0.5791423984404118,0.33596069197719725,-1.6127880978557105,1.727726914943331,-1.6593984632601104,-0.2696939493321078,
0.49390604526691867,0.8153107148738173,1.2415111360684197,-0.4709082463302138,0.33596069197719725,-0.41025400087515557,2.090079608533337,0.8811793612315975,0.40550982463493956,
-0.8710682995393095,-0.9404301746122339,-0.8250890248681308,0.9251054813179639,3.851540552412827e-16,-0.530507410573211,1.9623406197129176,1.6070587396577998,-9.728482535567586e-16,
0.13066138463806226,-0.051965018747179834,-0.9015566105028683,-1.5006056943405996,0.33596069197719725,1.7543073736898431,-1.5445946822937453,1.2441190504446986,-1.7743010911344543,
-0.9036053311564807,1.2264036731622763,1.0302406724150621,0.7758958937757474,-3.133198627352555,0.1910130476151219,0.21176816692810602,1.6070587396577998,1.1775820356113644,1.0
-3.1200591762375035e-16,0.4827818526991765,1.1500538490501313,-1.3626923772925872,0.33596069197719725,1.3935471445956769,0.16085073837132366,1.2441190504446986,-0.2404071719986008,
-1.6185610653959133,0.05940935501562352,1.0682863526404864,1.0690540447377912,0.33596069197719725,-1.1317744590634884,-0.609906759586996,1.2441190504446986,1.7245963552850256,1.0
-1.087866912239798,0.382280398890793,-1.4443474294069054,-0.36781791134463987,0.33596069197719725,0.43151986701123285,2.1070219646212984,-0.5705793956208071,-1.542269916751077,
-1.558209345044462,-1.1522323703615827,-0.4590458361454782,0.5038602531096108,3.851540552412827e-16,-0.2900005911771001,-1.0878634312334732,1.2441190504446986,-9.728482535567586e-16,
-1.145653702602629,-0.38777934178257484,1.035334991923246,0.1289301863192576,0.33596069197719725,-1.011521049365433,-0.7307551374871338,-0.5705793956208071,0.9476455316200041,1.0
1.0822935886311895,-0.8808086514593261,0.12933515250534516,-0.18222803382526057,0.33596069197719725,0.7922800961053993,-1.4918133538678058,-1.2964587740470093,0.06825673984386517,
-1.1165908543636298,0.04849168515915228,-1.1636543509482171,0.48584950384140585,0.33596069197719725,-0.530507410573211,-1.0077352808703492,1.6070587396577998,-0.404530863522116,
2.8153923921521185,3.582633830170259e-16,0.6125402815489329,1.3321537767025615,0.33596069197719725,-1.011521049365433,0.3831914141485992,-0.9335190848339081,1.5184047592098184,1.0
0.46718501579572114,-0.9647106706303096,-0.7475667752060418,-2.0938940530820473,0.33596069197719725,-0.2900005911771001,0.1022337920872175,-1.2964587740470093,-2.262209303118896,
-3.1200591762375035e-16,-0.14633243830128886,1.4724374233743083,1.2021173595267698,0.33596069197719725,-0.2900005911771001,-0.32737490308245054,-1.6593984632601104,2.1165178285803545,1.0
-1.0166483624610567,-0.7760944646264081,1.4724374233743083,0.4037860555642129,0.33596069197719725,0.6720266864073439,0.0,0.15529998280539523,-9.728482535567586e-16,
0.6944152686401518,-1.0212438720327401,0.7815552422965886,0.8605103824688924,0.33596069197719725,-1.733041507553766,0.0,-0.5705793956208071,-9.728482535567586e-16,
-0.7062859654466649,0.2572757220405588,-5.148716173818101e-16,-0.13058070883839096,0.33596069197719725,1.7543073736898431,-0.051604898520710665,0.0,-9.728482535567586e-16,
0.059572938658995614,-1.1050993098828317,0.15629035052573445,0.09174489565681289,0.33596069197719725,0.43151986701123285,1.9209056855652726,0.5182396720184964,0.053569824312355706,
2.736026102892853,0.33188702842802614,-5.148716173818101e-16,1.0300831900951621,0.33596069197719725,0.43151986701123285,1.1061604220150827,1.6070587396577998,-9.728482535567586e-16,
-0.17981815604124082,0.4701381472802125,1.4724374233743083,-0.05119467211080664,0.33596069197719725,0.9125335058034548,0.8293374186703519,-1.6593984632601104,1.0147471573159765,1.0
1.1872753218515626,-0.7306443875309668,0.36580022842071264,0.23833154036409016,0.33596069197719725,-0.0494937717809891,1.646306436566138,1.2441190504446986,0.35126542129214894,
-0.8462944250925336,-0.05608376561233462,-0.21468884759224846,-7.209671949983916e-16,0.33596069197719725,-0.16974718147904458,0.04554114566737805,0.8811793612315975,-9.728482535567586e-16,
-0.11277559787520453,3.582633830170259e-16,-1.8951458736715687,-0.9685877691079945,0.33596069197719725,1.6340539639917877,-1.4484479570153848,1.6070587396577998,-2.1017594999609504,
1.8695713637443492,-1.6176093925198434,-0.015211947634062925,0.47537533403032833,0.33596069197719725,-1.4925346881576549,1.2688814993770554,-1.6593984632601104,0.28362069817033436,
-0.7626338217566222,-0.4033585076145436,1.0358388532393645,0.6437591317799016,-3.133198627352555,1.3935471445956769,0.3599688127536279,0.8811793612315975,1.0636776843949658,1.0
1.9152913379961323,2.0094469881920247,1.177527919492554,0.3471649402767662,3.851540552412827e-16,0.6720266864073439,0.887084881011502,-0.20763970640770588,-9.728482535567586e-16,
0.7025849585438371,0.3849317957857746,0.6659267589026856,-1.0506512173851883,0.33596069197719725,0.5517732767092883,2.398135031170099,-1.6593984632601104,-0.5220743510723743,
-3.1200591762375035e-16,0.7497803899980858,-0.5464035245320605,0.025713638646236266,0.33596069197719725,-1.3722812784595995,-0.8232007906889722,-0.5705793956208071,-0.3244381677248801,
0.6198741167031823,1.5557587103255979,-2.2107307848550932,-0.21240760257575322,0.33596069197719725,1.6340539639917877,-0.5137690445969377,0.5182396720184964,-1.798412855108155,
0.9932780698269178,1.1162041117312018,-0.4929743001270362,0.1488755852768542,0.33596069197719725,-1.011521049365433,-1.2639692829757294,-0.20763970640770588,-0.151165751115259,
0.608240160992988,0.31280864063074865,-0.27168168530902964,1.0340655540811023,3.851540552412827e-16,-1.733041507553766,0.4267214006967427,-0.9335190848339081,-9.728482535567586e-16,
-1.666137353091727,0.665569986974687,-0.28163398174700766,0.781337725761159,-3.133198627352555,0.9125335058034548,-0.22543934138680438,0.0,0.2233830400619425,
-0.8725978957796001,-0.9065789289642817,0.7983187502360359,-1.5006056943405996,0.33596069197719725,1.0327869155015104,-1.7490544936736345,-1.2964587740470093,-0.4741479237952422,
-0.346085501675417,-0.3446997740980565,1.4724374233743083,1.098937305071894,-3.133198627352555,0.43151986701123285,-0.6642077313992134,0.8811793612315975,1.839268526297026,1.0
-0.156077195531053,1.6043904616718891,0.22439029991572781,0.09174489565681289,0.33596069197719725,-1.4925346881576549,-0.868291734979582,-1.2964587740470093,0.3149809553216882,
0.6069910436227683,3.582633830170259e-16,-0.17010414597724519,0.7055963971013953,-3.133198627352555,0.5517732767092883,1.0013850532823871,0.15529998280539523,0.15401314135144578,
0.12070923211051181,0.04036340284132255,-0.2193665617616946,-7.209671949983916e-16,0.33596069197719725,0.0,-0.758473586026172,0.5182396720184964,-9.728482535567586e-16,
-1.5402714594198772,3.582633830170259e-16,0.22538223162642015,0.5411594744229268,0.33596069197719725,-0.2900005911771001,0.0,0.5182396720184964,-9.728482535567586e-16,
0.34300485327138386,-0.9087394345816057,-0.8791416417162474,-0.6088215633782268,0.33596069197719725,0.7922800961053993,-1.0903154508891457,-1.6593984632601104,-1.0695475825002476,
0.5959185161162772,0.6233830032310606,-5.148716173818101e-16,0.0118374563434706,-3.133198627352555,-0.16974718147904458,-1.2755052900854398,0.8811793612315975,-9.728482535567586e-16,
0.5401567984745771,-1.6120969161287761,0.6038383771475796,-2.7215208142783203,0.33596069197719725,-1.011521049365433,-0.8119285255775389,1.2441190504446986,-1.6801493063855746,
1.1120859783187307,-0.8669744295913425,0.32427951533753757,-1.000424669128043,0.33596069197719725,-1.733041507553766,0.0,0.5182396720184964,-9.728482535567586e-16,
0.8410912474826835,0.27171711152521777,0.611640590669918,-1.4425998166059297,0.33596069197719725,-0.2900005911771001,-0.556815846586473,0.8811793612315975,-0.6580154708878199,
0.4297094290565394,0.10594892458639901,0.5840537406665024,-0.5890221208891859,-3.133198627352555,-1.3722812784595995,-1.162826813513759,-0.5705793956208071,-0.1612444605963905,
-0.15139220935130063,-0.1339184782252684,-1.9731433688194122,-1.3626923772925872,0.33596069197719725,-0.41025400087515557,1.0860686299408733,0.8811793612315975,-2.6705561991478386,
-1.666137353091727,-0.30746325887469217,0.8195515483925377,0.588366780633263,0.33596069197719725,-1.011521049365433,0.6740990314046462,-0.9335190848339081,1.0507828549420444,1.0
0.39725721041551587,-1.4181316900317706,-0.6967943849302761,-2.3923898253029736,0.33596069197719725,1.3935471445956769,0.3048780493133621,-1.6593984632601104,-2.480756449086469,
0.153627813508834,1.646532384877312,-1.1893305207363978,0.4236895335417248,0.33596069197719725,-1.6127880978557105,1.5385580624753328,0.8811793612315975,-0.6659208187238093,
0.22376580764555531,-0.7748689053374884,-1.199315939394326,-7.209671949983916e-16,0.33596069197719725,0.0,0.0,0.15529998280539523,-9.728482535567586e-16,
-1.4759465775749654,3.582633830170259e-16,0.5838149080803562,1.3201415146164395,0.33596069197719725,-1.733041507553766,2.287492388149319,1.2441190504446986,1.3436331665077057,1.0
-1.2611210997834021,1.8619056939620837,-0.17687860903811006,-7.209671949983916e-16,0.33596069197719725,1.2732937348976212,0.1981972895471899,-0.9335190848339081,-9.728482535567586e-16,
1.0817568397929962,0.8912588477316233,-1.8688820596085047,-0.6499309499437242,0.33596069197719725,-0.16974718147904458,-0.10318050908768944,0.8811793612315975,-1.9251761371773857,
-0.1177887586617113,2.0424920876823984,0.6354032655167973,0.4152191586205194,0.33596069197719725,1.7543073736898431,-1.5715492702837663,1.2441190504446986,0.9404488151521496,1.0
0.673767052123199,3.582633830170259e-16,-1.5878920721732799,-2.3923898253029736,0.33596069197719725,0.7922800961053993,0.9877383500157985,1.2441190504446986,-3.205645426815118,
-0.043279014419025645,-0.5052950591750036,-5.148716173818101e-16,1.2562532089646887,0.33596069197719725,1.5138005542937323,-0.8112405448956492,0.5182396720184964,-9.728482535567586e-16,
-0.041700676285600695,1.2502842528482359,0.3576847964861079,0.21324275178872076,0.33596069197719725,0.6720266864073439,0.5579852117143375,1.6070587396577998,0.4067367304943687,
0.9556566746536754,-0.23378821489306983,1.1078993240490873,-2.0337378776722383,0.33596069197719725,-1.733041507553766,-0.9216457603597483,0.0,-0.7340800066204617,
-0.6408662577495382,-0.9679513383712696,1.4724374233743083,-0.2501696157474915,0.33596069197719725,1.2732937348976212,-0.9226443095167529,-0.9335190848339081,0.985523855630796,1.0
0.03115264611772626,2.178279033803666,-1.5010170508361376,-1.5962145303042672,0.33596069197719725,-1.4925346881576549,-0.46672755155817747,-1.2964587740470093,-2.3859097095746185,
-0.5818396064629928,-0.6142868531937876,0.020334499690711876,-0.10864053816566902,3.851540552412827e-16,-0.530507410573211,-0.524823868968414,-1.6593984632601104,-9.728482535567586e-16,
-3.1200591762375035e-16,0.078837839419298,-0.23920772426147383,0.5387254789030459,0.33596069197719725,-1.011521049365433,-0.8376367376635665,-1.2964587740470093,0.3241708899804691,
-0.41376705024445704,-0.11942054218380198,0.5840561482656407,-7.209671949983916e-16,0.33596069197719725,1.5138005542937323,-1.0401198828950524,-0.20763970640770588,-9.728482535567586e-16,
0.16948633831838922,0.17747929902756146,0.3312157933330269,-0.13058070883839096,0.33596069197719725,1.1530403251995658,1.093576017082623,0.0,0.06805177409395564,
-0.5999235903929663,-0.7785569409330598,-0.32756576816404004,-1.202109922119674,0.33596069197719725,1.6340539639917877,-0.5691403092820482,1.6070587396577998,-1.1722335061806233,
1.3041692883608718,-1.6251757890508554,-0.43000457493650507,-7.209671949983916e-16,0.33596069197719725,-0.771014229969322,2.2234656822953114,-0.5705793956208071,-9.728482535567586e-16,
-1.056442117353506,0.38005880978232875,-1.2132274654365898,-1.3626923772925872,0.33596069197719725,0.7922800961053993,0.8447311646082895,1.6070587396577998,-2.0780474123055166,
-0.27950885804975206,0.3967802896468859,1.2264867275398932,0.8605103824688924,0.33596069197719725,-1.4925346881576549,0.0,0.0,-9.728482535567586e-16,
-0.5570911538059561,3.582633830170259e-16,0.6135677802719482,-1.1041917335381266,0.33596069197719725,-1.733041507553766,-0.31539551360928475,-1.6593984632601104,-0.4007487587512146,
1.5140874161354945,-0.46001792797703916,1.1452213117131789,0.37447829110510833,0.33596069197719725,0.43151986701123285,1.0400277960425006,1.6070587396577998,1.09621214548728,1.0
0.1414064022240502,-1.3185304378182656,-0.2786974486865228,-0.2501696157474915,0.33596069197719725,1.2732937348976212,-1.3565118951129314,0.8811793612315975,-0.30532464979128643,
1.0583651432572345,0.8372310218511477,-0.6803549880904897,-0.6499309499437242,-3.133198627352555,-1.6127880978557105,-0.5818751386702498,-0.20763970640770588,-1.2099237997734815,
-1.666137353091727,-1.2843913736616455,-1.1690132969816072,0.4727355369146278,0.33596069197719725,1.3935471445956769,-0.3644431352146647,1.6070587396577998,-0.46761869658262817,
0.21879446327378613,0.4264266809548414,0.49729672099818484,0.057197686281818136,0.33596069197719725,0.6720266864073439,-0.8074216703614244,-0.5705793956208071,0.488691532962198,
0.9022467023317086,0.6158554571867475,-1.124351542750376,-0.08727780795669834,0.33596069197719725,1.0327869155015104,-1.4810348174295187,-0.9335190848339081,-0.8032157996111047,
0.0159629910298466,-0.2142784595817402,1.4724374233743083,0.36848758570275153,0.33596069197719725,-1.252027868761544,1.628937098495992,1.2441190504446986,1.2943446053393426,1.0
-3.1200591762375035e-16,2.063219167096841,-5.148716173818101e-16,0.13696725096252546,0.33596069197719725,0.1910130476151219,-0.014706271963782535,0.15529998280539523,-9.728482535567586e-16,
-0.642231582338208,-1.7277024788749664,0.39845025573435733,-0.36781791134463987,0.33596069197719725,0.43151986701123285,-0.8871866334838118,-1.6593984632601104,0.07588653671624881,
1.4727777218962235,0.8500959651787643,1.4724374233743083,0.2929226544789373,3.851540552412827e-16,1.5138005542937323,-0.5619082111948874,0.8811793612315975,-9.728482535567586e-16,
2.449302648861573,0.34454274811542845,0.7757494141033894,0.5387254789030459,0.33596069197719725,-1.252027868761544,1.5072321205499428,1.6070587396577998,0.9147772568732165,1.0
-0.47268062809853256,1.2771086191702754,0.28484601003164406,-2.3923898253029736,-3.133198627352555,0.9125335058034548,0.09438596474340111,-1.2964587740470093,-1.9420562443327893,
-0.5634269115240303,2.1146728427102603,-1.041676087634521,0.07896137322785549,0.33596069197719725,0.6720266864073439,0.15060438688547903,1.2441190504446986,-0.7289518887648403,
1.5211204021670284,-0.029348195229831793,-1.5208343074862114,-1.8297366833159467,0.33596069197719725,-0.16974718147904458,0.10874530683711349,0.5182396720184964,-2.633267116752281,
1.6596458467213493,-0.3114814560928828,0.9739587598429955,-0.8258108251809836,0.33596069197719725,-0.6507608202712666,-0.5478418729605119,-0.9335190848339081,0.1145129346004428,
-0.6483479104755322,1.611543464601546,1.4724374233743083,0.29621570929012325,0.33596069197719725,0.6720266864073439,-0.11007464686281057,-0.5705793956208071,1.3667263085048023,1.0
-0.5356360090405338,-0.7626444932918622,-0.42762528143347295,1.022059366301373,-3.133198627352555,0.0,-1.1227539100305461,-0.9335190848339081,0.37547623865763824,
-0.3837017698725345,3.582633830170259e-16,-1.239441980290055,1.0741116118632459,0.33596069197719725,1.6340539639917877,-1.1079706750921205,0.15529998280539523,0.022001957753506357,
-1.550267949669288,0.25494461996989776,-2.7687996289724235,-1.6668448755251528,0.33596069197719725,-0.8912676396673775,0.580894951865199,1.2441190504446986,-3.4801357703036286,
-1.0828376841511782,1.8042329036057159,-1.055914757407152,-7.209671949983916e-16,0.33596069197719725,1.7543073736898431,0.5164044355942408,1.6070587396577998,-9.728482535567586e-16,
-1.1766850225020347,-1.390996423302613,-0.05060030909057813,0.3471649402767662,0.33596069197719725,-0.8912676396673775,0.5816512720509769,1.2441190504446986,0.2048000337636442,
-0.9172337826500895,-1.4551955844117315,-5.148716173818101e-16,-1.0335613883172408,0.33596069197719725,-1.011521049365433,-0.9594564684225125,-1.6593984632601104,-9.728482535567586e-16,
-0.11244231050831595,-0.5119423239884764,0.8615950475472033,0.7574883726294127,0.33596069197719725,-0.2900005911771001,0.4891686057695772,1.6070587396577998,1.233402987453095,1.0
0.1827484937896747,-0.056705862734429804,0.4348843487279091,0.707578661572889,0.33596069197719725,-0.16974718147904458,1.1895333446710614,0.15529998280539523,0.8177716799576209,1.0
-3.1200591762375035e-16,0.6494850343400095,-0.382721809827294,1.142954337052048,0.33596069197719725,0.43151986701123285,-1.6268614029000685,-1.6593984632601104,0.7643029565024656,
-1.170332509595551,-0.9659623446917249,-0.5949431761528615,-3.2841739562653465,3.851540552412827e-16,-0.530507410573211,-1.7148731053251145,-0.5705793956208071,-9.728482535567586e-16,
1.0061966090458168,-1.5775772559020116,-5.148716173818101e-16,-0.6821896410346748,0.33596069197719725,-1.6127880978557105,-0.4542511226073552,0.5182396720184964,-9.728482535567586e-16,
-0.3092773943516224,2.6830799685408326,0.31390586643613577,0.9113598432167122,3.851540552412827e-16,0.1910130476151219,0.8518720244267739,0.0,-9.728482535567586e-16,
-0.12866610596187278,-0.5409409975339021,-2.3565575670461336,0.5411594744229268,-3.133198627352555,-1.1317744590634884,-0.8618518283530066,1.2441190504446986,-1.491392064254139,
0.6664326039041661,1.1403771432418919,-0.6997216098692342,1.1122745817720503,0.33596069197719725,1.6340539639917877,1.145256572157461,1.6070587396577998,0.2912202789576752,
-1.3068603496076707,-1.0764335977966295,-0.9138331585144521,-1.8297366833159467,0.33596069197719725,-0.771014229969322,0.6202360794513979,-0.20763970640770588,-2.2129960494788103,
0.3454330125853636,-0.3788877034171801,-5.148716173818101e-16,0.37745714544878106,0.33596069197719725,0.43151986701123285,-0.7185703694381166,1.2441190504446986,-9.728482535567586e-16,
0.10836060859291943,-1.2743385492717438,0.7338038076949795,0.3156983300362787,0.33596069197719725,-1.252027868761544,-1.1166715711017499,-1.6593984632601104,0.9000074529159828,1.0
0.46623364503673187,3.582633830170259e-16,-0.04339823756024812,-2.2294980175121797,0.33596069197719725,0.0,-1.2122724670686795,-0.5705793956208071,-1.7408450944238874,
0.24307542657463319,-0.65007798486267,-0.007944767187861685,0.19110310040044495,0.33596069197719725,1.7543073736898431,-0.501488729295964,0.5182396720184964,0.1922156820638608,
2.620996595458174,-1.4014771186391133,1.4724374233743083,0.4066594635121736,0.33596069197719725,1.7543073736898431,-0.15821301343803337,-1.2964587740470093,1.459767049959978,1.0
-0.7744600520366244,1.6667568264535593,-0.7262964502314356,-0.8000392353055601,0.33596069197719725,1.1530403251995658,0.8196073564437019,1.2441190504446986,-1.2525996871488305,
-0.6572804120417786,-0.5119657388730199,1.4724374233743083,-0.4709082463302138,0.33596069197719725,-1.011521049365433,-0.15847353988351273,-0.9335190848339081,0.7492909090759496,
-0.7584331580627185,1.9211369936467282,-0.6971337907369071,0.4727355369146278,0.33596069197719725,1.7543073736898431,-1.719091630174436,-0.5705793956208071,-0.009009167934780852,
-0.6841540809199161,0.35982857380475186,0.18458735087690648,0.08324495518780232,0.33596069197719725,-1.3722812784595995,-0.23358029072526437,0.0,0.23024185869248046,
-0.7740726951286196,0.0030145843875168193,-0.24485197236277984,0.9975007467197066,0.33596069197719725,1.3935471445956769,-0.06203628463480846,0.8811793612315975,0.6329592857266303,
1.2309043481778013,0.860572209752982,0.2242626880236815,-0.2501696157474915,3.851540552412827e-16,0.31126645731317737,1.0281734754972638,-1.2964587740470093,-9.728482535567586e-16,
1.485025366835556,-0.836408524459217,0.5966265893052223,-0.4879980753981608,0.33596069197719725,0.31126645731317737,0.26225206665441747,-0.20763970640770588,0.04185018670740604,
-0.7009161720275361,-0.5952435553339733,0.584155338678818,1.6176341693500476,0.33596069197719725,0.5517732767092883,0.0,-1.2964587740470093,-9.728482535567586e-16,
-0.9881038356120884,0.08844715853313223,-0.7919830053332096,1.1725166507217193,0.33596069197719725,0.1910130476151219,1.0617795636331004,0.0,0.27654564335494447,
0.4431412083363324,0.8408470395077571,-1.2207215421884485,-2.3923898253029736,0.33596069197719725,1.7543073736898431,2.3566102716101622,1.2441190504446986,-3.031172614135212,
-0.6805818446291563,-0.05094791243210127,1.4724374233743083,0.7685828992897012,0.33596069197719725,-1.3722812784595995,-0.23690002932198376,1.2441190504446986,1.7587099730774662,1.0
0.6204494362704231,-1.5658135233248636,-0.47995349571267576,-1.26708354132892,3.851540552412827e-16,1.5138005542937323,0.7965035267927255,-1.6593984632601104,-9.728482535567586e-16,
0.1483972903820391,0.14005013577300154,-5.148716173818101e-16,-2.3923898253029736,0.33596069197719725,1.7543073736898431,0.41425871868153147,-0.5705793956208071,-9.728482535567586e-16,
-1.666137353091727,-0.43313027795304915,-1.7827076927728085,-0.4709082463302138,0.33596069197719725,1.3935471445956769,-0.4631359924576356,-0.5705793956208071,-1.6880117861170978,
1.624443613591726,-0.05826933013529888,-0.24300753069973846,-0.47940818679922437,0.33596069197719725,0.7922800961053993,-1.211887051282078,-1.6593984632601104,-0.47483205468503126,
1.897100264154633,-0.2514740495719481,-0.06630136663118855,0.891084860931715,0.33596069197719725,0.0707596379170664,-0.9795618424915652,1.6070587396577998,0.7508128661470259,
-0.7470691896864423,-0.2779140699894606,0.6293480783115308,0.6308056085340361,0.33596069197719725,0.7922800961053993,-0.8205023620359322,-1.2964587740470093,1.0538843954747017,1.0
-0.49997456336208623,-0.0019497164385731184,-3.0752081011822567,1.5786421583708998,0.33596069197719725,0.9125335058034548,-0.8531772242158175,0.15529998280539523,-0.9761681886467066,
0.2394492036586533,1.0957631521703697,0.2737934507602289,0.6308056085340361,0.33596069197719725,-1.252027868761544,0.8823109040320576,1.6070587396577998,0.6569868983931495,
-3.1200591762375035e-16,-1.1051431625264818,-1.2518241815469737,-0.041173101641081726,0.33596069197719725,-0.771014229969322,-1.8302628917101618,-0.9335190848339081,-0.8359459997833095,
0.6485661036321919,-0.4754590823351783,0.45721451332745444,0.6042614375166206,0.33596069197719725,-1.6127880978557105,1.1706044195974068,1.2441190504446986,0.7524259405801546,
2.1323825597491184,-1.148688188829498,-1.1203353912657572,2.0921052142578294,0.33596069197719725,-1.6127880978557105,0.49792127504832095,-0.9335190848339081,0.815335267365436,
-0.2686140991094194,-0.5162560948790822,-0.9106641622481925,0.628626447768416,3.851540552412827e-16,-1.3722812784595995,0.33904568378567396,-0.9335190848339081,-9.728482535567586e-16,
-0.9507155142554274,-0.05436690272487432,-0.23606846767817366,0.748125674856657,0.33596069197719725,0.5517732767092883,-1.372215768080737,1.2441190504446986,0.5363154296536506,
-1.5885458937332284,-1.097601531701924,-1.1388859124996862,1.2859180288340442,0.33596069197719725,0.5517732767092883,0.0,-0.9335190848339081,-9.728482535567586e-16,
-0.8767616004721708,0.18392738144191362,-0.4701567929112806,-1.2448427830217015,0.33596069197719725,0.1910130476151219,0.07677473218003718,0.15529998280539523,-1.3632186184647863,
-0.11073207366139728,0.18863727331374175,-1.3024132724315718,0.617642019021091,0.33596069197719725,0.5517732767092883,0.08915500031783628,0.15529998280539523,-0.4852652107775306,
1.895651412531553,-0.9859333466549148,-2.0441834303233364,0.9764519382194519,0.33596069197719725,1.5138005542937323,-0.9605980983603969,-1.6593984632601104,-0.6763803924569269,
-0.6425859972572494,-0.41273236984908235,1.2613790486835714,1.3697907052145741,0.33596069197719725,0.6720266864073439,-0.7779268579894978,0.5182396720184964,2.1266645435260165,1.0
0.17130225284561576,-1.5691822011092509,-1.4214510094743782,-0.7044303993418934,0.33596069197719725,1.1530403251995658,-0.8602510726264667,0.0,-1.5741478712392982,
-0.09239478531802854,-0.97044814150325,-0.12598839448282048,0.16834263089185975,0.33596069197719725,0.43151986701123285,-1.1455887625424264,1.2441190504446986,0.13305218336218871,
1.2302201526038703,-0.6032841042961237,0.9540647925804856,-7.209671949983916e-16,0.33596069197719725,-1.4925346881576549,0.16300833487152835,1.2441190504446986,-9.728482535567586e-16,
2.6996326013888354,-0.7204112149122505,-0.6317866487113768,-0.5602000317540963,0.33596069197719725,1.7543073736898431,-1.3660350558794163,-1.2964587740470093,-0.8224788137884985,
-0.6571396971841507,-1.4707955763549028,-0.875515238255367,0.3863286752571644,0.33596069197719725,-1.252027868761544,0.4856329993814469,-1.6593984632601104,-0.3797346456739914,
-0.6116596873335943,-1.1908222720195614,0.343469731495728,-0.5232965452596214,0.33596069197719725,-0.6507608202712666,0.872974575465422,0.15529998280539523,-0.224032490950055,
1.071885688966134,-0.4184498431341921,1.3772908976591718,-0.2763569479611626,0.33596069197719725,-1.1317744590634884,1.2428306018997823,0.15529998280539523,0.7294164205319271,
0.6741960533977718,3.582633830170259e-16,-1.2745178179709022,0.016489256453385136,0.33596069197719725,-1.4925346881576549,0.2949312310566432,-0.5705793956208071,-0.9663753961857724,
1.952899696111509,0.735227601337197,-5.148716173818101e-16,0.2240901768760304,0.33596069197719725,0.1910130476151219,-0.9894120994937822,0.8811793612315975,-9.728482535567586e-16,
0.5666545604185086,-0.10059154062815172,-5.148716173818101e-16,0.03935659672740526,0.33596069197719725,-0.6507608202712666,0.0,-0.20763970640770588,-9.728482535567586e-16,
-0.4687874086530465,0.4822696802208469,-0.37470040250785525,0.14095613809342866,0.33596069197719725,1.0327869155015104,2.424626463439947,0.5182396720184964,-0.3458246993091798,
0.5740388916291109,1.5378212409795122,0.12082854323359181,-0.38285050572730356,3.851540552412827e-16,-0.41025400087515557,0.0,1.2441190504446986,-9.728482535567586e-16,
1.142738941072813,-1.2473030592564942,-0.9096693447007818,-0.9685877691079945,0.33596069197719725,-1.733041507553766,2.4822778702214197,0.0,-1.652801076772541,
0.8263372045259986,3.582633830170259e-16,-0.4486587134989401,-1.9777338182090214,0.33596069197719725,0.31126645731317737,-0.9731580851168147,1.2441190504446986,-1.861305284897598,
0.4825056819520964,0.5742032816080905,-1.5515089029739302,-0.7750607445627798,0.33596069197719725,0.43151986701123285,-0.9148385059042322,-0.5705793956208071,-1.72552038441799,
1.0966007496549988,1.0998226614145725,0.17053605147238268,0.3440726054981761,0.33596069197719725,0.7922800961053993,0.22961588085867737,0.5182396720184964,0.39592849509337036,
1.2092552274495771,-1.1995362387816566,1.305131094314624,0.8062614304952344,0.33596069197719725,0.5517732767092883,0.1713881918670115,-0.5705793956208071,1.6320337137958225,1.0
1.4429309702573854,-0.5725732354352445,-1.190843181859839,-0.9084315936981856,0.33596069197719725,-1.3722812784595995,-1.7330888740543697,-0.5705793956208071,-1.4993200802768676,
0.6377701789547587,0.9990148730413017,-0.6407460082110522,-1.2899508816029401,0.33596069197719725,-0.0494937717809891,-1.6062031277504538,-0.5705793956208071,-1.4019933427387612,
-0.25782392446496594,-0.20902092096615082,0.6638180420153421,0.7193716568530855,-3.133198627352555,0.0,-0.8213425104908655,0.15529998280539523,0.9326388168670465,1.0
0.08669218778416261,-0.360014890950807,1.4724374233743083,-0.36040473746882823,0.33596069197719725,-1.1317744590634884,-0.2244392192942682,-0.20763970640770588,0.8437218805717162,1.0
1.250107075487594,3.582633830170259e-16,-5.148716173818101e-16,1.352980294034376,-3.133198627352555,-0.41025400087515557,1.195559564607114,-1.2964587740470093,-9.728482535567586e-16,
-0.9711762798594633,-0.3464742188945376,-0.11451491856354172,0.6373082085758925,3.851540552412827e-16,0.31126645731317737,-1.0317669394562001,1.2441190504446986,-9.728482535567586e-16,
0.33035351943017194,0.15595309336658225,0.409430473488584,-0.2965672092745424,0.33596069197719725,0.9125335058034548,1.06498920181532,0.15529998280539523,-0.005067832371369732,
-0.5061629881278625,1.5339195919540078,-0.03715088657751558,-0.41377755671017247,0.33596069197719725,-0.0494937717809891,1.264540588963114,1.6070587396577998,-0.4525093221948434,
-0.04281087253320153,1.7603359685466529,-2.790390486560211,0.21324275178872076,0.33596069197719725,1.6340539639917877,-0.45661787560394385,0.15529998280539523,-1.8962059023668125,
1.3290840609107453,-1.0131812052483011,0.6621296984174377,-1.5630778111150694,0.33596069197719725,0.43151986701123285,0.2555804915309933,1.2441190504446986,-0.7785457803811154,
0.13541727149143273,-0.38918386124713145,1.4724374233743083,-1.223195182868523,0.33596069197719725,-0.771014229969322,-0.09772842752389713,-1.6593984632601104,0.1356526403845881,
-0.023389370193430733,0.692077956900594,0.21642826130694312,-0.8660704923161366,0.33596069197719725,0.7922800961053993,-0.001916329067215715,0.5182396720184964,-0.5317141382705669,
-1.5671798378142707,1.998016634727634,-1.1142797423001523,0.7795278322628945,0.33596069197719725,1.0327869155015104,-0.5564037119453059,-0.9335190848339081,-0.16341742334450093,
0.744851017895276,-0.996345682416647,-0.5137414266234832,0.19110310040044495,0.33596069197719725,-0.2900005911771001,-1.0970654182211903,-0.5705793956208071,-0.1452360648115309,
0.6342290847678158,0.746077540266648,1.4724374233743083,-3.050651803253667,0.33596069197719725,0.0707596379170664,0.5485452757499063,0.0,-1.3925361483092684,
-3.1200591762375035e-16,3.582633830170259e-16,1.136171528197855,0.5460056792512148,0.33596069197719725,-0.2900005911771001,1.229985237534924,-0.9335190848339081,1.213946227082756,1.0
-0.41223687674644177,3.582633830170259e-16,0.8232111096330549,-0.026368978902159314,0.33596069197719725,-1.733041507553766,0.12128916131939504,0.5182396720184964,0.5974564936954527,
0.16621119339528828,-0.9166699119968135,0.4943924542897317,0.18358696431520244,0.33596069197719725,0.31126645731317737,0.5216442305015967,0.15529998280539523,0.4887856680644024,
0.19940056231530667,1.568893437635092,-0.6853422611323453,-0.6932338508254177,-3.133198627352555,0.7922800961053993,1.0523400492829789,-1.6593984632601104,-1.3717584708604775,
1.6573198123846433,0.6721490382111178,-0.15136773344554824,0.27625395999770497,0.33596069197719725,-1.4925346881576549,-0.6949169680170022,1.2441190504446986,0.16731580059327428,
-0.178979054040061,-0.47774370039729674,-0.009170621166862833,1.553198088666296,0.33596069197719725,0.1910130476151219,1.1603659388348813,-0.5705793956208071,1.168980727145228,1.0
0.2319361919220754,-1.4078232956711123,0.7183418127477021,-1.6307617396792617,0.33596069197719725,0.7922800961053993,-1.4667773094557865,0.5182396720184964,-0.6612180756883742,
0.5929663453014589,0.4034757143007466,1.4724374233743083,-7.209671949983916e-16,0.33596069197719725,0.0,0.5305962823557119,-0.5705793956208071,-9.728482535567586e-16,
0.13048833021624007,-0.2135967318424761,1.3777596544595223,-0.5793006047228385,0.33596069197719725,0.0,0.40631569314931293,0.5182396720184964,0.5474656701155616,
-0.5644490406584316,-1.5297437815573978,-1.564444873920554,-0.5602000317540963,0.33596069197719725,1.1530403251995658,-0.9738432817583914,-0.20763970640770588,-1.5569007403042863,
0.13870062875576375,3.582633830170259e-16,0.3408690857775323,-0.1474339833665073,0.33596069197719725,-1.1317744590634884,1.7591355652092389,-1.6593984632601104,0.011606701331550296,
1.1042380241792957,-0.4452160410771812,0.9353664916476144,0.8879201906555192,0.33596069197719725,0.6720266864073439,-0.6474612445708685,-0.5705793956208071,1.4803129376710842,1.0
-1.2012471854879232,1.45101782747956,0.7986711730207242,1.17918849839951,0.33596069197719725,0.1910130476151219,1.4710825075741036,-0.9335190848339081,1.4533536713597748,1.0
0.07160437902387176,0.49593514833806407,-0.6483539073645808,-0.7508279928689443,-3.133198627352555,0.1910130476151219,0.08749549058365964,0.15529998280539523,-1.317808757495742,
-0.8429400580283682,1.661997974130466,1.4724374233743083,0.25578892067113784,0.33596069197719725,1.3935471445956769,-1.3515799160447164,0.15529998280539523,1.427443384332909,1.0
1.2375240281356579,-1.713950594121343,-1.3994642277140892,0.464764243092557,0.33596069197719725,-1.733041507553766,1.3792562332244258,-1.6593984632601104,-0.7794941682498234,
-1.666137353091727,0.1093508239191772,-1.1746634343999918,0.20959448992769888,0.33596069197719725,-1.011521049365433,-0.24991833164785526,-1.2964587740470093,-0.6935533478321583,
-0.6879356112250261,2.3560201559515574,0.35199933904304376,-0.0022800629308030516,0.33596069197719725,0.7922800961053993,-0.7564037349519386,-1.2964587740470093,0.32688153601520126,
0.33972692881756633,-0.9418265397989516,1.4724374233743083,-0.8000392353055601,0.33596069197719725,1.7543073736898431,1.1778042669434035,1.6070587396577998,0.3822392517665024,
1.6442242005002843,0.07605091568917885,-0.8883020695769688,0.1289301863192576,-3.133198627352555,0.0,-0.5718037577795645,-0.5705793956208071,-0.7372669975463506,
-0.14654504611971114,-1.2427903946967782,-0.22702611837581724,-0.08727780795669834,0.33596069197719725,-1.252027868761544,-0.30250731066902875,1.2441190504446986,-0.21372549047342743,
-0.6838493473407434,2.2518350182290576,1.3301732034021045,0.830442615508768,0.33596069197719725,0.0707596379170664,0.006847405849787983,-1.2964587740470093,1.682922951212823,1.0
1.9907177025293252,-0.44387805945250336,0.060462884189148344,0.7518837227619882,0.33596069197719725,-1.3722812784595995,-0.04764138124780905,0.8811793612315975,0.6637760809523406,
-1.6639570661366465,0.18386920825238282,-0.3067635819578014,-1.1041917335381266,0.33596069197719725,-0.530507410573211,0.9399038062341397,-1.6593984632601104,-1.1908196642222946,
-1.666137353091727,3.582633830170259e-16,0.7369599414294855,-1.471084735685212,0.33596069197719725,-0.16974718147904458,-1.2589002019545439,0.8811793612315975,-0.5335157244612123,
0.40866991441278566,0.8740813043289796,0.3971260853117359,1.1612735776660308,0.33596069197719725,1.6340539639917877,-0.15911428747379947,-0.9335190848339081,1.2580661191481375,1.0
-0.6255078571331615,-0.7497076691453658,1.2758502180380542,0.24185318101864867,0.33596069197719725,-0.2900005911771001,-1.0573990095936763,-0.20763970640770588,1.2454375587272855,1.0
-1.1954482178528247,-0.19624026907659073,1.4724374233743083,0.9975007467197066,0.33596069197719725,1.3935471445956769,-0.7371963404600382,-1.6593984632601104,1.9817032934579941,1.0
0.7032485754632386,-0.14092310140840655,0.43710765490891024,-1.8297366833159467,-3.133198627352555,0.0,0.9042552165934866,-1.6593984632601104,-1.432400640659115,
0.19327172737199522,-1.460531189376267,0.4194034150557365,0.22049045080967727,0.33596069197719725,1.3935471445956769,0.0,0.15529998280539523,-9.728482535567586e-16,
-0.6935965900657528,-1.5952657436800426,0.3294097121613171,0.2488509562328516,0.33596069197719725,-0.8912676396673775,-1.1399555014449225,-0.9335190848339081,0.5419985637127711,
-1.4798500647108144,0.3125762208685921,0.6482640547647384,1.0057697849264051,0.33596069197719725,0.6720266864073439,-1.151208084822644,0.8811793612315975,1.3966513266965896,1.0
0.8833941296166646,-1.5546397804609888,0.145136213997216,-1.3884639671680103,0.33596069197719725,0.5517732767092883,0.9145090704262201,-0.5705793956208071,-1.077515222152431,
0.6394072775999632,-0.3757674032875988,0.08046658187535334,-0.5890221208891859,0.33596069197719725,-0.0494937717809891,0.044079241827296056,0.15529998280539523,-0.4136321523286139,
-0.18323877796604163,-1.027789857285319,1.4685269483697527,-0.07161680326008948,0.33596069197719725,0.31126645731317737,1.791332274437954,1.6070587396577998,0.9228486772607721,1.0
1.9528224900623476,0.0066007949985622694,1.4724374233743083,1.0207143172816306,-3.133198627352555,-1.011521049365433,0.6265523529746903,1.2441190504446986,1.678782920673779,1.0
-1.2490765799109025,0.8250400214822861,-5.148716173818101e-16,1.288825746203577,0.33596069197719725,0.6720266864073439,0.6475458387167866,0.8811793612315975,-9.728482535567586e-16,
-1.666137353091727,0.8101356223013954,0.09279045005483132,1.7479096984603142,0.33596069197719725,0.43151986701123285,-0.6174487989267954,-0.5705793956208071,1.5375001365406875,1.0
-0.8339243263592947,0.23768789593669487,-0.7172918835284466,1.3981850337131383,0.33596069197719725,1.1530403251995658,0.09092179676233929,1.6070587396577998,0.5887784764819186,
-0.12440927806650554,0.1713140706878421,-5.148716173818101e-16,-3.6133049452406936,0.33596069197719725,-0.771014229969322,0.03958735458761026,0.8811793612315975,-9.728482535567586e-16,
0.19276536360849236,0.9876917093412639,0.5478444366003621,-1.9777338182090214,0.33596069197719725,-0.530507410573211,0.1196239338675639,0.5182396720184964,-1.1904025658400785,
-0.3391886560665157,0.22119470583825795,0.8573107377768651,-1.0335613883172408,0.33596069197719725,1.3935471445956769,-0.18021515846597555,0.0,-0.1695194041115952,
0.3121108201050889,-0.6864301459749118,-0.04882598327254548,-0.23106904277874923,0.33596069197719725,-0.6507608202712666,0.020922554420863243,0.5182396720184964,-0.2198025963560221,
-1.4482726457657182,-1.5572674412319139,-2.137131415598305,0.9190250266869588,0.33596069197719725,-0.16974718147904458,-0.7089393809356414,0.5182396720184964,-0.8120665011297398,
1.5105599630632347,1.2823869695364414,-1.0376900353697576,1.106239335400236,-3.133198627352555,0.0707596379170664,-0.4805773892088023,1.6070587396577998,-0.06579244031563634,
-3.1200591762375035e-16,2.3546631529293216,1.1205628400384227,-0.8128227577345182,0.33596069197719725,1.3935471445956769,-0.8080297959464314,-1.2964587740470093,0.2554156930573773,
-3.1200591762375035e-16,-0.6056547880127885,-3.0960449447789977,0.4292877412317671,0.33596069197719725,-0.8912676396673775,-0.19320488981222722,0.5182396720184964,-1.972131897052807,
0.3018685408309606,-0.5223892512813736,1.4578606162711352,1.1956320768465956,0.33596069197719725,-1.733041507553766,0.5202429750934812,-0.9335190848339081,2.0364503789598403,1.0
0.42704528703372874,-1.5863518254102256,0.6854797473138928,0.07032579287254291,0.33596069197719725,-0.41025400087515557,2.045849529185426,0.8811793612315975,0.42678471508406485,
0.5511090978945866,-0.5247920467312469,1.4724374233743083,-1.3377138865498066,0.33596069197719725,-1.4925346881576549,-1.396261398477652,0.8811793612315975,0.14067591432073717,
0.4171163023596076,-0.2316621578765292,-0.14904664626315076,0.057197686281818136,0.33596069197719725,-1.6127880978557105,-0.9446133752776581,1.2441190504446986,0.010512393618699779,
-3.1200591762375035e-16,-0.967488823991233,-2.308796275529184,-0.1531304060257177,0.33596069197719725,0.0707596379170664,-0.4472962632439318,-0.5705793956208071,-1.8295420316656321,
1.3847418964608962,-1.0114472354411166,0.5801292502061205,0.33472428454675374,0.33596069197719725,-1.3722812784595995,1.5158504291563,1.6070587396577998,0.601115792156281,
0.14136950956757302,-0.09504809057340216,1.4724374233743083,0.0118374563434706,0.33596069197719725,-1.6127880978557105,-0.41960302993235304,-0.9335190848339081,1.1597862103035101,1.0
0.7039591753701555,-0.2638443479126148,1.1532832397518273,-2.7215208142783203,0.33596069197719725,-0.41025400087515557,-1.0491468348297004,1.2441190504446986,-1.2470243060043391,
-0.17287561261127563,-0.9409183521869923,-0.687144380269627,1.779175674970953,-3.133198627352555,1.3935471445956769,0.7574330295990186,1.2441190504446986,0.6507874279546698,
1.5065559574727843,1.2851121437914421,0.18176178231909262,0.25923579165791594,0.33596069197719725,1.0327869155015104,0.5706806044081338,-1.2964587740470093,0.31005562193249314,
-0.8168915318020692,-1.7568313396525341,-0.5365918270004286,0.09596172019267649,0.33596069197719725,0.1910130476151219,0.0,0.15529998280539523,-9.728482535567586e-16,
1.902658026349576,3.582633830170259e-16,-0.8686755045733248,1.3706658933292035,0.33596069197719725,0.5517732767092883,1.8500653113947534,-0.9335190848339081,0.31967318933992056,
-0.11845049283834096,-0.9336820348524449,1.188837914101773,-0.9843501458806243,0.33596069197719725,0.6720266864073439,-1.4431901452936158,-0.20763970640770588,0.2159541748480917,
-1.645032774848222,-0.29370158353259745,-1.3072323174037213,-0.8128227577345182,0.33596069197719725,1.7543073736898431,0.3252883148019378,-1.2964587740470093,-1.6648129408850705,
0.06626342767768431,0.3037815850347928,-0.9551078270003709,-7.209671949983916e-16,-3.133198627352555,-0.6507608202712666,0.8414916100122536,-0.5705793956208071,-9.728482535567586e-16,
-0.8220064474461924,-0.03810830035330399,-1.1988218148215457,-0.5143269855135926,0.33596069197719725,0.5517732767092883,0.2045518921467249,-0.9335190848339081,-1.3321207260695282,
0.8484698143667144,-0.5218843254920826,-1.6466027666497864,0.8389071019847316,0.33596069197719725,-0.8912676396673775,-0.8538846083201322,-1.2964587740470093,-0.49528065795194276,
-0.7907993033585389,-0.6573164529287601,0.2509229943421115,-0.4709082463302138,0.33596069197719725,0.31126645731317737,-1.1311411446150361,0.15529998280539523,-0.10071598563218159,
-0.5641743982854112,-0.26499643965795605,1.427804526981608,-2.2294980175121797,3.851540552412827e-16,1.1530403251995658,-0.13765685189603494,-0.9335190848339081,-9.728482535567586e-16,
-1.666137353091727,0.9762145615473178,-0.13317180906620896,0.19855028013695605,0.33596069197719725,0.0,0.9461572562417558,-0.5705793956208071,-0.0053648500378603685,
-0.5708959386639534,0.40063698107167073,-1.6645735991950157,-0.7750607445627798,3.851540552412827e-16,0.31126645731317737,1.4730467155666211,0.15529998280539523,-9.728482535567586e-16,
-1.666137353091727,3.582633830170259e-16,1.0549935110739732,0.7386537249366553,0.33596069197719725,1.6340539639917877,1.163115790441864,-0.20763970640770588,1.3135967864617344,1.0
-1.666137353091727,1.7280867446868642,1.4724374233743083,0.47537533403032833,0.33596069197719725,-1.6127880978557105,-1.5784318589729915,-0.5705793956208071,1.622299796115687,1.0
0.7603966835328413,-1.356732354465517,-0.6680734254099979,-7.209671949983916e-16,0.33596069197719725,-0.41025400087515557,-0.26492556126443767,-0.5705793956208071,-9.728482535567586e-16,
0.7882642086135765,3.582633830170259e-16,-0.47365793539354467,0.7992181160441227,-3.133198627352555,-0.6507608202712666,0.6184324912310067,-1.2964587740470093,0.029210148609575437,
0.3926897521602653,0.5208338870947936,0.6790226985581514,-0.8524275342349684,0.33596069197719725,-0.8912676396673775,0.05149757313017738,1.6070587396577998,-0.17506069330546895,
-3.1200591762375035e-16,-1.327268053234292,1.4724374233743083,0.8422683361774136,0.33596069197719725,0.43151986701123285,0.7038483072912156,-0.5705793956208071,1.7475575410679849,1.0
-0.12674241918867252,1.0877499263104822,-0.5215173239994894,0.47537533403032833,0.33596069197719725,-0.6507608202712666,-0.5845431605122244,0.8811793612315975,0.0404619533432626,
-0.07832094062446729,0.5615633924805907,-1.4636539874505277,0.5362841630848674,0.33596069197719725,-0.530507410573211,-1.0431030969624047,-0.20763970640770588,-0.587775211821313,
-1.345987915976484,0.34462407551488106,0.8132310853041498,0.9251054813179639,0.33596069197719725,-0.16974718147904458,1.6492545994147034,0.0,1.2452366106842039,1.0
1.5760242399950652,-0.9049504274221907,1.0076018338968558,0.32526704866849254,0.33596069197719725,1.2732937348976212,-1.026765973171354,1.6070587396577998,1.1079235232745448,1.0
0.8887786659186534,-0.12703071066596897,0.08828077776873844,0.07896137322785549,0.33596069197719725,-0.0494937717809891,-0.6683047705705069,0.8811793612315975,0.18670686518682617,
-0.31693472446120513,-0.8166637932304854,-0.5659208499064408,0.464764243092557,0.33596069197719725,1.7543073736898431,-0.18748179793489594,0.15529998280539523,-0.03157569720876964,
-0.04485161533777224,0.11657118823054255,1.23404263017956,-0.38285050572730356,0.33596069197719725,1.0327869155015104,-1.2771120386603294,1.6070587396577998,0.7246049522228782,
0.15439089849758175,-1.181678207137864,0.6933705568824509,-0.8390100899481893,0.33596069197719725,0.9125335058034548,0.454340318663558,-0.20763970640770588,-0.18367531937006654,
-1.666137353091727,1.9272956519137656,-0.8097427238129764,0.4208758846321599,0.33596069197719725,-0.6507608202712666,-1.1944105326696657,-0.5705793956208071,-0.1755978716980341,
-0.34571088323344373,-0.027234534457530466,0.13809188197742506,-0.6189053812232888,3.851540552412827e-16,-1.3722812784595995,3.121957924758243,1.6070587396577998,-9.728482535567586e-16,
-0.8230302203567651,-0.47436925175436667,-1.4859811892788897,-1.5630778111150694,0.33596069197719725,-1.011521049365433,-0.8493662050369827,1.2441190504446986,-2.318916507405576,
-1.173917803105017,0.4451008567215291,0.8763850844881577,-4.17595808722772,0.33596069197719725,-0.530507410573211,0.2716162313285166,1.6070587396577998,-2.733257125082941,
-0.3829505461148376,1.8488278160657912,-0.2228583554002234,0.4037860555642129,0.33596069197719725,1.0327869155015104,0.1761155421797287,-0.20763970640770588,0.15097361291470426,
1.899085975382686,-0.7939535025310167,-0.42398577979971463,-0.1941655562842744,0.33596069197719725,0.7922800961053993,0.0,1.6070587396577998,-9.728482535567586e-16,
0.6291339680583887,0.818453932892337,0.04305777144915146,0.7252045219340257,0.33596069197719725,0.7922800961053993,-0.4700001239161895,0.15529998280539523,0.6608120219313944,
-0.701391174149625,0.04080565776743602,0.12790430420065524,-0.1531304060257177,0.33596069197719725,-1.4925346881576549,0.19800268546187255,0.0,-0.03645816898699607,
0.5541998796573838,-0.2898653901160565,1.1187430549177062,0.1248816148460099,0.33596069197719725,-1.252027868761544,-1.1336667426050442,-1.6593984632601104,1.0377343596020256,1.0
1.4618087678309513,-1.6771492251451634,0.7664752067252434,-0.07161680326008948,0.33596069197719725,1.2732937348976212,-1.3899528282361182,1.2441190504446986,0.6316923710633107,
0.9406719349692145,0.28195236395978746,-0.10016696266681445,0.49619024110550947,0.33596069197719725,-1.6127880978557105,0.6597171915104549,0.8811793612315975,0.2821154035668287,
-0.008905545860031538,0.7468794376745573,-5.148716173818101e-16,-7.209671949983916e-16,0.33596069197719725,0.0,0.5579728275611965,-0.20763970640770588,-9.728482535567586e-16,
-0.7845560456921722,1.311991498806282,0.5457819366450382,1.4280682940472411,0.33596069197719725,0.6720266864073439,1.2865366584792146,-0.9335190848339081,1.4776088581870472,1.0
0.6921246925674102,0.7922035595845339,-0.4134223700893002,1.2761497172393446,0.33596069197719725,-1.252027868761544,0.0,-0.20763970640770588,-9.728482535567586e-16,
0.35759155284519506,-0.3571143560765392,-0.06342466374227668,0.9693126054992003,0.33596069197719725,-1.011521049365433,-1.484211640419177,-0.20763970640770588,0.8543064644350474,1.0
0.9083529829364153,-0.9605173797118163,-0.09067576193411957,1.2074824609986516,0.33596069197719725,-1.3722812784595995,-0.698697250859225,1.2441190504446986,0.9674118162079826,1.0
-3.1200591762375035e-16,-1.6494003930902097,0.6669658920611845,0.03483437390209534,0.33596069197719725,1.7543073736898431,-0.5687929254531606,0.5182396720184964,0.580860055765485,
1.0778047046575434,0.8669237928577934,-0.34434949740678733,0.24185318101864867,0.33596069197719725,-0.530507410573211,1.1054251332309584,-1.2964587740470093,-0.14190181026281423,
-0.6619330566336735,0.29318870781636,-0.3714636036023772,0.701617286693839,0.33596069197719725,0.7922800961053993,-0.04450358020470101,-0.20763970640770588,0.2963937440196738,
1.3718337689094497,-0.16518576468195745,1.4724374233743083,0.597487515889122,0.33596069197719725,-0.771014229969322,0.5670800740340398,1.2441190504446986,1.5596727317712697,1.0
0.14255338663086667,-0.9746345583388917,1.1706899129918573,1.1001588807692309,0.33596069197719725,-1.3722812784595995,-0.28887340668946615,-1.2964587740470093,1.8030119140665617,1.0
2.2037996614987208,-1.474302010582259,-0.8006590913400331,0.6416145152148821,0.33596069197719725,1.3935471445956769,2.148068992700385,0.8811793612315975,-0.24160472124339025,
-0.8309381067636437,2.029358128415268,0.7431140786640702,1.9298126069797286,0.33596069197719725,1.7543073736898431,0.8627756599844568,-0.9335190848339081,2.0648703577884926,1.0
-3.1200591762375035e-16,1.6495531985548433,0.2183856725446113,-0.23106904277874923,0.33596069197719725,0.7922800961053993,-0.7381766044054577,-0.5705793956208071,0.03929258181827353,
0.1428949903545768,2.212516198840503,0.5351317092706125,0.9266185048644683,3.851540552412827e-16,1.6340539639917877,-0.3795375424948759,-1.2964587740470093,-9.728482535567586e-16,
-0.789475415532334,1.919502685871813,0.24040390666106878,0.5997517764860896,0.33596069197719725,1.5138005542937323,0.10582435337452535,1.2441190504446986,0.6650550364090377,
-0.6055630846322497,-0.15876413183344656,1.4604292327843729,0.5860704936770894,0.33596069197719725,-0.771014229969322,1.4125305302693942,0.15529998280539523,1.477716948297543,1.0
-0.4260348688761578,-0.9665287443545372,0.48188006406367556,-7.209671949983916e-16,0.33596069197719725,1.2732937348976212,0.07995845456783152,1.2441190504446986,-9.728482535567586e-16,
0.39127185136935144,3.582633830170259e-16,0.009187168885374195,0.8045063230056754,0.33596069197719725,-0.41025400087515557,-0.4734736646342672,0.8811793612315975,0.6996783840695209,
0.49958863278703913,-0.9242604672504923,1.2894751016951191,1.1324651285315748,0.33596069197719725,0.0707596379170664,-0.39314142092872245,1.2441190504446986,1.9267935605019133,1.0
-0.704158676002191,-0.7875207362577461,-5.148716173818101e-16,-0.6821896410346748,0.33596069197719725,-1.733041507553766,0.3777435387266762,0.0,-9.728482535567586e-16,
-0.10110198906163725,0.4113112805310122,0.22201283316807216,0.44036964574018794,0.33596069197719725,-0.8912676396673775,2.5707822757350187,0.15529998280539523,0.3365802806703231,
2.2773608813681316,-1.0540254891076883,0.445246026907559,-0.10864053816566902,0.33596069197719725,-1.733041507553766,0.26578317928090983,0.5182396720184964,0.23430635079604267,
1.8220844760843666,0.08478709220043432,-0.027357111929127872,1.686272521184318,0.33596069197719725,0.5517732767092883,0.8295676438132835,-0.20763970640770588,1.2878740256652244,1.0
0.4046182745147311,-1.2831392163080033,0.0918697120848958,0.10848233188324298,0.33596069197719725,0.43151986701123285,-0.46190403280675024,-1.6593984632601104,0.19778445061150793,
-0.032646968672572774,-0.03637070489031505,-0.599034506767261,-0.6394567801326475,-3.133198627352555,-1.3722812784595995,-1.3403251488676327,1.2441190504446986,-1.082893701531388,
0.05740100757682781,-0.1563930292553046,-0.7897220704114075,-0.1361596785496044,-3.133198627352555,-0.16974718147904458,0.6987476560590263,-1.2964587740470093,-0.9730159018369899,
0.5991374369112986,1.8376139199989228,-1.0765582867402317,0.5038602531096108,0.33596069197719725,0.9125335058034548,0.5410952667338389,0.5182396720184964,-0.44070150087701004,
-1.1971604675270178,-1.22051948910465,-1.5326764084848572,-1.5962145303042672,-3.133198627352555,1.6340539639917877,-0.07829551270684865,0.8811793612315975,-2.6581408177042203,
-0.35690724245388755,-0.6846578793737627,-0.9387615380114593,0.3921896169476814,0.33596069197719725,-0.16974718147904458,2.7316498654867214,0.8811793612315975,-0.5918473767642627,
-1.666137353091727,-0.613764622875606,-0.12087102694671274,1.2542364702933115,0.33596069197719725,-0.771014229969322,0.0,-1.6593984632601104,-9.728482535567586e-16,
0.363890287125815,0.9738460719653732,0.20072531716357173,0.9750290861501753,3.851540552412827e-16,0.0,-0.20319920630079683,1.6070587396577998,-9.728482535567586e-16,
0.6361082074929651,-0.06726449682533835,-0.2333658799121813,-1.6668448755251528,0.33596069197719725,1.2732937348976212,-0.3560485739132027,0.5182396720184964,-1.4933350297490613,
-0.6047953330418787,0.47169849682855663,-2.6500018664929863,1.7636932128385103,0.33596069197719725,0.1910130476151219,-0.20903007676735158,1.2441190504446986,-0.5534615464714052,
1.6535143633988867,0.07235441694686595,1.4724374233743083,0.602009738714432,0.33596069197719725,-0.0494937717809891,-0.626970141051218,-0.9335190848339081,1.6532094800666286,1.0
-3.1200591762375035e-16,-1.1402202836072888,1.340823861423214,-0.9379525523535734,0.33596069197719725,-0.6507608202712666,-0.41471308727685446,0.8811793612315975,0.2909764702826674,
-1.666137353091727,-0.8719457488270101,0.5979805874848527,-3.050651803253667,0.33596069197719725,0.1910130476151219,1.1387031659155087,0.0,-2.0978703352902026,
0.17203102817982543,0.6669166123211925,1.4724374233743083,-0.894064193893176,0.33596069197719725,-0.771014229969322,-1.035134728312267,0.0,0.4726814700118918,
1.0751103160923283,0.2847079645927638,-1.0519719969231567,0.9415956252659592,0.33596069197719725,-1.3722812784595995,0.20582864927967204,0.8811793612315975,-0.04248488699442265,
1.7742045712183991,-0.5557786672881431,1.4724374233743083,-2.5963910196592654,0.33596069197719725,1.5138005542937323,1.6556944928078934,-0.20763970640770588,-1.108092334501999,
-0.5781170290780198,-1.5361130331800557,-1.0378853877807042,-0.6189053812232888,0.33596069197719725,1.6340539639917877,-0.2994235968369079,-0.20763970640770588,-1.2572199262848163,
1.1097807729599416,-1.056413020533278,0.35796188973066234,0.7367459992696523,0.33596069197719725,-0.16974718147904458,-1.4030534619048365,-0.9335190848339081,0.9783907347035302,1.0
-0.11663973659553468,0.30932115961997525,-1.395699420485014,0.3533144916403467,3.851540552412827e-16,-1.4925346881576549,-0.41335696708929753,0.0,-9.728482535567586e-16,
-0.26387179828612034,-0.9504819244924715,0.0982082041475459,0.7974476968086527,0.33596069197719725,1.6340539639917877,-0.4486641477072797,1.6070587396577998,0.7593781692350094,
0.8956920541092842,1.8852351837736174,0.528888780081341,0.7115287272638802,-3.133198627352555,1.1530403251995658,1.2555457557761291,-0.9335190848339081,0.667983489161608,
0.64173642356119,2.9362145349138733,-0.0981740357022176,-1.9253455192796138,0.33596069197719725,0.6720266864073439,-1.0106206587110742,-1.2964587740470093,-1.551175055553095,
-1.666137353091727,-0.3688664148849409,-5.148716173818101e-16,1.106239335400236,-3.133198627352555,0.0,-1.6269855136289062,0.5182396720184964,-9.728482535567586e-16,
1.5465402992326496,0.8287440358601762,0.19596819482023214,-0.6394567801326475,0.33596069197719725,0.7922800961053993,-0.8620838709892857,0.0,-0.29896268248062075,
1.4406611738301849,0.2937390269995106,-0.5245092200746432,0.279615194190387,0.33596069197719725,-1.733041507553766,0.28535855566114193,-0.9335190848339081,-0.18576750354965849,
-0.7610921570290475,0.900480386292372,-0.5759844035278759,0.48324360466059324,0.33596069197719725,0.0,-1.0132087844617366,-0.5705793956208071,0.03793152263015773,
0.36013635367986896,2.413166528942509,1.0213355934920185,-0.9084315936981856,0.33596069197719725,-0.2900005911771001,0.0,1.6070587396577998,-9.728482535567586e-16,
0.4679669436419627,3.582633830170259e-16,-0.6767684927469131,1.5247630658219424,0.33596069197719725,-0.16974718147904458,0.15349624610169277,0.8811793612315975,0.7171760772278174,
0.21179451222316567,-1.766139633445253,1.1424790959969051,0.1289301863192576,0.33596069197719725,0.0707596379170664,-0.3149268031880758,-1.6593984632601104,0.997325748335204,1.0
-0.6784764358510135,0.3235325533650778,1.4724374233743083,-1.8297366833159467,0.33596069197719725,-1.011521049365433,-0.32121423564099777,1.2441190504446986,-0.33859341401144993,
-0.8116563235883573,1.4846231824085205,-1.8535144650096858,1.2810485667348517,0.33596069197719725,-0.6507608202712666,0.533504506342121,0.15529998280539523,-0.39812596719149834,
-0.1024187447018443,-1.4828791583670553,1.3946730942981358,0.3533144916403467,0.33596069197719725,-0.0494937717809891,0.7505782657497886,-1.2964587740470093,1.289399558030294,1.0
1.2130243536882188,3.582633830170259e-16,1.4724374233743083,0.6042614375166206,0.33596069197719725,-0.8912676396673775,0.5067543276014903,-0.9335190848339081,1.569697713484935,1.0
0.5223835278644626,2.30124981079569,0.3733421382025937,0.21687469027586848,0.33596069197719725,-0.530507410573211,0.23857220715629315,-0.20763970640770588,0.445553048766342,
-0.48121666205427743,0.9890209812198094,0.7757429517116812,0.9326425540158362,0.33596069197719725,1.0327869155015104,-0.4774655025874423,0.15529998280539523,1.3830822800387488,1.0
0.7727840164927846,-1.3417531558283813,1.2834633830119921,-2.2294980175121797,-3.133198627352555,-0.16974718147904458,-0.7267866067050117,1.2441190504446986,-0.9936129921616386,
-1.666137353091727,-0.14762636363611742,-0.23821878980180639,-0.4879980753981608,0.33596069197719725,-0.2900005911771001,-1.0339812628447975,-1.2964587740470093,-0.4915581359225063,
1.1867180637128087,-0.9160220038758558,0.2925055184189332,0.08750605104966658,0.33596069197719725,0.9125335058034548,0.3629091794043979,-0.20763970640770588,0.27035871774351483,
-1.666137353091727,0.37206518053331383,-1.4424948684386227,-1.5962145303042672,-3.133198627352555,-0.2900005911771001,-0.6776407156973605,0.5182396720184964,-2.5448693596006375,
-0.47224413256451137,-1.0740226034844564,0.2419038112709463,0.6198508282688441,0.33596069197719725,1.3935471445956769,-0.9741697521481246,0.5182396720184964,0.7637517745105054,
-1.3035098063627226,3.582633830170259e-16,-5.148716173818101e-16,-0.10324691767268025,0.33596069197719725,-0.771014229969322,1.4770556420041552,-0.5705793956208071,-9.728482535567586e-16,
-1.495632835021377,-0.37395291900090083,0.6796051666972954,-0.4709082463302138,0.33596069197719725,0.1910130476151219,0.38632442782585563,-0.9335190848339081,0.1090626884644535,
1.1999584021526606,-0.48719309061788246,1.316412488104406,-3.6133049452406936,0.33596069197719725,0.31126645731317737,-0.9929213431109708,0.8811793612315975,-1.8499691310892659,
-0.5877960280708897,-0.5854594442577183,-0.8171241532491194,0.6501591930366932,0.33596069197719725,1.6340539639917877,0.36838308521070423,-1.2964587740470093,-0.11317512820435692,
0.3060165157899514,-0.6752781482356116,-0.5363257334615095,0.9296361176247302,0.33596069197719725,0.43151986701123285,0.5147293365208622,-0.20763970640770588,0.314306466625752,
-0.1258743250787148,-0.224215163427975,1.4724374233743083,-0.10324691767268025,0.33596069197719725,-0.2900005911771001,1.4294938210920323,1.6070587396577998,0.9274312294856383,1.0
0.44931648007215036,-1.5898559962247516,-0.09311683548959412,0.3060154689282819,0.33596069197719725,-0.41025400087515557,-1.2929002520893669,-0.20763970640770588,0.2804471017987095,
0.009966845829826458,0.4571039447770408,0.3130887838802428,-0.6394567801326475,0.33596069197719725,1.6340539639917877,0.0,-1.6593984632601104,-9.728482535567586e-16,
-1.4828006876109197,-0.8486201535611867,0.0034814231996795424,0.43484760473267997,0.33596069197719725,0.6720266864073439,1.192936298905268,0.5182396720184964,0.27065344334555697,
1.019308874634656,0.881454423672856,-5.148716173818101e-16,-3.050651803253667,0.33596069197719725,0.5517732767092883,-0.7963294388604828,-0.5705793956208071,-9.728482535567586e-16,
-0.6163989287615473,1.0317165301930213,1.4724374233743083,0.1329586655437025,0.33596069197719725,0.5517732767092883,-1.5323944162135155,1.6070587396577998,1.3416074426752236,1.0
-1.666137353091727,1.0194133329635604,-0.5306385365408972,0.48324360466059324,3.851540552412827e-16,-0.8912676396673775,-0.31531576502384495,-1.2964587740470093,-9.728482535567586e-16,
-0.5443395326989908,0.40373401586233226,-1.2257890480700784,1.1999613505629192,0.33596069197719725,1.0327869155015104,-1.5282075129546198,0.8811793612315975,0.16584218681854482,
1.5731277531064847,0.18710894965926,-0.44141073506017153,-0.1361596785496044,0.33596069197719725,-0.530507410573211,0.1596757034847254,-0.5705793956208071,-0.4501210599442498,
0.8589844983704644,3.582633830170259e-16,-2.2395814929286675,0.7556244524127693,0.33596069197719725,-1.011521049365433,-0.32265293791391364,-1.6593984632601104,-1.050865951867009,
-0.4571071493720272,0.42612693200354523,-0.6739227002062257,0.38042510816176683,0.33596069197719725,-1.733041507553766,-1.5672202503562331,0.8811793612315975,-0.07763383099486193,
-0.45777192780871917,0.39711115158082605,-1.0412644480241924,1.2358567364605497,0.33596069197719725,-0.6507608202712666,-0.630271781754598,0.5182396720184964,0.266780134099815,
-0.42744851869394285,0.7188002992543467,0.797011278397591,-0.09256601491825099,0.33596069197719725,-0.0494937717809891,1.3200860032552875,-0.9335190848339081,0.4338275522590692,
2.2054321720737757,1.9715306429949786,-0.6995762129713512,-0.31729353263187643,3.851540552412827e-16,-1.3722812784595995,0.16564480118859473,-0.9335190848339081,-9.728482535567586e-16,
0.3449123453811808,2.365828590513609,1.1104811113012798,-7.209671949983916e-16,0.33596069197719725,-1.733041507553766,0.5099768380602804,0.5182396720184964,-9.728482535567586e-16,
0.3977220384029337,3.582633830170259e-16,1.4724374233743083,-1.9253455192796138,0.33596069197719725,-0.530507410573211,0.3906440980241796,-1.2964587740470093,-0.46958133764825116,
1.0566514254550448,1.0337740017871937,0.9868572128625432,-1.1041917335381266,0.33596069197719725,1.7543073736898431,0.0,-0.20763970640770588,-9.728482535567586e-16,
0.18777017673280488,-1.1042689677784598,-0.1685465081080741,-7.209671949983916e-16,0.33596069197719725,-1.252027868761544,0.7196995352040749,0.5182396720184964,-9.728482535567586e-16,
-0.3587357027641024,-0.035880044087535756,0.24477847645367623,0.954842758934708,0.33596069197719725,0.43151986701123285,-1.2901940695014962,0.15529998280539523,1.060927341150253,1.0
-0.289913777682968,-1.0805465275501578,-1.6868769043634597,-3.050651803253667,0.33596069197719725,0.43151986701123285,0.7311423342317289,1.6070587396577998,-3.7940857994922417,
-0.1529681154670799,-0.5686347586231064,-0.07393012514677597,1.0085075173619666,0.33596069197719725,-1.3722812784595995,1.7556004495682707,0.5182396720184964,0.6342406240637413,
-0.11522774445067202,-1.3976008976508338,-0.9164098240682657,0.04385376555812365,0.33596069197719725,-1.6127880978557105,-0.4815241389612498,-1.2964587740470093,-0.6151196568861839,
0.7244060646811095,1.0853329392639097,0.8861655927822577,-3.6133049452406936,0.33596069197719725,-1.011521049365433,-0.3128110062361424,0.0,-2.2263406891092794,
-0.017341366805191723,0.5978435838068227,1.4724374233743083,-0.08202382911168492,0.33596069197719725,1.5138005542937323,0.03976598237908983,-1.2964587740470093,1.0492178625380901,1.0
0.7299064943115071,2.4190528715261874,0.6606591618316994,-0.8128227577345182,0.33596069197719725,-0.2900005911771001,0.9768213960163178,0.5182396720184964,-0.2265236285878252,
-0.16297467050801495,0.9916635815753894,-2.227331572001764,0.43761332085859,0.33596069197719725,0.5517732767092883,0.0846995926087209,0.8811793612315975,-1.3297366151237435,
0.011957437210787255,-1.403754472190771,-0.33763383416094256,0.5603730790562236,-3.133198627352555,0.6720266864073439,-0.059215904942018394,1.6070587396577998,-0.01035035930434095,
-1.666137353091727,1.4366752713269562,0.2231865348347257,0.1289301863192576,0.33596069197719725,-0.41025400087515557,0.486368397905398,0.8811793612315975,0.24221259493545458,
0.9315538215081399,3.582633830170259e-16,-5.148716173818101e-16,-2.0938940530820473,0.33596069197719725,1.7543073736898431,-0.9361339469805317,-0.20763970640770588,-9.728482535567586e-16,
0.3059996036792027,0.1789549796128175,-0.7661237818840924,0.5089336252350701,0.33596069197719725,-1.6127880978557105,-1.6096849795376376,0.5182396720184964,-0.04008001847204389,
1.0212226121815562,-1.1818289995079434,0.36556030568380393,0.9519175777595053,0.33596069197719725,0.7922800961053993,-1.0127265922059925,0.8811793612315975,1.1289609914745877,1.0
-1.666137353091727,1.9746066724901716,-1.3593682779749847,0.6522813822132578,0.33596069197719725,-0.771014229969322,0.6079124552486052,-0.5705793956208071,-0.539313607129752,
2.218195675381166,-0.8885058745291958,-1.0143436077569696,0.9190250266869588,0.33596069197719725,0.0707596379170664,-1.1498694545107968,-1.2964587740470093,0.06972362126012897,
-0.2276039266196616,-0.7358943149507494,0.8299019636169076,-0.7508279928689443,0.33596069197719725,-0.8912676396673775,-0.49176902668786604,0.5182396720184964,0.062121971741315216,
1.142167260464212,1.6312926321125938,-1.0963755222085494,1.0940325354805722,0.33596069197719725,1.0327869155015104,-1.0798394661650443,-1.6593984632601104,0.14414234573577922,
-1.215947058125218,-0.5202592754614888,-5.148716173818101e-16,-0.31032579115730047,0.33596069197719725,0.31126645731317737,0.08921482884264573,-1.2964587740470093,-9.728482535567586e-16,
0.598320619344258,1.7292389380075124,-1.5065675605742996,-2.869517949171395,0.33596069197719725,-1.3722812784595995,0.8304621412095717,1.6070587396577998,-3.5186345122534815,
-1.2307775749253411,-0.14390014456866398,1.4724374233743083,0.9563014060436231,0.33596069197719725,1.0327869155015104,-0.7617731660916188,0.5182396720184964,1.950197395763339,1.0
-0.7591230363822559,-0.5128966176522863,-0.8165070624411318,1.3032101196072918,0.33596069197719725,-0.530507410573211,-1.135224998459405,1.6070587396577998,0.5291896102599107,
-3.1200591762375035e-16,-1.5057764635227033,-0.1781442484576651,0.5064009027507645,0.33596069197719725,0.1910130476151219,0.706877638599811,-1.6593984632601104,0.22789728107495194,
-0.283692204633304,1.021071082318096,0.46448103428795623,-0.6291160428685438,0.33596069197719725,-0.8912676396673775,1.0752464909977524,0.5182396720184964,-0.2334707022702317,
0.16432581783884262,2.139458218144175,-0.5742877956329744,-0.5415385915511003,0.33596069197719725,0.43151986701123285,-0.12142659713713615,-0.20763970640770588,-0.8575935522716467,
0.8807708933504617,0.13534407212746855,0.2474351723111254,0.07896137322785549,0.33596069197719725,-0.8912676396673775,0.137749332205632,-0.9335190848339081,0.24632432404737942,
0.4697801375409759,3.582633830170259e-16,0.7482336228776024,1.124212104231064,0.33596069197719725,-1.1317744590634884,-1.6278293457553774,-1.2964587740470093,1.6039763906116458,1.0
0.09075967769542294,-0.8254674923919193,1.194895322762704,-1.01682395209081,0.33596069197719725,0.9125335058034548,-1.2229032010741525,0.5182396720184964,0.1776600654278178,
0.3262782488355169,0.5009016623242974,0.9988245294329481,0.9082733874157588,0.33596069197719725,-1.6127880978557105,1.6468261863955944,1.2441190504446986,1.3720630925739052,1.0
2.5640391202902215,-0.5765697537650253,-0.11802290885903594,-0.40593462712096784,0.33596069197719725,-0.0494937717809891,1.6089905901605275,1.2441190504446986,-0.5332090572165886,
-0.13761854257688005,1.8010800479518196,-0.08883104282791812,0.8621486007800957,0.33596069197719725,-1.733041507553766,0.3417375311456668,0.0,0.6109041714754093,
0.1463949804030357,-0.4794686231755018,-5.148716173818101e-16,1.2074824609986516,0.33596069197719725,-1.1317744590634884,-0.8047078865834089,1.6070587396577998,-9.728482535567586e-16,
-3.1200591762375035e-16,0.19840601850026354,1.1824618574315178,-0.016647462735811885,0.33596069197719725,1.5138005542937323,-0.49516204932683233,0.8811793612315975,0.9232483968230063,1.0
1.1392506045759283,1.0787931390154264,-0.9875790631722191,-0.18222803382526057,0.33596069197719725,0.43151986701123285,1.1271244839706103,-1.2964587740470093,-0.9730315145633383,
1.228723922943455,1.6668721609016863,-5.148716173818101e-16,0.8472842341004428,0.33596069197719725,-1.3722812784595995,0.9524087341849381,-1.6593984632601104,-9.728482535567586e-16,
0.6268147692585432,2.0825309787829838,-0.30738882154206554,0.2276740100603228,0.33596069197719725,-0.2900005911771001,-0.20205307919837073,0.8811793612315975,-0.027033580490279353,
-1.329126364558279,-1.5032937898119691,-0.07573281250559648,0.5721546631999594,0.33596069197719725,-0.0494937717809891,-1.0334404863786517,-1.2964587740470093,0.48952796411032484,
1.7187712394803372,1.1087936785997952,-1.3442896520094236,0.43484760473267997,0.33596069197719725,-0.771014229969322,0.5505277184147231,-0.5705793956208071,-0.6996364668232761,
-1.332793454393876,-0.047058143135310745,-0.39640672860097625,-7.209671949983916e-16,0.33596069197719725,-1.4925346881576549,-1.4373919357738738,-0.5705793956208071,-9.728482535567586e-16,
0.2578589425246836,0.1309129778847672,1.4724374233743083,0.9592108604045501,-3.133198627352555,-1.6127880978557105,2.6356663458813947,-1.2964587740470093,1.4777636864479151,1.0
-0.9023900058068938,0.25324345856065394,0.7525460543701729,-0.7750607445627798,0.33596069197719725,0.0707596379170664,0.20273470721091638,0.0,-0.06823772217414814,
-0.1447755295545885,-1.1602014759398027,-5.148716173818101e-16,1.2582649495177558,0.33596069197719725,0.31126645731317737,0.5578812417334171,0.5182396720184964,-9.728482535567586e-16,
0.28654040339704695,0.5813104350351647,1.4724374233743083,-0.5508156856435561,0.33596069197719725,0.31126645731317737,2.0509414379173325,0.15529998280539523,0.518294916220686,
0.2784111787245647,-0.793440747575179,1.3444752374203897,0.6834658916836752,3.851540552412827e-16,-1.1317744590634884,-1.0706005434156247,1.6070587396577998,-9.728482535567586e-16,
0.38880713951270923,-1.2500262911004418,-0.33537895401300083,-0.4296944764433234,0.33596069197719725,0.31126645731317737,-1.3885266242193874,0.15529998280539523,-0.49110151908745187,
1.6971228624050292,0.9177169484103306,0.912758659583996,-0.3243216016229365,0.33596069197719725,0.0,-0.7459421075666406,-0.5705793956208071,0.4891842198770717,
0.4235116454193086,0.9819456558059729,-0.9152049218794135,-0.3457784517111589,0.33596069197719725,-1.011521049365433,-1.129550386376873,-1.2964587740470093,-0.8808861933926746,
-0.3423947877899337,1.3148186316380486,-0.4640366971422048,0.7154596642325114,0.33596069197719725,0.9125335058034548,0.5969129198939886,-0.20763970640770588,0.18935512661480533,
0.9839829150431201,-0.3436229490721874,1.4724374233743083,0.28961618596551575,0.33596069197719725,0.9125335058034548,0.0,-0.9335190848339081,-9.728482535567586e-16,
1.2314026909169318,1.938533704836293,-0.23386844754057282,1.0741116118632459,0.33596069197719725,-0.16974718147904458,-0.8748860304767757,-0.9335190848339081,0.7644689846675102,
-1.422001165996991,-0.08683189187899899,-2.086572051889788,-0.3530586520593278,0.33596069197719725,1.6340539639917877,-1.3409858468832305,-0.5705793956208071,-1.7561835185842496,
0.5814436346059403,1.5929265127614478,0.007779063904851099,0.588366780633263,-3.133198627352555,0.31126645731317737,-1.0597781301196416,-0.20763970640770588,0.34868824281102095,
0.6953624964349897,1.3603042196247024,-0.009942376053127859,0.7271395333334868,0.33596069197719725,-1.011521049365433,0.09724770290086242,-1.2964587740470093,0.5796247856605681,
-0.4010234178524187,-0.5847262661632038,1.4705459625896236,-1.000424669128043,0.33596069197719725,-0.6507608202712666,-0.26169951443267936,0.15529998280539523,0.32692439197974593,
1.4358479422749455,-0.5163762899538931,0.09779352200327372,-0.08727780795669834,0.33596069197719725,-0.8912676396673775,-1.1979465182835758,0.15529998280539523,0.0991719644616718,
-0.23909317610107297,0.14384450603197424,-0.40760534481383565,0.1167233863995938,0.33596069197719725,1.0327869155015104,-0.3526921682986113,0.8811793612315975,-0.18126634750503334,
0.0634882992833098,2.3201095148435678,1.2927974065967875,-0.21240760257575322,0.33596069197719725,-0.16974718147904458,-0.6715145120635677,-1.2964587740470093,0.8614226234657527,1.0
-0.26435978520998593,-0.4312807464498239,0.2212147722452575,-0.31032579115730047,0.33596069197719725,0.31126645731317737,-1.0807401710209559,0.8811793612315975,0.0030475805926069572,
-0.057263908267765125,0.26664430603476186,-0.7883951069362993,0.5744905983304973,0.33596069197719725,-1.252027868761544,-0.5381273970056355,0.8811793612315975,-0.08449198655222073,
-1.2778276127156531,3.582633830170259e-16,1.420262143551843,-0.6932338508254177,0.33596069197719725,-0.16974718147904458,-0.5962496377818375,-0.5705793956208071,0.5628089548264222,
-1.6552154783420228,-0.46899123234663237,0.30570113831273255,0.6264414211524765,0.33596069197719725,0.7922800961053993,0.4711266170984459,0.5182396720184964,0.7085189605815679,
1.6760388037917362,1.8456157896454075,0.08456437897041708,1.2712211234845525,0.33596069197719725,1.1530403251995658,0.5518567465326965,0.5182396720184964,1.0573336622030864,1.0
-1.0041376646449272,3.582633830170259e-16,0.287436869535287,0.3060154689282819,-3.133198627352555,0.7922800961053993,0.051933993529614086,-1.6593984632601104,0.24777825120133556,
-1.1626901512704004,0.3510035808827361,-1.1601478117492994,0.40952273596130895,0.33596069197719725,0.0,0.3625665635714721,-1.6593984632601104,-0.5668180774338196,
-1.666137353091727,0.5334871924428198,-0.5305833082418917,-1.6668448755251528,-3.133198627352555,0.7922800961053993,-1.080072133023749,0.8811793612315975,-1.8825406939035054,
-0.775801271232408,1.02455092153815,0.08532567376419734,1.0166657458083836,0.33596069197719725,-0.6507608202712666,-0.9625825938188719,0.0,0.9658070760986515,1.0
-1.5268187256858934,0.2764289269908978,-0.14451866660475424,-0.4296944764433234,0.33596069197719725,1.2732937348976212,0.7298914603642928,-0.9335190848339081,-0.5063016657392561,
1.7281941163338326,-0.756951105943954,1.4724374233743083,0.41805244909799216,0.33596069197719725,-0.0494937717809891,-0.4285265329939431,0.15529998280539523,1.4893373732736022,1.0
1.0341839981846506,1.783914242051934,0.33322974479288453,1.5524992191459974,0.33596069197719725,-1.1317744590634884,1.4262731225362095,0.8811793612315975,1.4071859819209656,1.0
-0.8297991967742135,-1.7864166226159395,1.072337237278132,0.37447829110510833,0.33596069197719725,-0.771014229969322,1.0263697909309184,-0.20763970640770588,1.0421544865969214,1.0
2.3982975596575002,-0.2403136240643033,0.09206490844921375,0.6607150881836245,-3.133198627352555,-0.6507608202712666,0.2794155056692769,-0.20763970640770588,0.37016562987002133,
1.00338970006622,-0.0324205930910755,1.3058200429722762,0.025713638646236266,-3.133198627352555,0.9125335058034548,-0.7985874055762814,-0.5705793956208071,0.8545514182379932,1.0
-0.4309573667173196,0.7460046581905555,0.5420608848029514,-7.209671949983916e-16,0.33596069197719725,0.1910130476151219,-1.7814594639899177,-0.5705793956208071,-9.728482535567586e-16,
-1.666137353091727,-0.5912407268341546,0.09673159605543102,0.8355318917261115,0.33596069197719725,-1.733041507553766,-0.6235692388321996,0.5182396720184964,0.8022608548924881,
2.4405692579129026,0.7250267784174683,0.06577179741766559,-7.209671949983916e-16,0.33596069197719725,-0.16974718147904458,-0.22673832095527854,0.15529998280539523,-9.728482535567586e-16,
-1.599801624752336,0.21945200992275202,-1.0253924618480588,0.6065069075451504,0.33596069197719725,-1.3722812784595995,-1.1448521563703358,0.8811793612315975,-0.19202543677414582,
-1.666137353091727,0.7257920633999768,0.6688839565476596,-2.5963910196592654,0.33596069197719725,1.5138005542937323,-1.2178699396179336,0.15529998280539523,-1.499125470065085,
1.0481842763569857,1.0445704919774654,0.034559169653809785,-7.209671949983916e-16,0.33596069197719725,-1.6127880978557105,1.0549221200078358,1.6070587396577998,-9.728482535567586e-16,
2.6039287097567114,0.5913137266805045,-0.5008313115386636,-0.9685877691079945,0.33596069197719725,-1.4925346881576549,-0.7668059979054324,0.5182396720184964,-1.0992451563991084,
1.4452514734699875,1.1493881296825057,1.3639903404891385,0.19110310040044495,0.33596069197719725,1.5138005542937323,-0.5547618531774239,0.0,1.2331322964007903,1.0
0.5446781664723412,0.37753215822432795,-1.3683131740410674,0.37745714544878106,0.33596069197719725,-1.011521049365433,0.8296858320101359,1.6070587396577998,-0.7852699066747818,
0.5785392250311687,-0.790190311698209,-0.408664542959648,0.057197686281818136,0.33596069197719725,1.7543073736898431,0.9032912936637916,0.0,-0.3247971925854495,
0.8624905848086912,-0.9703203169630934,1.272696640457308,-0.2501696157474915,0.33596069197719725,0.0,1.8779061484336423,0.15529998280539523,0.6237642166142843,
-3.1200591762375035e-16,0.5174483341950381,0.44698550100211265,0.08324495518780232,0.33596069197719725,-0.16974718147904458,1.8830959363016535,-1.6593984632601104,0.26924104461924364,
0.23431824807671434,-0.9057411933546066,0.025684991443279653,-0.3457784517111589,0.33596069197719725,-0.41025400087515557,0.5638785864124531,-0.9335190848339081,-0.2972262356406275,
0.04002301279960015,-1.5966703088958456,0.3721824975839238,0.007158844557521393,0.33596069197719725,0.43151986701123285,0.12270351120947151,0.8811793612315975,0.28360796849101305,
-0.1430792298384649,1.9994484700864388,-5.148716173818101e-16,-0.20020080265608944,0.33596069197719725,1.6340539639917877,1.1404307939914007,-0.9335190848339081,-9.728482535567586e-16,
-0.9020483116459536,2.2973542557589934,-1.6772280223569038,0.30925593988911065,0.33596069197719725,0.31126645731317737,-0.003092077960737061,-1.6593984632601104,-1.011281648933252,
-0.3824837553520311,-0.9143414174436573,-0.3237579242370745,-0.5988614764834357,0.33596069197719725,-0.0494937717809891,-0.7640450446530047,-0.9335190848339081,-0.6662835946446054,
-1.666137353091727,-0.46334434386011686,1.4724374233743083,1.6713119632252682,0.33596069197719725,1.6340539639917877,1.9168608916172252,-0.5705793956208071,2.327464501913457,1.0
-0.18232077939040978,-0.7670961902540119,-0.6832403172151822,0.16061174485999086,-3.133198627352555,1.6340539639917877,0.029256817767046757,0.8811793612315975,-0.601873071733563,
-1.1596150224569144,0.46247821033862624,-0.2878622674654576,-0.7874539150257225,0.33596069197719725,-1.733041507553766,-0.7439056649652208,0.0,-0.7933576603602535,
-1.2858569789593295,-0.8119429647033798,-0.5467764628930474,-7.209671949983916e-16,0.33596069197719725,1.1530403251995658,-0.7234585364340503,-0.5705793956208071,-9.728482535567586e-16,
0.12311681371155352,-0.5738666784723901,-0.019712340517838756,1.022059366301373,0.33596069197719725,1.2732937348976212,1.3324682317070047,0.5182396720184964,0.7180391112702758,
1.4537366763400716,0.8782295161975959,-0.5948934547263877,-2.5963910196592654,0.33596069197719725,-1.4925346881576549,-0.6556923930483336,-1.6593984632601104,-2.4966015792855507,
0.933737217045323,-1.1959353881728703,0.645494214105185,0.5603730790562236,-3.133198627352555,1.1530403251995658,0.901248368830368,1.2441190504446986,0.6604029553071604,
-1.666137353091727,0.10967511344839471,0.3099348142353442,0.2694894467036572,3.851540552412827e-16,-0.0494937717809891,0.5673924264219707,0.0,-9.728482535567586e-16,
-1.160753445592234,-1.250690924531854,0.978013725891741,-0.9084315936981856,0.33596069197719725,-1.3722812784595995,-0.48977255912972034,1.2441190504446986,0.046315460643975605,
0.9583872560393704,-0.9637233007295538,-1.1372763304417361,0.8863332167430376,0.33596069197719725,-0.0494937717809891,2.068069343981353,-0.9335190848339081,-0.2918690845646888,
-1.1529145290496563,-1.3303676087846803,-0.31341455895231696,-0.17046352503934453,0.33596069197719725,-0.6507608202712666,1.1473886222290328,-0.20763970640770588,-0.4554993522888603,
-3.1200591762375035e-16,-0.15030353236568011,-0.18052801914079397,-0.3981667506405665,3.851540552412827e-16,-1.1317744590634884,-1.430209292342586,-1.6593984632601104,-9.728482535567586e-16,
0.5294662997410324,0.08394076964464438,0.6094435230378681,0.9144346078691964,0.33596069197719725,-0.2900005911771001,1.2660618584614114,-0.9335190848339081,1.111417586180562,1.0
-1.137388789579645,-1.6716198560988422,-0.8384789394713162,0.47008712706877565,0.33596069197719725,-1.011521049365433,-0.1903660056447028,-0.20763970640770588,-0.23304814599515916,
0.041312240089470785,-0.23607269378887505,1.1427699096166544,1.1253962574646716,0.33596069197719725,1.2732937348976212,-1.0241867308573498,0.0,1.8576892876569888,1.0
-1.5388236460551705,-1.3422760368688325,1.456687824585955,0.45130229446641035,-3.133198627352555,1.7543073736898431,-0.701795853529503,0.8811793612315975,1.3058564354548252,1.0
-0.7345314705442076,2.3680277700349674,-1.06531449869999,0.6996203929495521,0.33596069197719725,0.0,0.7405827822207699,-1.6593984632601104,-0.2887275840074626,
0.2766818770752769,1.05844700059921,-0.487940002762318,0.937131433092135,0.33596069197719725,-1.733041507553766,-1.5205798535859787,-0.9335190848339081,0.5101412374104135,
-3.1200591762375035e-16,0.2904773986534684,-5.148716173818101e-16,-1.8761342768429976,0.33596069197719725,0.7922800961053993,0.0,-1.6593984632601104,-9.728482535567586e-16,
-3.1200591762375035e-16,1.1180094467638726,1.4724374233743083,0.781337725761159,0.33596069197719725,-0.530507410573211,0.1806774655900994,-0.20763970640770588,1.7376057100419553,1.0
-0.0959240196079912,-0.4234212814546181,-0.4172488935314817,0.4152191586205194,0.33596069197719725,-0.16974718147904458,0.6301090063138539,0.8811793612315975,-0.020861868747432503,
0.5321425121295361,0.8567176452763994,1.4724374233743083,-1.6668448755251528,0.33596069197719725,-1.1317744590634884,-0.016317501439390432,-0.5705793956208071,-0.229662464356673,
0.1714407725347095,-0.9337028943422975,-1.387345648668919,-7.209671949983916e-16,0.33596069197719725,-1.252027868761544,-0.5885827775908151,1.2441190504446986,-9.728482535567586e-16,
1.42315067627929,-0.19847838941110946,-1.0662172195325266,-1.5312409110950211,-3.133198627352555,0.43151986701123285,-0.7176378209782687,0.15529998280539523,-2.2048647452381362,
0.06310193709086107,-1.0288802406007334,-0.7148688770883738,0.6875347568330366,0.33596069197719725,1.2732937348976212,1.606212361129183,0.15529998280539523,-0.09880143937942969,
-0.5457560774943852,3.010514203626958,-0.8993098316440388,0.26608593271248354,0.33596069197719725,0.43151986701123285,-0.1577032975132153,-0.20763970640770588,-0.44664586180930527,
0.05988875526872904,-1.6052870764036318,-0.22942647839459776,1.3645196678770015,0.33596069197719725,1.3935471445956769,-0.7149882940262254,1.6070587396577998,0.9909107745765101,1.0
0.5220518625147557,-1.3110241053466727,-0.7405767608482177,-0.8390100899481893,0.33596069197719725,1.2732937348976212,-0.8077497148873483,-0.20763970640770588,-1.172454057249094,
-0.020728892433480313,-0.9017775418050705,-0.868762607692972,0.39800854435813976,0.33596069197719725,-0.2900005911771001,-1.4492878066367534,0.5182396720184964,-0.2195343983144897,
-0.029805697688569485,1.518758456639922,1.4242903622249627,-0.7044303993418934,0.33596069197719725,-1.011521049365433,-0.2598770695556254,0.8811793612315975,0.5314699668027755,
-0.8449938521790569,-0.29890963243060586,1.4724374233743083,0.4152191586205194,0.33596069197719725,-0.8912676396673775,-0.5521780412107734,0.5182396720184964,1.496350664178414,1.0
-0.8020810510537484,-0.7996110473335781,1.1817748391418164,0.6565091881126003,0.33596069197719725,-0.16974718147904458,0.8354766987148348,-1.6593984632601104,1.3675733530183503,1.0
-1.6141086892322407,0.6884541578888536,0.6886900515171918,0.6565091881126003,0.33596069197719725,0.43151986701123285,-0.15736706871586795,-1.6593984632601104,1.0696312857392245,1.0
1.8462723427787762,2.8680865261408828,0.1886972289845654,0.879954112025998,0.33596069197719725,0.43151986701123285,0.41456819523299704,1.6070587396577998,0.8295934432628519,1.0
-1.4398459311938892,-0.5741843739898117,-0.4950792761301238,0.9849370701598946,0.33596069197719725,0.9125335058034548,-0.8097659432416713,0.15529998280539523,0.48994719789922436,
-0.8350189466908567,0.8859392643297987,-1.0239071451535608,-1.5630778111150694,0.33596069197719725,1.2732937348976212,-0.2583409566623492,-0.9335190848339081,-2.0141676722417268,
-0.8630144340009785,1.0722722918916594,0.5020248432653749,-0.2437526898587422,0.33596069197719725,-0.41025400087515557,-0.6068998906573927,1.2441190504446986,0.23351665184336723,
0.9080578541965187,-0.8107318205959696,-5.148716173818101e-16,0.5768198306250499,0.33596069197719725,0.9125335058034548,1.5240806352114038,0.5182396720184964,-9.728482535567586e-16,
-0.3981540306650114,-1.3098922823231198,-1.0711677626055989,0.15671851486605884,0.33596069197719725,1.3935471445956769,0.8195944246768875,-1.2964587740470093,-0.7386424697268713,
-3.1200591762375035e-16,-0.734501985543714,1.4178456265070567,-0.8000392353055601,-3.133198627352555,-0.771014229969322,1.25201148871164,-0.9335190848339081,0.11632735612008767,
-0.8137061475743556,0.39920244802933186,1.4724374233743083,0.279615194190387,3.851540552412827e-16,-0.16974718147904458,-1.0034205671757088,0.8811793612315975,-9.728482535567586e-16,
0.23190615295320996,-0.11397317556975588,0.5371536386090183,-0.07161680326008948,-3.133198627352555,-1.1317744590634884,1.6518163754932331,-1.6593984632601104,0.01035326575115377,
-3.1200591762375035e-16,-0.43819261914168434,1.3639849858363235,-0.11407023665585073,0.33596069197719725,-0.0494937717809891,0.20884673229640646,-0.20763970640770588,0.9285776505541563,1.0
2.280521117088886,3.582633830170259e-16,-0.20386149400423478,0.8654151520602144,0.33596069197719725,-0.2900005911771001,-0.8697637523663276,1.6070587396577998,0.6177979697101037,
-1.378079922003368,-0.9064501848186746,-1.4697110990367013,-0.06646290088151717,0.33596069197719725,-1.011521049365433,-0.12350621587249037,-1.6593984632601104,-1.1495663475485949,
0.26574671212320233,3.582633830170259e-16,0.7909163623988191,-2.3923898253029736,0.33596069197719725,-0.530507410573211,-1.754385165936527,1.2441190504446986,-1.2013470417170165,
0.621377124003305,-0.38959717995916154,0.7411991518172073,-1.8297366833159467,0.33596069197719725,-0.6507608202712666,-0.044828973985089796,0.5182396720184964,-0.9120657112395774,
0.3798914021125523,-0.25080447746925494,0.16426369674271618,0.9919408832187937,0.33596069197719725,-1.733041507553766,-1.5384426550078225,-0.20763970640770588,1.0487952597019077,1.0
-0.2777700014087108,-1.7793652140126708,-0.1998351032136361,-7.209671949983916e-16,0.33596069197719725,-1.011521049365433,0.8234797523635184,0.15529998280539523,-9.728482535567586e-16,
-0.21687985851288014,3.582633830170259e-16,1.1967472663367809,0.5791423984404118,0.33596069197719725,0.31126645731317737,1.9345317899080088,-0.9335190848339081,1.233526607006626,1.0
-0.026271108547188,1.4940576196914181,-1.061674816068781,-0.18817485088191763,3.851540552412827e-16,0.9125335058034548,-1.036547969079335,-0.9335190848339081,-9.728482535567586e-16,
-0.23574103178912606,1.3355017173178174,-0.8159397235357726,1.2878576639210524,-3.133198627352555,-1.4925346881576549,-1.328765419156117,0.5182396720184964,0.3126904838951574,
0.9837545216831606,1.1673692308176857,-1.0876143483651763,0.523966219617733,0.33596069197719725,-0.771014229969322,-0.09089304621839259,0.5182396720184964,-0.38521008452114947,
2.3522868057049733,1.0165421695395096,0.17968866610103154,0.9592108604045501,0.33596069197719725,1.6340539639917877,1.8019501439026575,0.5182396720184964,0.7825251385855923,
-0.6863657271547013,-0.04983714417336535,-1.1801178502360379,0.7574883726294127,0.33596069197719725,-1.252027868761544,-0.7987304896443009,-1.2964587740470093,-0.21278155532811838,
-1.5780992109511516,1.1148662161082052,-0.7121299957450631,-0.1474339833665073,0.33596069197719725,0.9125335058034548,-1.559401128607811,-1.2964587740470093,-0.5344643017845789,
-0.17127983901692687,-0.7702376477547688,-5.148716173818101e-16,0.10848233188324298,0.33596069197719725,1.0327869155015104,-1.1146779494768952,-0.20763970640770588,-9.728482535567586e-16,
2.7575696823016003,1.3120930233045067,-0.22097407537397082,-0.8258108251809836,0.33596069197719725,0.0,-0.5116464655835701,-0.5705793956208071,-0.7913401616610684,
-0.9566185959671155,-0.6225401749334687,-1.6432717563144386,-0.40593462712096784,0.33596069197719725,0.0707596379170664,-1.1263664168327299,0.5182396720184964,-1.480101419551098,
1.7250123801416972,0.9122320240379816,0.18227645378529167,0.786743318863057,0.33596069197719725,0.0707596379170664,-1.3669008062894286,-0.9335190848339081,0.8833655149610379,1.0
1.767368871922829,0.6274661506655711,1.4724374233743083,1.111071116914569,-3.133198627352555,-0.41025400087515557,1.7388357037894848,-0.20763970640770588,1.6682166042578432,1.0
-0.6820805218181519,-0.25785882831134366,0.23825909457138705,0.6607150881836245,0.33596069197719725,0.31126645731317737,-1.1923981616618133,-1.2964587740470093,0.8105075218853849,
0.5502482229783631,-1.6742373603243927,1.4724374233743083,0.07465506658886584,0.33596069197719725,-0.530507410573211,-1.195363212447155,-1.6593984632601104,1.2690355801149305,1.0
1.7132440509754276,1.8284852998422267,1.4724374233743083,-1.471084735685212,0.33596069197719725,0.1910130476151219,-0.7706056861242089,1.2441190504446986,-0.01439644232340609,
-0.4905624544419096,0.4899080189024741,0.9828685836797892,-1.8297366833159467,3.851540552412827e-16,-1.011521049365433,-0.7204874615290048,0.0,-9.728482535567586e-16,
-0.2978512391167763,-0.09689410707169849,0.16776190455272916,-0.1588670864228138,0.33596069197719725,-0.0494937717809891,0.0,0.8811793612315975,-9.728482535567586e-16,
-0.7129199053619528,0.21704102160074246,0.10725872476279477,0.07032579287254291,0.33596069197719725,-1.1317744590634884,0.0,0.5182396720184964,-9.728482535567586e-16,
-1.1883389435264553,-1.4101991639165024,0.9667121958204363,0.4037860555642129,0.33596069197719725,-1.1317744590634884,-1.419289426356011,-1.6593984632601104,1.1701347042078252,1.0
-0.7871256774380179,-0.9151385661433207,-0.3729260821500016,-3.6133049452406936,0.33596069197719725,0.31126645731317737,0.05955444781840368,1.6070587396577998,-3.205988278394687,
-1.4179750295716256,1.304182130401891,-2.101399566398305,1.6892318277710263,0.33596069197719725,0.43151986701123285,0.015358717033258494,0.5182396720184964,-0.21600362763015932,
-0.036950250611819044,1.831662731681464,0.6515955526906038,-0.18817485088191763,0.33596069197719725,0.5517732767092883,-0.7009422563227824,-1.2964587740470093,0.398637405574707,
-0.9196221704922879,-1.0641247554332012,-1.230175135322719,0.9693126054992003,0.33596069197719725,0.43151986701123285,-0.9404396295154037,-0.9335190848339081,-0.06845143542950373,
0.1822777458545139,0.21242239928756024,-1.0343227646116462,0.23833154036409016,0.33596069197719725,-1.6127880978557105,0.579227615659738,-1.6593984632601104,-0.6266273170426587,
-1.666137353091727,-0.0033115310702997885,0.08143169144054847,-1.1419537467098653,0.33596069197719725,-1.4925346881576549,0.0,0.5182396720184964,-9.728482535567586e-16,
0.28886529159673763,3.582633830170259e-16,-0.029114574798564746,0.8355318917261115,0.33596069197719725,-0.16974718147904458,0.5758462926201721,-0.9335190848339081,0.6168671682883516,
0.8406596107989655,-0.49001267079644145,-1.5559711988513318,0.628626447768416,0.33596069197719725,0.7922800961053993,-0.8201871817356251,0.15529998280539523,-0.5995650972577828,
-1.666137353091727,0.8041124057464545,0.2730409513237235,0.22049045080967727,0.33596069197719725,1.1530403251995658,0.9901341769680901,0.5182396720184964,0.31610329614447574,
0.33626311921804974,1.0465842071318032,1.2013025964448636,0.19110310040044495,0.33596069197719725,-1.3722812784595995,0.9661103878626919,-0.9335190848339081,0.995697935801348,1.0
1.273335985537141,-0.1230212635996769,-1.2270134155794143,-1.471084735685212,0.33596069197719725,0.7922800961053993,1.7883245867744078,0.0,-2.247247091769082,
-1.4022776978306808,0.8433648692300707,1.4724374233743083,0.5089336252350701,0.33596069197719725,0.1910130476151219,0.3174052338565764,1.2441190504446986,1.5067706741398075,1.0
1.7617390217883497,-0.8834345189480678,-1.7276709905737713,1.1725166507217193,0.33596069197719725,1.5138005542937323,-0.7751661787468279,1.2441190504446986,-0.29238027960778096,
0.3856216816750868,1.1929154589252657,1.4724374233743083,-1.4150806762219947,0.33596069197719725,-1.1317744590634884,0.04276020375172109,0.5182396720184964,-0.030276055528576477,
-0.8483093117063625,-1.2791378052387525,-0.39563828183464583,-0.5054554557052086,0.33596069197719725,1.5138005542937323,2.101294033568799,-0.20763970640770588,-0.8606597751462752,
-0.13558797016310267,1.1672736732256364,-5.148716173818101e-16,1.1394729726120767,0.33596069197719725,0.43151986701123285,0.08474750112384342,-0.5705793956208071,-9.728482535567586e-16,
0.538550168481131,3.582633830170259e-16,-2.1124286151454283,-0.4296944764433234,0.33596069197719725,-0.771014229969322,-0.5847339127819089,-0.5705793956208071,-1.8946943636164082,
0.009070514374152355,0.39660039900400984,0.009132250707823229,0.5038602531096108,0.33596069197719725,-1.3722812784595995,-0.2818723306487209,-1.6593984632601104,0.44180629617846556,
0.5170657363367381,-0.14787305472616108,0.34607150099044076,0.23833154036409016,0.33596069197719725,-1.011521049365433,-0.2493794793729201,-0.5705793956208071,0.4790416577034546,
-1.0850569936637917,-0.6653397061164301,-0.018723244493482772,-7.209671949983916e-16,0.33596069197719725,-1.3722812784595995,-0.24806142710642545,0.5182396720184964,-9.728482535567586e-16,
0.11155360917966857,0.798110712635819,-0.571657289090572,-0.04616842139120011,0.33596069197719725,0.0,-0.13488788558688158,-0.20763970640770588,-0.45353094750481926,
-1.6263040991584146,-1.4674796497684723,-1.0162633172763642,-0.38285050572730356,0.33596069197719725,0.7922800961053993,1.453369058525552,1.2441190504446986,-1.181695101452005,
-0.19646716227335734,-0.6800170363836093,1.3918908328010233,-1.9777338182090214,0.33596069197719725,1.7543073736898431,-0.05048575995847777,-0.5705793956208071,-0.5396693346998928,
-1.0666517808065192,0.565218450879111,0.1168894657057909,0.707578661572889,0.33596069197719725,0.9125335058034548,-0.6915563017671171,-0.9335190848339081,0.7190200895962353,
-0.8818112504593959,-0.6172558565244445,1.4724374233743083,0.7115287272638802,0.33596069197719725,0.0,-1.503248494245449,0.15529998280539523,1.80783513145626,1.0
1.2825838278302626,-0.4830596576338649,-0.5292251765671366,0.5411594744229268,0.33596069197719725,-0.6507608202712666,-0.3796096750313357,-0.5705793956208071,0.072471252739431,
1.1236448663209198,0.045011649467928704,-0.4229236193944169,-7.209671949983916e-16,0.33596069197719725,-1.1317744590634884,0.07870630518628663,-1.2964587740470093,-9.728482535567586e-16,
0.5943293528285588,-0.061322329963644236,1.0267620756610107,-0.5793006047228385,0.33596069197719725,-0.8912676396673775,0.17415563369210996,-0.20763970640770588,0.29965670823178275,
-1.2734778814511856,-1.2981044614896289,-1.8004853414140154,-2.5963910196592654,0.33596069197719725,-0.0494937717809891,1.2270920374030703,-0.5705793956208071,-3.5495024611413433,
-0.4217108954587897,-0.344058895071748,-1.3257025813180363,0.8637835195557109,0.33596069197719725,-0.2900005911771001,1.7861091379372922,-0.20763970640770588,-0.43131508910306265,
1.2573400107112038,0.2899570704915127,1.3535827486048853,0.13696725096252546,0.33596069197719725,1.6340539639917877,-0.5797322481323188,1.2441190504446986,1.1833163308745247,1.0
0.08120686437536018,0.929263311765077,-1.277553865254985,-0.36040473746882823,0.33596069197719725,1.5138005542937323,-0.21531138414316672,-0.5705793956208071,-1.2354050197518087,
2.4717317107944132,1.636288849383112,-5.148716173818101e-16,-1.3377138865498066,0.33596069197719725,0.7922800961053993,0.07713100588935101,0.15529998280539523,-9.728482535567586e-16,
0.3574076253015539,0.48724231213989133,1.4724374233743083,-1.7442116651973418,0.33596069197719725,-1.6127880978557105,-0.5846673653439316,-0.5705793956208071,-0.24952074435999608,
0.13646020926910293,-1.6550982676746173,-1.5348031443606576,-0.23106904277874923,0.33596069197719725,0.5517732767092883,0.14574977837763148,-1.6593984632601104,-1.3522978826734795,
-0.41370594899209173,2.5431545670098745,0.2946378352551141,0.8539242457483563,0.33596069197719725,0.0,1.5682643273673607,0.0,0.8017508933122083,
0.07223146072355349,0.5737879042736868,0.16126857930424857,1.2010400708514837,0.33596069197719725,-0.0494937717809891,0.0,0.15529998280539523,-9.728482535567586e-16,
-3.1200591762375035e-16,-0.48396259297295824,-3.1651138249944215,1.1206492445345562,0.33596069197719725,-1.011521049365433,0.9327383798870611,0.8811793612315975,-1.5493435533797517,
0.7029765795195732,-0.31357296596731654,-0.22875204976183192,1.2064122737669283,0.33596069197719725,1.0327869155015104,-1.0796385994397995,1.2441190504446986,0.8908607276029832,1.0
0.9758760227660321,0.37848528379059887,0.6010569050904202,1.1590061546898187,0.33596069197719725,1.2732937348976212,-0.562950776269982,-0.5705793956208071,1.4407575582257968,1.0
-0.9372043584266212,-0.9711597201038774,0.49195402750657546,0.22049045080967727,0.33596069197719725,0.0,0.9829543071798417,0.15529998280539523,0.482097940179279,
-1.5357580689061405,-1.0671304219957507,1.1287029176386632,-0.6712936801526964,0.33596069197719725,-0.6507608202712666,0.0,-0.9335190848339081,-9.728482535567586e-16,
-1.666137353091727,-0.17362422585199236,-0.3680806589292448,0.8355318917261115,0.33596069197719725,-0.0494937717809891,-0.7563650692718019,1.2441190504446986,0.4609518201110739,
0.48329311008505793,2.570623235941541,0.9072410150868799,-0.6932338508254177,-3.133198627352555,-1.252027868761544,0.2081758823431598,0.8811793612315975,-0.10454634496253855,
-1.2856124927395183,3.582633830170259e-16,-0.7180276711892082,-0.4879980753981608,0.33596069197719725,1.3935471445956769,0.9782988199387801,-1.6593984632601104,-1.0056602254865963,
-1.666137353091727,-1.0398811298560908,-1.5541066830784314,-0.6189053812232888,0.33596069197719725,0.0,0.0,0.0,-9.728482535567586e-16,
0.3522050201380156,-1.7640248781879468,-1.4233984133073159,0.19483523064238606,0.33596069197719725,-0.530507410573211,0.5907232368460218,1.6070587396577998,-0.9567709086691871,
2.6623819628878365,-1.0969035670192973,-1.6139809928224276,-0.31032579115730047,0.33596069197719725,-0.8912676396673775,1.9085507461925186,1.2441190504446986,-1.608993200533146,
-0.08103065382090491,0.29557810366217513,1.2516737152960282,-0.9843501458806243,0.33596069197719725,0.6720266864073439,0.42677649726343747,1.6070587396577998,0.12269408378401843,
0.8461065561097679,-0.5125467596786885,-1.67480601805649,0.04832615647343406,0.33596069197719725,-0.8912676396673775,0.1874676174667035,-0.9335190848339081,-1.235048206631742,
0.015463909587285758,1.1130262486514972,0.3988893407523629,1.04589674664762,0.33596069197719725,1.7543073736898431,0.7466830404839503,-0.9335190848339081,1.0978086354800678,1.0
-3.1200591762375035e-16,-0.9390465841223813,-0.22713722068432562,0.31890045212828444,0.33596069197719725,-1.1317744590634884,-0.6101946747830569,1.6070587396577998,0.13819974515150785,
0.9345713896580181,-0.21237336042148802,-0.0378374561236224,1.0588433830925355,0.33596069197719725,-0.0494937717809891,-0.10781193877276102,1.2441190504446986,0.8425302779605652,1.0
-0.3930217935998555,1.4184339504906363,1.4724374233743083,-0.7750607445627798,0.33596069197719725,-0.0494937717809891,-1.3580449203211942,-0.9335190848339081,0.5933342222479749,
0.21916995463400427,-0.9634952913235915,-0.42713529717336224,-0.9230578794558542,0.33596069197719725,-1.252027868761544,0.5682839771255758,1.6070587396577998,-1.107175377689558,
0.27878507012761056,-0.6923586310349514,0.7902554451809389,0.3315840992082774,0.33596069197719725,-0.2900005911771001,-0.3128839524814994,-0.20763970640770588,0.895034323230192,1.0
-0.8077779848515632,-0.2618407313995728,0.12472254063628675,0.07032579287254291,3.851540552412827e-16,-0.16974718147904458,-0.8114242908433198,0.15529998280539523,-9.728482535567586e-16,
1.0146713646560124,0.19121969094264843,-0.09507681753445216,0.5164847205958265,-3.133198627352555,-0.530507410573211,1.7655365646111938,0.0,9.299426336561694e-05,
-0.2664323068713452,-0.15163664884937425,1.4724374233743083,0.827031951257101,-3.133198627352555,0.5517732767092883,-0.27580560873941296,1.6070587396577998,1.5898939021869585,1.0
-0.9040029744134129,-1.4500740134274686,-1.5899020041783802,0.7232648868470175,0.33596069197719725,0.6720266864073439,0.0,0.8811793612315975,-9.728482535567586e-16,
0.5145999742302004,-0.9853279354517864,1.4724374233743083,1.3051089202337764,0.33596069197719725,-0.41025400087515557,1.0812538256446045,0.0,2.093875113231921,1.0
-1.0606802680365854,-0.43342000912718254,0.8422018206700514,-0.09256601491825099,3.851540552412827e-16,0.5517732767092883,-0.7171912520523726,0.15529998280539523,-9.728482535567586e-16,
-3.1200591762375035e-16,-0.5185254561530794,-0.47478338550597,-0.7272977396159128,0.33596069197719725,-1.733041507553766,2.1152813714128915,-1.2964587740470093,-1.1011381543071064,
-0.084376760051054,1.2982258281414252,1.4724374233743083,0.27625395999770497,0.33596069197719725,-1.4925346881576549,-0.859203638565595,1.2441190504446986,1.4069513972689,1.0
1.1177009130502897,1.8643877470375514,-2.0615042908438936,-1.26708354132892,0.33596069197719725,-0.8912676396673775,-0.13129342168733094,0.15529998280539523,-2.568302373276936,
0.44674484271356635,3.582633830170259e-16,-0.5237578543649329,-0.41377755671017247,0.33596069197719725,0.9125335058034548,-0.8310510339973044,1.2441190504446986,-0.6625522680172533,
-0.10184009498867093,-1.0576839053512994,-1.3199274898961733,-0.7272977396159128,0.33596069197719725,-0.41025400087515557,0.3268045649594238,-0.5705793956208071,-1.605279358207448,
0.8233557819738796,1.5945243052403326,0.5589365956003775,-0.0978888988944697,0.33596069197719725,-0.0494937717809891,0.47195986948134583,-0.9335190848339081,0.3134194696536649,
1.451766461747369,0.08409804293109999,-1.209300904130064,-1.26708354132892,0.33596069197719725,0.9125335058034548,0.8163895041936557,-1.2964587740470093,-1.9955397035920663,
0.5379830520574267,-0.5418486581408863,0.5832611105721123,-2.3068648071843687,0.33596069197719725,1.3935471445956769,-1.5900459078566584,0.8811793612315975,-1.30141962812018,
-0.0630013407269528,-0.16760607441899394,-0.1349800593699708,0.5089336252350701,0.33596069197719725,-1.4925346881576549,0.26982729822151,-0.5705793956208071,0.2954677867349154,
-1.514464867615436,0.4011537842300537,-0.47458506993011,0.4066594635121736,0.33596069197719725,1.1530403251995658,-0.3149632768868747,-1.2964587740470093,8.473522526113558e-06,
-1.2436194358388333,1.6639142668613447,0.5317649291179015,0.6242504970216506,0.33596069197719725,0.7922800961053993,-0.3654432935962178,1.2441190504446986,0.9405719999442032,1.0
-0.40943367921370993,0.7972938259871537,-0.23026458799451222,0.5164847205958265,0.33596069197719725,-0.8912676396673775,0.20672145220466026,0.8811793612315975,0.23431531648986276,
-0.7434723485148704,-1.68059892279416,-1.1809779199978458,-1.2448427830217015,0.33596069197719725,1.0327869155015104,-1.3928563933470666,-0.20763970640770588,-1.789838020215617,
-0.2796182608389639,1.9208535657499923,1.4724374233743083,-0.40593462712096784,0.33596069197719725,0.43151986701123285,0.39376401991748405,0.0,0.7603282029619924,
-0.01217739861971926,3.582633830170259e-16,-0.48364364559158257,-1.1419537467098653,0.33596069197719725,0.5517732767092883,-0.1674100864471589,-0.20763970640770588,-1.2717313650656081,
0.5071163561851868,0.4840736402520249,-2.4898968906495123,0.954842758934708,0.33596069197719725,1.7543073736898431,-0.6477914949080463,0.5182396720184964,-1.0542900290829325,
-3.1200591762375035e-16,1.0166754203237816,-0.8951469085780844,0.7134965752523178,0.33596069197719725,-1.1317744590634884,-0.23219906521439482,-0.20763970640770588,-0.07565998758874867,
-3.1200591762375035e-16,0.8316619237211841,-1.388093098184197,-0.7508279928689443,0.33596069197719725,0.31126645731317737,0.725573921550363,-0.20763970640770588,-1.7058645226480722,
-0.0035878830551282583,-1.2816289617908854,1.038995207114451,-0.2501696157474915,0.33596069197719725,1.5138005542937323,1.312967293428298,-0.5705793956208071,0.48965559708370826,
-1.666137353091727,1.1911945108889326,0.4540922221212097,1.447396276149754,0.33596069197719725,1.5138005542937323,0.10622536943643164,-0.20763970640770588,1.5127995463923358,1.0
-1.1055434189383238,0.32164826138022046,0.5434348117845402,-7.209671949983916e-16,0.33596069197719725,-0.530507410573211,-1.42958989385167,0.5182396720184964,-9.728482535567586e-16,
-0.23254163109239664,-0.5964555513863454,-0.34782748822830795,0.8439437483257195,0.33596069197719725,-0.41025400087515557,-0.4780973373924896,0.0,0.462124490380422,
-1.4023366747642456,-0.8784578714487914,-0.24270322287904575,-0.4966798362056373,-3.133198627352555,0.9125335058034548,0.2085183178549088,-0.5705793956208071,-0.8145645624896837,
0.5842195300222645,0.34509741433815694,-0.34888095178494405,-0.7157835480127437,0.33596069197719725,-1.6127880978557105,-1.4392234226698384,0.8811793612315975,-0.7291136252311363,
1.6060511158336377,0.46293054956299995,-0.01296233924793087,0.8009846823511161,-3.133198627352555,1.3935471445956769,1.2545632395473458,0.15529998280539523,0.33095233583783784,
1.2635579648377977,-1.3026958189658078,1.049647452858772,0.5744905983304973,0.33596069197719725,-1.252027868761544,-0.9889707554483141,0.8811793612315975,1.338632918003276,1.0
-0.30867803948376826,0.5357077724721127,0.4708137860662405,0.5627431154776456,0.33596069197719725,1.5138005542937323,0.024350844696698206,-1.2964587740470093,0.8153680626430021,
1.562113076583337,1.0389417950486237,0.6609967681970563,0.279615194190387,0.33596069197719725,-1.3722812784595995,2.472316511606672,1.2441190504446986,0.5456253254933046,
-3.1200591762375035e-16,-1.3571484207157625,0.6603545585098913,0.3027620100731877,-3.133198627352555,-0.771014229969322,0.48120643683046443,0.5182396720184964,0.4946838057087465,
-0.44441012493912657,0.8378908524997953,1.1065838312611793,0.6875347568330366,0.33596069197719725,-0.2900005911771001,0.07107290800017757,-0.20763970640770588,1.3933992171883,1.0
-0.7477431928718431,1.1434971489302217,0.4152496950793176,-0.47940818679922437,0.33596069197719725,0.0,-1.6029536741448804,0.5182396720184964,0.05211326245160893,
-0.40640929435176404,-0.568062536764584,0.4972161307203975,-0.2185805364888506,3.851540552412827e-16,-0.0494937717809891,0.2108513765814267,-1.2964587740470093,-9.728482535567586e-16,
-0.5004962895362315,2.2778140466531234,-5.148716173818101e-16,1.038028476017355,0.33596069197719725,-1.6127880978557105,-0.39100091155251987,-0.5705793956208071,-9.728482535567586e-16,
0.112712197223616,-0.853233557647415,-0.6898740829507757,-0.3530586520593278,0.33596069197719725,0.9125335058034548,0.0,0.5182396720184964,-9.728482535567586e-16,
0.10190764817354905,-0.5230568693379438,-0.9109654686204081,0.26608593271248354,0.33596069197719725,-0.2900005911771001,-0.7889657375555322,-1.2964587740470093,-0.40794041819128507,
-0.07102233026862537,-0.8471409895595953,-1.2937709993304216,0.6109792984604607,3.851540552412827e-16,-1.011521049365433,0.360672713019266,0.8811793612315975,-9.728482535567586e-16,
0.4052928562439294,1.9483791560795536,0.29324096457917415,2.2811843542622943,0.33596069197719725,0.9125335058034548,1.9401486758461646,0.0,1.9282409431710237,1.0
1.232693437160071,-0.3432555945259613,-2.068022518488088,0.0024531102329304164,0.33596069197719725,0.1910130476151219,-0.8865769856355942,1.6070587396577998,-1.488537715221474,
0.9680289406335302,3.582633830170259e-16,0.616987875143759,-0.016647462735811885,-3.133198627352555,-0.8912676396673775,-0.08764981280712122,-0.20763970640770588,0.2461247314768281,
-1.666137353091727,-1.022130425369288,-0.04542509406488139,0.9533814859969976,0.33596069197719725,0.31126645731317737,0.022647956835969676,-0.20763970640770588,0.7415919233310294,
-1.666137353091727,1.609842386169282,1.3966594879521552,0.8555757964659639,0.33596069197719725,-0.0494937717809891,1.4970154217248837,0.8811793612315975,1.6413574220662477,1.0
0.9513052171253238,-0.8376560972447756,-0.6978406916231801,0.6752664593643695,0.33596069197719725,-0.0494937717809891,2.362684095163414,-1.6593984632601104,-0.15280339933545578,
-1.574889013372815,-0.7374264411449271,-0.15455269322484796,0.07032579287254291,0.33596069197719725,-1.252027868761544,-1.1755983049204033,0.15529998280539523,0.03436580098834243,
-0.32110761086975764,-1.6010736293832575,1.382240916173242,-0.30341735032911077,0.33596069197719725,-1.6127880978557105,-0.4697691005515277,-1.2964587740470093,0.8401554038183056,1.0
-1.3588849256854179,-0.8020179295206159,1.4724374233743083,0.4037860555642129,0.33596069197719725,0.0707596379170664,1.1553580895086277,-1.6593984632601104,1.3585689458658352,1.0
-1.666137353091727,-1.3123648197860691,-0.7073883143546352,1.0523958758223637,0.33596069197719725,1.6340539639917877,-0.5572532944789464,0.5182396720184964,0.36509377142736976,
0.5200371183929033,-0.20937523930044444,0.29192699439233694,1.0766286275161994,3.851540552412827e-16,-1.252027868761544,1.1434972053082082,-0.5705793956208071,-9.728482535567586e-16,
0.7590140427146327,0.7395793813662118,0.42251782323921444,-1.2899508816029401,0.33596069197719725,0.9125335058034548,-0.696518767306895,-1.6593984632601104,-0.6668513322875188,
-3.1200591762375035e-16,-0.6345931760794978,0.514381253287585,-0.016647462735811885,0.33596069197719725,-1.1317744590634884,-0.677808869316824,1.6070587396577998,0.43206166223848125,
-1.666137353091727,-0.5119579624369636,-0.2232549702989122,0.07465506658886584,0.33596069197719725,1.6340539639917877,-0.6330709085491565,0.15529998280539523,-0.05488995099295456,
-0.6740187019563416,-1.154546485086924,1.4724374233743083,1.537682228137202,0.33596069197719725,-0.41025400087515557,-0.1660557058874773,1.6070587396577998,2.3760552182137413,1.0
-3.1200591762375035e-16,1.9572611438426917,-2.10972713851527,0.5556121451873803,0.33596069197719725,-1.252027868761544,-0.8137610418071568,0.15529998280539523,-1.0776905991066585,
-1.666137353091727,1.5423970352427574,-0.4070812126682063,-0.07161680326008948,0.33596069197719725,0.5517732767092883,-1.0428202840861007,-0.9335190848339081,-0.2814085163511641,
0.12692144173005437,3.582633830170259e-16,-5.148716173818101e-16,-2.4879986612666403,0.33596069197719725,-0.8912676396673775,-1.0966105726666346,0.15529998280539523,-9.728482535567586e-16,
-0.09117291222778663,0.6792220819731454,0.611272923223898,0.3060154689282819,-3.133198627352555,-0.530507410573211,0.0,1.6070587396577998,-9.728482535567586e-16,
0.5615645309540064,-1.1339420401763292,1.4724374233743083,-1.3884639671680103,0.33596069197719725,-0.16974718147904458,0.23458702260129738,1.2441190504446986,-0.02316534807366884,
0.0569059576227501,0.3896291029355461,1.4703799658806238,0.931140727689779,0.33596069197719725,1.0327869155015104,-0.5634392464127153,0.15529998280539523,1.9133433219018703,1.0
-1.142575203855434,0.27489117253057305,-0.24988143136249852,0.7252045219340257,0.33596069197719725,0.1910130476151219,0.0,-1.6593984632601104,-9.728482535567586e-16,
1.2391979926083387,0.47040953952046766,1.4724374233743083,0.06597330578138935,0.33596069197719725,-0.6507608202712666,0.536511655332819,1.6070587396577998,1.131649438905209,1.0
-0.2483956910768218,-1.63354025956584,-0.7466792461969407,-0.01183001893637487,0.33596069197719725,-1.6127880978557105,-0.9677176436301413,0.15529998280539523,-0.49532466831486954,
-0.10434036218132517,-0.8016806408535625,1.1604315349029357,1.1218386028391811,0.33596069197719725,-1.4925346881576549,0.02772501748462825,0.8811793612315975,1.7889807861241962,1.0
-1.098882751500126,-1.1659319850247927,1.4724374233743083,-0.41377755671017247,0.33596069197719725,-0.2900005911771001,-0.2950308045825718,0.5182396720184964,0.8058236041027463,
-0.5609895583250275,-0.8509079103234005,1.4724374233743083,-0.5602000317540963,0.33596069197719725,0.1910130476151219,0.4271509350632628,0.8811793612315975,0.6329189410168398,
-3.1200591762375035e-16,-0.6082077459551893,0.2038009424018735,1.2907584540158605,0.33596069197719725,1.3935471445956769,-1.3923435390944867,0.8811793612315975,1.3096091337565015,1.0
-0.26422172446180464,-0.0445185322906915,-0.303488215439823,0.8654151520602144,-3.133198627352555,-1.4925346881576549,0.16292813917037066,0.0,0.24570414939769272,
1.8047015773433683,0.4161266806336316,-1.6910580696895174,0.8942372411953041,0.33596069197719725,-0.6507608202712666,-0.06862590562678969,-0.9335190848339081,-0.5431895387132136,
-1.580402518511364,1.5194370480607402,0.44120792023293726,-0.7750607445627798,0.33596069197719725,1.5138005542937323,-1.4845099604589787,0.5182396720184964,-0.1765487498469597,
-1.666137353091727,-0.9718292147842327,-1.211797213081023,-1.0506512173851883,3.851540552412827e-16,-0.8912676396673775,-1.4054341087267708,0.0,-9.728482535567586e-16,
1.540645232581759,0.7591301031672963,-0.8383786134781422,-2.4879986612666403,0.33596069197719725,-1.3722812784595995,-1.48952773896625,-1.2964587740470093,-2.530108497591511,
-0.30415609882489003,-0.09913140201064556,-1.299364119810354,-0.5988614764834357,3.851540552412827e-16,-0.2900005911771001,-1.3049760937889678,-0.20763970640770588,-9.728482535567586e-16,
-0.8088563110472706,-1.546598008813907,-0.45260121039912604,0.7777138943065223,0.33596069197719725,1.6340539639917877,0.0896292490911996,-0.9335190848339081,0.28658322719809426,
1.0672133578814909,0.05395517744289959,-5.148716173818101e-16,-0.5890221208891859,0.33596069197719725,-1.011521049365433,0.968973411889819,-0.20763970640770588,-9.728482535567586e-16,
-3.1200591762375035e-16,1.3827837777182725,0.39839745947791494,0.6711354738702696,0.33596069197719725,-1.011521049365433,0.0,1.2441190504446986,-9.728482535567586e-16,
1.930178411526242,1.2834057833216006,-0.6150480253157438,-0.5415385915511003,0.33596069197719725,0.0707596379170664,1.6482586839357232,0.8811793612315975,-1.0216032691594492,
0.6698427038020204,-0.434213535621907,1.3208865457270218,-0.10324691767268025,-3.133198627352555,1.3935471445956769,-1.1954697721840712,1.2441190504446986,0.791402813119106,
-0.6099822521049851,-0.21454266656212292,-0.16021858966338565,1.5967186960681283,0.33596069197719725,-1.252027868761544,0.3031715860989097,1.2441190504446986,1.1545745151229414,1.0
2.2938690356429134,0.7202319897377641,-0.8321037395759512,-7.209671949983916e-16,-3.133198627352555,1.5138005542937323,-0.004740758937777652,0.8811793612315975,-9.728482535567586e-16,
-0.7393037971107923,0.4987412545364262,0.34353254547643614,-0.1531304060257177,0.33596069197719725,0.1910130476151219,0.552262313215338,0.8811793612315975,0.09984845903933631,
0.7402862638174338,0.11175000603532877,1.4724374233743083,-0.3752994103665464,0.33596069197719725,-0.6507608202712666,-1.2979732689407384,0.15529998280539523,0.9124671533353987,1.0
-3.1200591762375035e-16,-0.6367523987505718,0.4697531247984155,-1.2899508816029401,3.851540552412827e-16,-1.3722812784595995,-0.7117905960631503,0.15529998280539523,-9.728482535567586e-16,
1.3546505701835465,1.065364799998429,-0.33951834306233325,0.1329586655437025,0.33596069197719725,0.0,0.019063822993739894,0.15529998280539523,-0.1446437430922548,
1.639819020397254,-0.6847514421267655,-1.689748030862133,-0.1474339833665073,0.33596069197719725,-0.16974718147904458,-0.6328078638723686,1.6070587396577998,-1.34309088565998,
-0.03923287155893916,1.013193877251642,-0.17321192189418722,0.5952169216878306,0.33596069197719725,-1.252027868761544,-1.262304612143444,0.15529998280539523,0.4517514994184435,
-0.9014481386898336,-1.1324685113658963,0.3535448538085184,0.8863332167430376,0.33596069197719725,0.0,-1.0245762256443556,1.2441190504446986,1.0676732794423942,1.0
0.43057893539454556,0.5718613162059221,-0.36818451265784424,0.25923579165791594,0.33596069197719725,-0.16974718147904458,-1.4082337337836683,1.6070587396577998,0.043358662897280326,
-0.8183439600966889,-1.163613288302897,-5.148716173818101e-16,-2.3068648071843687,0.33596069197719725,1.0327869155015104,0.0,0.0,-9.728482535567586e-16,
2.135876452224903,0.9101189729541765,-0.9049630971140321,0.4264934634374223,0.33596069197719725,0.31126645731317737,0.0,1.6070587396577998,-9.728482535567586e-16,
0.07551866175527819,1.5534418907274705,1.4724374233743083,-1.8297366833159467,0.33596069197719725,1.3935471445956769,-1.0837982857853539,0.15529998280539523,-0.28119415338734627,
-0.47540638900854093,-0.08703897322973907,1.4724374233743083,0.4208758846321599,3.851540552412827e-16,1.0327869155015104,-1.0168241018604134,0.8811793612315975,-9.728482535567586e-16,
0.12837092622820423,0.5244681843629785,-0.9467865976356601,0.5721546631999594,0.33596069197719725,1.6340539639917877,-1.0555468198049371,-1.6593984632601104,-0.1671494273396382,
-1.5532053476708596,1.38800535333249,0.8611580684449928,-0.7628539446431161,0.33596069197719725,-0.530507410573211,1.132645010757765,0.15529998280539523,-0.046259852884194604,
-1.1409780509804517,1.2024026183922951,-1.285250873462393,0.891084860931715,0.33596069197719725,0.0707596379170664,-1.4407485617076576,1.2441190504446986,-0.13575433426312433,
1.243416083361077,-0.8486572008115567,1.4724374233743083,1.1725166507217193,0.33596069197719725,0.31126645731317737,-0.8388355885576103,0.15529998280539523,2.131049873719478,1.0
-0.7954871240190758,-0.4109124593853318,-5.148716173818101e-16,0.8751366682265618,0.33596069197719725,1.3935471445956769,-0.6336514760011127,-1.2964587740470093,-9.728482535567586e-16,
-1.2236370205894203,1.7790520733429052,1.1821748282166533,-0.36040473746882823,0.33596069197719725,0.0707596379170664,1.5317632514070203,-1.6593984632601104,0.49215344242038994,
0.5147568558573874,-0.16828889794320345,-1.9072862744601327,0.3563718846999322,-3.133198627352555,0.6720266864073439,-1.6690945652115845,-0.5705793956208071,-1.2406803072892316,
1.2272681099894212,0.5060111808265464,0.8668162458568722,1.1858059554097835,0.33596069197719725,-1.3722812784595995,-0.7376430457614703,0.15529998280539523,1.6764647456016593,1.0
0.7148815283876545,-0.5607631165214302,0.07227483295865646,-0.31729353263187643,0.33596069197719725,-1.733041507553766,-0.9041183059864739,0.0,-0.1284564761957751,
1.0190683155894273,-0.05101477639087442,1.0688882303056102,0.892662581346153,0.33596069197719725,-0.16974718147904458,-0.25708787568431346,1.6070587396577998,1.5556848479733218,1.0
-0.9051555584470776,1.9202707580910514,1.1418586236539472,-3.2841739562653465,0.33596069197719725,0.0,1.1175999951493398,1.2441190504446986,-1.8742836375489227,
-1.6351918576705258,-0.44093810176258086,0.15744201606298222,-3.6133049452406936,0.33596069197719725,1.0327869155015104,0.7970122558249838,-0.20763970640770588,-2.8606447797380476,
1.5737577227025805,-0.08560947816075433,-0.6154225118478592,0.7424557782467498,0.33596069197719725,-0.6507608202712666,0.9106360713166445,0.5182396720184964,0.07318073851792359,
-0.42859545857938924,-0.33186474964961066,0.9851422996174005,0.7462401063022291,0.33596069197719725,1.5138005542937323,-1.3688476726603782,0.15529998280539523,1.4575248382695996,1.0
-0.34972394030521364,1.0439473286096024,0.011429655410877659,0.8132441565446827,0.33596069197719725,0.43151986701123285,0.0,0.15529998280539523,-9.728482535567586e-16,
1.3836898034595013,0.3524910742592678,-5.148716173818101e-16,1.248156015662305,0.33596069197719725,1.6340539639917877,0.33453694276291385,1.2441190504446986,-9.728482535567586e-16,
0.5362482443690106,-0.6354282435292277,-0.9856412335577766,-1.223195182868523,0.33596069197719725,-1.3722812784595995,-0.3326236732777088,0.0,-1.704479594826458,
0.42609522240594744,-1.4022088848955483,-1.6314343718651487,-0.6189053812232888,0.33596069197719725,0.5517732767092883,-1.3365434804046539,-1.2964587740470093,-1.6277600654343956,
2.3023154473802365,7.089061652933043e-05,-0.5104533021521129,1.1452669793504697,0.33596069197719725,0.0,-0.4133893292882416,0.8811793612315975,0.5782986783976605,
-0.7808032559529657,0.878824599681538,1.3596197675733148,-0.8660704923161366,0.33596069197719725,-1.4925346881576549,-0.07166874256387112,-0.9335190848339081,0.3375587450509815,
0.9441918846384907,-0.21005166942103795,0.2873457512689637,0.565106252219957,0.33596069197719725,1.1530403251995658,-0.689994939603997,1.2441190504446986,0.7323847949609806,
-0.011778687382623176,0.514636262080627,-0.5330341726235185,0.2276740100603228,0.33596069197719725,0.0,2.1744280896176,-0.20763970640770588,-0.376452408317629,
0.2204872438588463,-0.1033929495392172,1.0143122140796932,-1.5006056943405996,0.33596069197719725,1.7543073736898431,-0.8640586386810717,-1.6593984632601104,-0.37751347004453656,
1.6035455517025037,0.7388036871526321,-0.8839912002140822,-0.4296944764433234,-3.133198627352555,1.2732937348976212,0.0,-0.5705793956208071,-9.728482535567586e-16,
0.4831223288198483,1.1386962083410128,0.19171999480475765,0.2059297573026746,0.33596069197719725,-0.0494937717809891,0.6488798082884115,1.2441190504446986,0.26853842320356325,
0.5165608557217014,-1.5082642782009594,-0.1270892159558487,0.9807055910850189,0.33596069197719725,-0.530507410573211,-0.9716790994955626,-1.6593984632601104,0.7768348312313111,
1.1030036741825084,-0.421606588929864,0.9844866001985821,0.6220536434542843,0.33596069197719725,0.0707596379170664,2.6957951239291496,0.0,1.050542191364919,1.0
-0.47500150634366123,-0.38968069016780504,-1.747447301266388,-7.209671949983916e-16,0.33596069197719725,1.3935471445956769,1.300029473821227,0.8811793612315975,-9.728482535567586e-16,
-0.9956280767786446,-0.18449241804743374,-0.9045368555020702,0.1488755852768542,0.33596069197719725,0.0,-0.5060874894816548,1.2441190504446986,-0.5192695217900659,
-1.2213297332624458,-0.9545972137135452,-1.8181900015034376,-0.38285050572730356,0.33596069197719725,-1.1317744590634884,-0.008219031316155654,1.2441190504446986,-1.6777773599127919,
-1.666137353091727,0.2759377297120462,-0.21980122646106312,-1.202109922119674,0.33596069197719725,-0.8912676396673775,0.6486708290907964,0.15529998280539523,-1.1824491455659019,
2.1828829728486605,-0.7547778638841981,1.4724374233743083,-0.06646290088151717,0.33596069197719725,-0.2900005911771001,-0.927494499819359,-0.20763970640770588,1.134621427627997,1.0
-1.285438780607207,-0.01432713937019745,-0.5048372856646123,-2.3923898253029736,0.33596069197719725,0.9125335058034548,0.802309148449594,0.5182396720184964,-2.373116873413644,
-0.3172524746548789,3.582633830170259e-16,-0.5109086849115856,-0.7044303993418934,0.33596069197719725,0.5517732767092883,-1.5349009262819289,1.2441190504446986,-0.8351806574170386,
-0.37824439996567105,-1.1038150371741235,1.0918387217658525,-0.007040996799646341,0.33596069197719725,-1.3722812784595995,-1.0622180814219317,-0.20763970640770588,0.905215108199308,1.0
0.2630966739140129,-0.5143125136766119,1.3200353835532468,-0.041173101641081726,0.33596069197719725,-1.252027868761544,-0.37859888476763925,-0.9335190848339081,0.9985962171509551,1.0
0.8211283049561773,0.7288063906474045,-5.148716173818101e-16,-2.0337378776722383,-3.133198627352555,-0.6507608202712666,-0.5588230524842528,1.2441190504446986,-9.728482535567586e-16,
0.8702385909599345,-0.6946526282997683,0.8750221054076123,0.3594178053383249,0.33596069197719725,-1.252027868761544,-0.47454977586477914,1.6070587396577998,0.9938040538233718,1.0
-0.7144529727050911,0.3598739028743023,-1.1674359200075342,0.2728787497390849,0.33596069197719725,-0.41025400087515557,-0.8307791852412543,-1.6593984632601104,-0.5931335833348429,
-0.2578279131905776,-0.05660913705745963,1.4724374233743083,-1.5630778111150694,0.33596069197719725,-1.733041507553766,-1.0481689482157697,-1.6593984632601104,-0.06798378491254271,
0.2358425353182774,-1.514359946356268,-5.148716173818101e-16,1.3098365800603657,0.33596069197719725,1.6340539639917877,0.3594540848911379,1.6070587396577998,-9.728482535567586e-16,
-0.34737263050365086,-1.4511101597957505,-5.148716173818101e-16,-1.3626923772925872,0.33596069197719725,1.0327869155015104,-0.7150459191226828,-0.5705793956208071,-9.728482535567586e-16,
1.6901347749970572,-1.1170435399120506,-2.335376629279492,0.9877458511550494,0.33596069197719725,-0.6507608202712666,0.4312173663161601,-1.2964587740470093,-0.9920812106241651,
0.4646129888380011,3.582633830170259e-16,-0.5660333137013229,-4.17595808722772,0.33596069197719725,1.6340539639917877,-1.4690961991284552,0.5182396720184964,-3.6924126634630134,
0.7323629911661768,2.8928420163969384,0.7916742577485716,1.0715867672220967,0.33596069197719725,-1.252027868761544,0.12368153415590577,-1.2964587740470093,1.4623670664957307,1.0
0.6533271417334848,0.6310674736723783,-0.4074902010550759,-2.7215208142783203,0.33596069197719725,0.43151986701123285,-1.703794963536276,0.5182396720184964,-2.377379864437553,
1.213842017153328,-0.35783151806242486,1.4724374233743083,0.7386537249366553,0.33596069197719725,0.43151986701123285,0.0,0.8811793612315975,-9.728482535567586e-16,
0.12435445153944824,-0.3170386816353073,0.7630744128441099,-0.1941655562842744,3.851540552412827e-16,0.5517732767092883,-0.5779011693038059,0.8811793612315975,-9.728482535567586e-16,
-1.4979935658726655,-0.5356000404948392,-0.7379070362658956,0.693600066977662,0.33596069197719725,-0.41025400087515557,-0.4006980759810793,-0.9335190848339081,0.03975593034030944,
0.36440056412029376,0.8529844495576734,0.11857947723134034,-0.08202382911168492,0.33596069197719725,0.0,-0.27876240966909194,1.2441190504446986,0.049949228645494094,
-0.789408330804975,-0.6390205653571543,-0.9551272931883743,-1.6307617396792617,0.33596069197719725,0.0707596379170664,-1.4421154620706154,1.6070587396577998,-1.9278801410425048,
-0.6546674117856783,-0.2753781854348017,-0.13051463384002882,0.761203422123982,0.33596069197719725,-1.252027868761544,0.5809721541543262,1.6070587396577998,0.47966555123192417,
0.569328553149646,0.7104936381449302,-0.5618165947625207,-1.6307617396792617,3.851540552412827e-16,0.1910130476151219,-1.1613766552326985,1.6070587396577998,-9.728482535567586e-16,
1.284987837280479,-0.4272963350626859,1.443176562165345,1.2149345242002845,0.33596069197719725,-0.16974718147904458,-0.45556922525079757,0.15529998280539523,2.1144286439354905,1.0
-0.051014802151089514,-1.354946876967742,1.4724374233743083,-1.9253455192796138,0.33596069197719725,-0.41025400087515557,-1.2616628180500766,-0.5705793956208071,-0.3452131512315513,
0.26466244410781953,1.7051775889630172,-1.5781302614983665,0.10848233188324298,0.33596069197719725,-0.2900005911771001,0.7075285714925542,0.8811793612315975,-1.1524218821148204,
-3.1200591762375035e-16,0.11384785789357697,-2.148581473385087,0.6586148621797031,0.33596069197719725,0.6720266864073439,-0.5631298982359221,-0.5705793956208071,-1.0425285292456918,
0.18992622581914048,0.6525975477701706,-0.20307786889193027,-0.10864053816566902,0.33596069197719725,-0.16974718147904458,-0.6190972317298842,-0.5705793956208071,-0.1890915727628101,
2.781691905933031,0.6182907390719494,-1.6792606060477193,-0.6821896410346748,0.33596069197719725,-1.252027868761544,-0.6481877143435432,0.8811793612315975,-1.7669553696765439,
0.5464351806070342,0.904905581944003,0.13474921893698502,0.7424557782467498,0.33596069197719725,0.7922800961053993,1.305137049546122,-0.5705793956208071,0.6104657002488206,
-1.666137353091727,-1.0497962251053086,0.9494794512459646,0.802747412463329,0.33596069197719725,1.7543073736898431,-0.3638518572950308,-1.6593984632601104,1.4006748549865171,1.0
0.7526320950116244,-1.2500759171152065,1.4724374233743083,1.2170511796308663,0.33596069197719725,0.9125335058034548,1.414592230973769,0.15529998280539523,1.9974916782907872,1.0
0.3440593016478197,1.729257606129346,0.3146664456598692,-0.1531304060257177,3.851540552412827e-16,-1.252027868761544,0.07922860191857736,0.8811793612315975,-9.728482535567586e-16,
1.3414898770471646,0.22675739993690283,-0.14276976466883767,0.17218063755807464,0.33596069197719725,1.6340539639917877,0.0,-0.9335190848339081,-9.728482535567586e-16,
0.6646342966809271,-1.8104269074189603,-2.212543311038153,-0.18817485088191763,0.33596069197719725,1.3935471445956769,0.4709818680252577,-1.2964587740470093,-1.8542850886407942,
-0.2263594423959996,0.23820602631908694,0.11153079168751927,-0.5232965452596214,0.33596069197719725,1.7543073736898431,2.143016638029013,0.15529998280539523,-0.4949269730604327,
-1.418367998935627,-1.1613146997328903,0.16382162990217516,0.7232648868470175,0.33596069197719725,0.0,-1.0926765081132133,-1.6593984632601104,0.7973833151992796,
-0.30382630593842236,-0.7305889433156795,0.8219707917151954,-0.25663767305874474,0.33596069197719725,-0.16974718147904458,0.0,-0.20763970640770588,-9.728482535567586e-16,
-1.0080447558146264,-0.023450924837809098,-0.7402404210614676,-0.016647462735811885,0.33596069197719725,0.31126645731317737,-1.2831344746100053,0.15529998280539523,-0.4706172655378342,
-0.7116492722101189,-0.6660348608752245,-0.4232226334687793,-0.07680363814562081,0.33596069197719725,1.6340539639917877,-0.842436132328748,0.8811793612315975,-0.3128903421508645,
0.5717594464540553,1.7131992146666484,-1.6324057521807396,0.6351464579036289,3.851540552412827e-16,0.0,0.5767465094424468,0.5182396720184964,-9.728482535567586e-16,
1.7588102918142159,-1.3045914620117036,-2.5753249053721827,1.1977995998906557,0.33596069197719725,-1.733041507553766,-0.6547362871097208,0.15529998280539523,-0.9216311351568937,
0.3588936704157328,0.5557039606422066,-1.2040059679457422,0.5313793934935455,0.33596069197719725,-1.011521049365433,0.8904805146718938,-1.2964587740470093,-0.5410442918339946,
-1.3871745813147625,-0.10847612338508199,-5.148716173818101e-16,0.09174489565681289,0.33596069197719725,1.6340539639917877,2.1308341978614465,0.8811793612315975,-9.728482535567586e-16,
0.41370673748952036,-1.159535327737992,0.47155218035592794,0.7903271520473495,-3.133198627352555,0.1910130476151219,-0.8103706933450971,0.8811793612315975,0.8439456233588283,1.0
1.2392638425148559,3.582633830170259e-16,-0.5195462614657453,0.47537533403032833,0.33596069197719725,-1.4925346881576549,0.6992605413594842,-0.20763970640770588,-0.05467948265308509,
-0.7437695180995193,0.16552085257104387,-0.5428535197604961,-1.7858483248555497,0.33596069197719725,-0.6507608202712666,-0.02631792647169691,-0.9335190848339081,-1.8484115109919934,
-0.2214866275794625,-1.3737318721306881,-1.06014443893639,-1.3884639671680103,0.33596069197719725,-1.011521049365433,-0.48997853074335435,0.8811793612315975,-1.882749808407579,
-0.05824186268082036,0.5694890411951503,-3.1651138249944215,-2.1588676722912936,0.33596069197719725,1.3935471445956769,0.0,-0.20763970640770588,-9.728482535567586e-16,
-0.9360065259927385,-0.670647239763287,1.4724374233743083,0.057197686281818136,0.33596069197719725,1.5138005542937323,-0.4220326265593986,-0.9335190848339081,1.1966936020209469,1.0
0.6372987361291322,1.6154185620092443,-5.148716173818101e-16,0.9082733874157588,0.33596069197719725,-0.41025400087515557,-0.4128688246035723,1.2441190504446986,-9.728482535567586e-16,
-0.20713980940570342,0.78305807554014,-0.3969827535824998,-0.33856296511099554,0.33596069197719725,0.7922800961053993,0.0,1.2441190504446986,-9.728482535567586e-16,
0.38618531636951386,0.09368888167509774,-1.6056121954811426,-7.209671949983916e-16,0.33596069197719725,0.0,0.31262114203427227,0.5182396720184964,-9.728482535567586e-16,
-1.0486313242402514,-0.11756501780059299,1.2080162432513288,1.165789510858282,0.33596069197719725,0.9125335058034548,-0.3021882764357728,0.0,1.8853611331340276,1.0
-0.55459618096943,1.6549593631803157,0.2474618103661,0.9386222267116847,0.33596069197719725,0.6720266864073439,2.1661978650170433,-0.20763970640770588,0.7896623227223876,
0.7186447467939096,-0.4275224019336777,-0.8769057912096385,0.5289158501832677,0.33596069197719725,0.0707596379170664,-1.4824509949231248,-0.20763970640770588,-0.11720775120297695,
-0.4836524232585897,-1.616965967056944,-0.3735741820702256,-0.4879980753981608,0.33596069197719725,-0.8912676396673775,-1.0572775442817206,-0.20763970640770588,-0.5921060684149994,
1.8214485153402278,0.08660060150811273,1.4724374233743083,-1.223195182868523,0.33596069197719725,-1.1317744590634884,-0.7341453505315316,-1.2964587740470093,0.18355537428308832,
-0.5130760759416563,0.45171049819634723,-0.0034278211147556626,-2.869517949171395,0.33596069197719725,1.5138005542937323,0.8764600418802704,-0.9335190848339081,-2.3860256798173833,
0.17228670746017366,3.582633830170259e-16,-0.12952759969658834,-1.3134811348559714,0.33596069197719725,-1.3722812784595995,-0.22059392224337918,0.0,-1.1389596828087623,
0.9494070800846522,3.582633830170259e-16,-1.0102541726954006,-0.40593462712096784,0.33596069197719725,1.7543073736898431,-1.4264370737718637,0.15529998280539523,-0.9790814050147487,
-1.6314101015562308,-0.10394079601701062,-2.115382246013484,0.27625395999770497,0.33596069197719725,0.0,0.7902057711176349,1.2441190504446986,-1.4288681537709265,
-1.666137353091727,-1.581496013017381,-0.10437483874760138,-1.7442116651973418,0.33596069197719725,0.1910130476151219,-0.13828266269824355,0.5182396720184964,-1.474872527902546,
-1.666137353091727,1.2581393260395572,0.4585355211103059,-1.1041917335381266,0.33596069197719725,-1.6127880978557105,0.2208949686906947,0.15529998280539523,-0.5582882139747884,
1.3116648596633749,-0.11224855888435614,1.3560168751711006,-0.8524275342349684,0.33596069197719725,1.5138005542937323,-1.320000687910496,-0.5705793956208071,0.4398425096417888,
-0.680181268946579,3.582633830170259e-16,-2.525707428766721,0.45401260382135694,3.851540552412827e-16,-1.1317744590634884,-0.2825117225896771,0.5182396720184964,-9.728482535567586e-16,
2.7339565230562677,1.1735820507460446,-1.2232509201164918,0.41805244909799216,0.33596069197719725,-1.3722812784595995,-0.9618567039909162,-0.5705793956208071,-0.5079169309197065,
-0.6937820785257754,-0.2118866548373054,-0.5921320935085814,0.27625395999770497,0.33596069197719725,-1.4925346881576549,-0.16582629641495567,0.5182396720184964,-0.2056376807484768,
0.1282293105528217,-0.9565874740769942,0.07713639545218076,-0.5508156856435561,0.33596069197719725,-1.011521049365433,-0.6438728811039264,-0.20763970640770588,-0.3334346771394594,
1.6185208539316285,0.36007781957074025,-0.0869782454371008,-0.1646445976288869,0.33596069197719725,-1.011521049365433,0.06174886107624995,-1.2964587740470093,-0.19793248672353705,
2.12786889978156,1.1049930104680004,-0.05991233019164841,-1.3884639671680103,0.33596069197719725,0.0707596379170664,1.203181781430386,0.5182396720184964,-1.254218874301631,
2.1886972702455183,-1.1654836388191858,0.5543136453325408,-0.6394567801326475,0.33596069197719725,-1.6127880978557105,0.14901675324966648,0.8811793612315975,-0.10423061469999062,
1.2521459302808362,-1.200817138877244,-0.9660949745204435,1.1230262210432502,0.33596069197719725,-0.8912676396673775,-0.5561260198811657,1.6070587396577998,0.2266624538137645,
1.0498222569892144,1.3552954248247737,1.164204251759648,1.5587674888860508,0.33596069197719725,-0.0494937717809891,-0.579361037026469,-1.2964587740470093,2.1912732737065,1.0
0.5760940532114638,0.40699409932955993,0.5837115268916642,0.4884470641305847,0.33596069197719725,1.3935471445956769,-1.3989821303419336,0.15529998280539523,0.9476779624304729,1.0
0.7800977830069692,0.13038230520236668,-0.2896375800802537,1.1945461410355613,0.33596069197719725,0.0707596379170664,1.665680472609054,-0.5705793956208071,0.6285978930919492,
-0.6794430937722815,-0.3699334079267371,1.4724374233743083,0.4780065742522005,-3.133198627352555,-1.733041507553766,-0.727411210595797,-0.20763970640770588,1.3413083151086247,1.0
-0.9725630006544358,1.1351823874926106,1.4724374233743083,-2.2294980175121797,0.33596069197719725,1.3935471445956769,-0.1614731912622571,-1.6593984632601104,-0.6742715196405928,
-0.07807055866234026,-0.8369281210754106,1.1627595536327986,1.8715463902762823,0.33596069197719725,-0.6507608202712666,2.1390863979139727,0.15529998280539523,2.2387972394054882,1.0
-0.26119029240952923,-0.8632765581266186,-3.1651138249944215,-1.3626923772925872,-3.133198627352555,-1.011521049365433,2.1012654902431294,0.8811793612315975,-3.8669251582034687,
-0.5719077892690477,3.582633830170259e-16,1.4724374233743083,-7.209671949983916e-16,0.33596069197719725,0.0707596379170664,1.1765913228172558,-1.2964587740470093,-9.728482535567586e-16,
0.6901093278466068,3.582633830170259e-16,1.0026053933740404,-0.5415385915511003,0.33596069197719725,-0.6507608202712666,-0.2817119257986384,-1.6593984632601104,0.3462848612127418,
0.9743423147582888,-0.39476609390062267,1.4724374233743083,-7.209671949983916e-16,-3.133198627352555,-0.41025400087515557,0.8673636464776702,1.2441190504446986,-9.728482535567586e-16,
0.02268454346427264,3.2778781922416336,1.4724374233743083,0.48584950384140585,0.33596069197719725,0.1910130476151219,-0.9062830564807798,-1.2964587740470093,1.5801876342822399,1.0
1.5476267997908792,0.18233440968157036,1.4724374233743083,0.007158844557521393,0.33596069197719725,-0.2900005911771001,-1.2955010303444947,0.8811793612315975,1.221926652084657,1.0
-1.327681916082498,0.5262456866620723,1.0998737731985038,-0.5508156856435561,0.33596069197719725,-0.41025400087515557,1.9980642553568801,-0.20763970640770588,0.24069182702269468,
-0.2869603397765985,-0.9387226075449044,1.4724374233743083,-0.26973048750808937,0.33596069197719725,-0.0494937717809891,-1.04567168692377,-1.2964587740470093,0.9789471960048169,1.0
-0.8612745238459143,0.48327432424710043,1.4724374233743083,-7.209671949983916e-16,0.33596069197719725,-0.16974718147904458,-1.2142713404505183,-0.20763970640770588,-9.728482535567586e-16,
-1.666137353091727,-0.3157532510778544,0.33224297319019247,1.3990301528916995,0.33596069197719725,0.43151986701123285,-0.43119285730485757,1.2441190504446986,1.4219990545458163,1.0
-0.16513081320373751,-0.5342988187931402,-1.741652881739555,0.8372212511239715,3.851540552412827e-16,0.43151986701123285,1.3569252135391148,0.15529998280539523,-9.728482535567586e-16,
-0.20801732516835575,1.4070228924302361,-0.27529437130875983,0.061597355034623893,0.33596069197719725,1.2732937348976212,-0.11863305961601048,-0.9335190848339081,-0.14351447759011587,
1.5870584433688002,0.8575812437149203,0.533270224167827,-0.7628539446431161,0.33596069197719725,-0.16974718147904458,-1.3816156628085496,0.8811793612315975,-0.10483011335421173,
0.6181220107987095,-0.659107347994997,0.16799580146109824,0.8686686109153086,0.33596069197719725,0.31126645731317737,2.1656353714773258,-1.6593984632601104,0.6730085575965312,
-1.1986910478764354,3.582633830170259e-16,-1.3640767017192175,-0.9685877691079945,0.33596069197719725,1.7543073736898431,1.225981369597733,1.2441190504446986,-1.901680857172316,
1.9610070155369714,1.733264494097951,-1.8098678764855096,-0.7157835480127437,-3.133198627352555,1.2732937348976212,1.008336963522255,1.2441190504446986,-2.2366180572800394,
1.2660519341748637,2.1534511313290383,-0.7781229159292489,-0.18222803382526057,0.33596069197719725,1.6340539639917877,1.605466994154589,-0.5705793956208071,-0.8507293940427308,
0.564645106437586,0.29441490837739087,1.0176554454164648,1.0652400820548626,0.33596069197719725,-1.252027868761544,-0.4779174300827411,0.8811793612315975,1.673306962884657,1.0
-3.1200591762375035e-16,1.1524406383188754,1.4724374233743083,-1.1228531737411234,0.33596069197719725,0.5517732767092883,1.2185879849219337,-0.9335190848339081,0.1178130916373092,
-1.1276128794984357,0.6502150980455385,1.1438293692359707,-1.1815585232103154,0.33596069197719725,1.6340539639917877,0.37066269789304557,0.15529998280539523,-0.11425458744182869,
-0.4829648044311618,-0.020588381018393026,1.30714035771752,0.14492551958586228,0.33596069197719725,-1.1317744590634884,0.3956505326141527,1.6070587396577998,1.0812419017752333,1.0
1.12083291921527,-0.6887283601601334,-0.012524541689383786,-0.4541708101037837,0.33596069197719725,0.31126645731317737,-1.0842760508602205,1.6070587396577998,-0.2898058492772512,
1.994482226551658,0.4756364786261656,-1.9385771202602,0.3156983300362787,0.33596069197719725,-0.16974718147904458,-0.0008488470619353305,0.8811793612315975,-1.2037619218857472,
1.6197652629939552,-0.16292130487603032,-0.4466051444252428,0.04385376555812365,0.33596069197719725,-1.3722812784595995,0.5362579151524751,1.2441190504446986,-0.33664975548360226,
-0.6110119783689407,0.5418284441639533,-0.21883625646434823,0.0024531102329304164,0.33596069197719725,0.0,-1.04014895925172,0.8811793612315975,-0.07936586024868442,
-1.3034522157112107,-0.7251746391399189,-0.49510454634371054,-1.26708354132892,0.33596069197719725,0.9125335058034548,-0.09104987239564621,1.2441190504446986,-1.3874485842799338,
0.08029498067757475,0.5075557534634163,0.14458460916305355,-1.068108597692235,0.33596069197719725,-1.733041507553766,0.5375663468645876,-0.5705793956208071,-0.7901939750849039,
-1.666137353091727,-0.8471270795882453,0.5929487385002331,0.895808852330353,0.33596069197719725,-0.2900005911771001,0.5193046791340956,1.6070587396577998,1.1400790595338945,1.0
0.28039869576818255,-1.0601499277837088,1.0701474616427187,1.0841331823329716,0.33596069197719725,-0.530507410573211,-0.5496844317066796,-1.6593984632601104,1.7336784400004,1.0
-0.23640033756237377,1.640554071036214,-0.24127673218337017,-0.6088215633782268,0.33596069197719725,-1.4925346881576549,0.0,0.5182396720184964,-9.728482535567586e-16,
-0.5859685655857237,0.30015858661164474,-2.1260234031965095,-1.2448427830217015,0.33596069197719725,0.1910130476151219,1.7574815612815198,1.6070587396577998,-2.741226288865994,
-1.666137353091727,3.582633830170259e-16,-0.4786704936133227,-1.8761342768429976,0.33596069197719725,0.31126645731317737,-0.7094003646730129,-0.5705793956208071,-1.8215840915220205,
0.4894502782454414,-0.027688708995470046,0.13184935039790635,0.4037860555642129,-3.133198627352555,1.1530403251995658,0.04801110681032407,-1.6593984632601104,0.20963763263411353,
-3.1200591762375035e-16,0.21460580991786882,1.4724374233743083,0.6394642175397433,0.33596069197719725,-0.6507608202712666,-1.5164794032102313,-0.9335190848339081,1.7504861967680792,1.0
-1.3586695531722308,0.5537165329873202,-0.5771374429749239,-0.1646445976288869,0.33596069197719725,0.0707596379170664,2.116208091840398,0.5182396720184964,-0.7230321319115327,
-1.666137353091727,1.1355304489087088,0.6754088847954602,0.5603730790562236,0.33596069197719725,0.6720266864073439,0.9446356436476515,-0.9335190848339081,0.8988126411775631,1.0
-0.10457129584041627,0.12817180177655096,0.41749642413642996,0.6351464579036289,0.33596069197719725,-0.2900005911771001,-1.0466830511390344,-1.6593984632601104,0.914306114819906,1.0
1.871164189925445,-0.7975535240629051,0.13206979191129484,1.272209239124139,0.33596069197719725,0.5517732767092883,0.0,0.5182396720184964,-9.728482535567586e-16,
1.749319724102655,-1.1234703732324829,1.1600210380343032,-1.7046068886968915,0.33596069197719725,-0.41025400087515557,1.561969401260369,0.0,-0.6151559609554194,
-0.5761542036459076,0.03228981547165143,-0.684999180379665,-7.209671949983916e-16,0.33596069197719725,-1.3722812784595995,1.5705687298241482,-0.20763970640770588,-9.728482535567586e-16,
-0.7354584482746661,0.6721018002750049,-0.5856921105335778,-1.6668448755251528,0.33596069197719725,-0.8912676396673775,0.3200739088914099,0.15529998280539523,-1.8105140868605918,
0.4402416595622167,-0.48386986099946605,0.06737437961437644,-7.209671949983916e-16,0.33596069197719725,-0.41025400087515557,1.201114149891722,-0.9335190848339081,-9.728482535567586e-16,
-1.170366977972875,-0.71687064566505,-0.6610060070953526,0.8218889336449425,0.33596069197719725,0.43151986701123285,-0.9502203370165564,-0.20763970640770588,0.24310499327654392,
0.2569328989893633,-0.7023512448436332,0.6701553075054187,0.3284317189446883,0.33596069197719725,-0.0494937717809891,0.5665525434298304,-0.9335190848339081,0.7355158902055267,
0.7666162519594059,-0.6581909827903674,-0.745694416496342,-1.5006056943405996,0.33596069197719725,1.5138005542937323,0.6929214538139447,-1.2964587740470093,-1.8249171929314105,
1.2725282784767091,0.0014822684150512992,-5.148716173818101e-16,-0.4709082463302138,0.33596069197719725,0.0,-0.11147646854071684,0.5182396720184964,-9.728482535567586e-16,
-0.18431263368193354,-0.2769701291630547,-0.034967038371204635,-0.38285050572730356,0.33596069197719725,-0.41025400087515557,0.0,1.6070587396577998,-9.728482535567586e-16,
-0.29795376024062076,-1.2043112436854893,0.33035459292795544,0.29621570929012325,0.33596069197719725,0.5517732767092883,0.0,0.5182396720184964,-9.728482535567586e-16,
-1.0381919497625993,1.420450955496705,-0.4518465212866557,-0.5232965452596214,0.33596069197719725,0.31126645731317737,-0.10152570330493027,0.8811793612315975,-0.7517814118548629,
-0.9820932866950624,1.1004278325308565,-0.31196278703383856,-1.6307617396792617,0.33596069197719725,0.7922800961053993,-0.25158309901051357,-1.6593984632601104,-1.5313879232347412,
-0.3229886343312682,-0.5441590701926724,0.19248402402736087,0.6752664593643695,0.33596069197719725,-0.41025400087515557,0.3047670329215912,-1.2964587740470093,0.6750010950210193,
0.32891784934221596,-0.10398647281154536,0.31545476844166154,-0.38285050572730356,0.33596069197719725,0.0707596379170664,0.438420939451088,-1.2964587740470093,-0.09878973924366126,
0.9285425763301366,-1.05429046048711,0.0763003993717405,-7.209671949983916e-16,-3.133198627352555,1.1530403251995658,-0.6741666397758214,-0.9335190848339081,-9.728482535567586e-16,
-0.9560745205745228,-0.48006321875128455,1.4724374233743083,-1.1615146184704623,0.33596069197719725,1.5138005542937323,1.4612680860342449,0.5182396720184964,0.06824564908820085,
-3.1200591762375035e-16,-1.7373984087796834,-1.0674762597147185,0.8472842341004428,0.33596069197719725,0.5517732767092883,-1.0074921584592793,0.5182396720184964,-0.03923335494433392,
-0.3719984008856166,-0.479675760602842,0.006734951505447649,0.30925593988911065,0.33596069197719725,-0.530507410573211,0.12063325064694379,0.5182396720184964,0.2521426512470282,
-0.09782261338333045,0.482627629143801,-1.7432742601332822,1.1371437403175233,-3.133198627352555,0.7922800961053993,-1.6240574569488666,-1.6593984632601104,-0.48798219713339086,
-0.8946351481322659,-0.3727836942545135,0.5125587803358942,0.1488755852768542,0.33596069197719725,0.5517732767092883,-1.3606213355534655,-1.2964587740470093,0.616089792598377,
-1.666137353091727,-0.3143481862359492,-1.2118311928896097,-7.209671949983916e-16,0.33596069197719725,-0.16974718147904458,-1.5514809533321707,0.8811793612315975,-9.728482535567586e-16,
0.8961152005428263,0.9817532163030194,-0.24149746977986944,1.1038126164099535,0.33596069197719725,-1.6127880978557105,1.8757940939476772,1.2441190504446986,0.5757073830362118,
0.7345213352358879,0.23934094003518844,-0.3501947952397506,-7.209671949983916e-16,0.33596069197719725,-0.2900005911771001,-0.7362111965735958,1.6070587396577998,-9.728482535567586e-16,
-0.3832000307051385,-0.8431085217366857,0.40683379756993,1.2652670364152436,-3.133198627352555,-0.16974718147904458,1.058713731428218,0.5182396720184964,1.038867143656333,1.0
-0.0008255536257322854,0.6790448203054192,-5.148716173818101e-16,-0.30341735032911077,0.33596069197719725,-1.1317744590634884,-1.328165089713203,-1.6593984632601104,-9.728482535567586e-16,
-3.1200591762375035e-16,-0.35035831486055413,-0.6090181215117477,-0.18222803382526057,0.33596069197719725,-0.41025400087515557,1.0121719722030347,-0.5705793956208071,-0.6782632361564404,
-1.666137353091727,2.03371675849696,1.4724374233743083,-2.0337378776722383,0.33596069197719725,-1.011521049365433,-1.3447424516132156,1.6070587396577998,-0.4267163400248817,
-0.6551460360799378,-0.20807234050269824,0.4110953174660451,0.3594178053383249,0.33596069197719725,-1.3722812784595995,-1.3403704679191661,0.8811793612315975,0.7083386114769455,
0.7975563331399623,-1.0934311839330384,-0.5693034709348626,0.6543980376438395,0.33596069197719725,1.5138005542937323,0.44019824949430025,-0.20763970640770588,0.07215378692885087,
-1.4512915210270656,-0.7171952044951072,-0.20964145309658214,0.7758958937757474,0.33596069197719725,1.3935471445956769,-1.3480048342813316,-1.6593984632601104,0.5769498951112929,
0.24789386972372968,-0.37724197381106617,1.4724374233743083,-1.01682395209081,0.33596069197719725,-1.011521049365433,1.6557953321977508,0.5182396720184964,0.17074805102832247,
-1.5635853590162077,3.582633830170259e-16,-0.19147524481277448,0.025713638646236266,0.33596069197719725,-0.2900005911771001,-0.852570086909242,0.15529998280539523,-0.05397322375879737,
0.4376681787148819,-0.5528740556805313,-0.7179668671792456,-0.8660704923161366,0.33596069197719725,-0.530507410573211,2.345205136903753,1.2441190504446986,-1.4145952418439138,
-0.11349243479320033,-1.1741657411993582,-0.7130041389229173,0.521480040345945,0.33596069197719725,-0.8912676396673775,2.2075089672020014,-0.5705793956208071,-0.2770924231286476,
-1.666137353091727,3.582633830170259e-16,-0.5554785004926962,-0.9685877691079945,0.33596069197719725,1.3935471445956769,0.0,-0.5705793956208071,-9.728482535567586e-16,
1.204253513552024,-1.3982325081709506,-5.148716173818101e-16,1.1464208344099798,0.33596069197719725,0.43151986701123285,0.45457780623389293,0.8811793612315975,-9.728482535567586e-16,
-0.8807811376133392,0.27472868591338184,-1.4024360702824086,-0.6291160428685438,-3.133198627352555,-1.6127880978557105,-1.2060286180216546,-0.5705793956208071,-1.6918399242931275,
-0.9638396045145095,3.582633830170259e-16,-1.2222118418894872,-0.40593462712096784,0.33596069197719725,0.6720266864073439,0.3131829956172301,0.0,-1.2702189338026335,
0.14581332582356604,0.6464929853601346,-0.8803318854906091,0.9764519382194519,0.33596069197719725,0.31126645731317737,2.1414633471675857,0.5182396720184964,-0.03023327437575701,
1.186577163483118,3.582633830170259e-16,0.7670322776451703,0.061597355034623893,0.33596069197719725,1.2732937348976212,0.4998844737712838,-0.20763970640770588,0.5977191962100893,
-1.1895081689338534,-0.23483639352506386,-0.3608298155155665,-2.4879986612666403,0.33596069197719725,0.6720266864073439,-0.14331744919559505,1.2441190504446986,-2.2705062050371576,
-0.006655681659956825,1.2070247788682988,-0.15900868860437048,0.14492551958586228,0.33596069197719725,-0.6507608202712666,0.1898517384592784,-0.20763970640770588,-0.01138129183155078,
0.3963771049767119,-1.481316214065752,1.4724374233743083,-1.5006056943405996,0.33596069197719725,1.6340539639917877,-0.018829639743537022,1.2441190504446986,-0.09488292848639943,
0.6865066115370996,0.6356339610937322,1.4724374233743083,1.623420833126579,0.33596069197719725,-1.1317744590634884,0.03238684762861433,0.15529998280539523,2.430534190851071,1.0
0.11932664638473538,1.2916394528654538,-0.24592017169740085,0.3594178053383249,0.33596069197719725,1.0327869155015104,-0.1724804165477916,0.15529998280539523,0.12386074686360651,
-0.4772795060463858,-0.15654719787226115,-0.6502434165163417,-7.209671949983916e-16,0.33596069197719725,0.7922800961053993,-0.7120753552329779,0.15529998280539523,-9.728482535567586e-16,
-0.9828725592551104,-0.6381788960490348,-0.9210379212124328,0.3027620100731877,0.33596069197719725,-1.3722812784595995,0.05559257499115628,0.5182396720184964,-0.44942892088360387,
0.020200279082082218,1.691741552041403,0.8843678327762006,-1.5962145303042672,-3.133198627352555,0.43151986701123285,0.2357233668287388,-0.5705793956208071,-0.8549779308743952,
-1.2513316758036113,-0.9219159752296042,-0.1561630227291594,0.8405894588515663,-3.133198627352555,-0.16974718147904458,1.0539010616276394,-0.5705793956208071,0.269889962136534,
-1.666137353091727,-0.0011871396999679948,-0.3669254164124584,1.228595143901708,0.33596069197719725,-0.16974718147904458,-0.2551032599786002,1.2441190504446986,0.7423268574073169,
0.40487749662953715,-0.7278732725195172,-0.8621807426819534,1.0472007419444065,0.33596069197719725,0.31126645731317737,0.0,0.5182396720184964,-9.728482535567586e-16,
0.917949300520844,-0.7970170567673374,-0.8111698051208711,-0.2501696157474915,0.33596069197719725,1.6340539639917877,0.0,1.6070587396577998,-9.728482535567586e-16,
-1.666137353091727,-1.1802358895916218,0.45224361524122303,-0.2965672092745424,-3.133198627352555,0.1910130476151219,0.9409381944695925,0.15529998280539523,-0.18243841929544677,
-1.1828215067493164,1.5004286201280126,-1.4439310441656779,-2.2294980175121797,0.33596069197719725,0.0,1.7794246858318916,-1.6593984632601104,-3.0245492906005857,
0.6053248032956863,-0.9424929318440936,1.2346106870734948,0.49875497277366243,0.33596069197719725,0.31126645731317737,0.1039608022658656,0.5182396720184964,1.3348465404873737,1.0
2.1842972777607694,-0.5984069405929588,-0.5377609247260196,0.23833154036409016,0.33596069197719725,-1.252027868761544,2.626773112340603,0.15529998280539523,-0.4054440876337096,
-0.051539394013301175,0.5399846863564794,-0.09231404115274455,0.061597355034623893,0.33596069197719725,-0.771014229969322,-1.5811709216835061,0.0,0.10486619832072912,
-0.8735483098638279,-0.12811650081479278,-1.4689039008403617,1.1590061546898187,0.33596069197719725,-1.733041507553766,-1.278111804499735,0.8811793612315975,-0.06988638017112847,
-0.2751449865506536,-0.6801911797462203,0.066835130780407,-0.9084315936981856,0.33596069197719725,-1.3722812784595995,0.4047018252881404,0.5182396720184964,-0.7096787109901785,
1.4349363577920127,-0.7386718792197333,-0.299479250546362,-3.2841739562653465,3.851540552412827e-16,1.2732937348976212,0.6081981043673248,0.8811793612315975,-9.728482535567586e-16,
-0.7834883530064118,-0.08008164456445624,0.023109212927223684,-7.209671949983916e-16,0.33596069197719725,-1.011521049365433,0.3384334331946206,0.0,-9.728482535567586e-16,
-0.951697760148943,-0.6842131453446733,1.4724374233743083,-0.6605420408814964,0.33596069197719725,-0.530507410573211,0.10435832875443382,-1.6593984632601104,0.5759765272067935,
-0.6043090852385861,0.6733709678596272,0.287192997385492,-2.2294980175121797,3.851540552412827e-16,-0.16974718147904458,-0.7656614018834262,-0.9335190848339081,-9.728482535567586e-16,
-1.1209047951515874,3.582633830170259e-16,-5.148716173818101e-16,0.16448639134646012,0.33596069197719725,-0.6507608202712666,-0.6943791945437072,-1.2964587740470093,-9.728482535567586e-16,
0.060298019358756415,0.06152458303128236,-0.7435235859225037,-7.209671949983916e-16,0.33596069197719725,0.43151986701123285,-1.357815493742145,-0.9335190848339081,-9.728482535567586e-16,
1.7091623493482215,0.42351760177733144,0.7711598924080788,-0.8524275342349684,0.33596069197719725,0.0,1.6836995486843134,-1.2964587740470093,-0.22827842071944218,
0.28030160753047745,-0.6021890943218223,1.4724374233743083,0.7193716568530855,0.33596069197719725,-1.4925346881576549,0.3857082513468357,0.15529998280539523,1.6720042362976895,1.0
-0.35139308877163783,-0.12091361961250001,0.4080243661316074,-0.7389776087168882,0.33596069197719725,-0.8912676396673775,1.0350105794646391,1.2441190504446986,-0.362058088613752,
-0.3947087688668547,-0.6765997253527702,0.8796572109330457,0.5791423984404118,0.33596069197719725,1.6340539639917877,-0.5605582565362518,-1.2964587740470093,1.181674339357637,1.0
-1.666137353091727,1.543707440929514,0.7880945338731002,-0.23106904277874923,0.33596069197719725,0.31126645731317737,0.6063215879713848,-0.5705793956208071,0.3686781994562222,
0.8950881028163817,-1.0469208177345213,1.4724374233743083,0.18735373162047952,0.33596069197719725,-1.252027868761544,0.2819641482465258,-0.20763970640770588,1.2490810174110825,1.0
-0.15981376082667034,3.582633830170259e-16,-2.179159035969566,1.2652670364152436,0.33596069197719725,0.5517732767092883,2.0546372792338223,-0.20763970640770588,-0.7715195280033295,
-0.2724921873360893,-0.007785822945794253,0.8547375550904331,-2.1588676722912936,0.33596069197719725,-0.530507410573211,0.0,-1.6593984632601104,-9.728482535567586e-16,
3.430941838709098,-0.160597033367773,1.2217036284812612,0.16061174485999086,3.851540552412827e-16,-0.771014229969322,-1.369690533658159,0.15529998280539523,-9.728482535567586e-16,
0.25359677552532944,1.2906515886062617,-1.4709278997887711,0.9877458511550494,0.33596069197719725,0.43151986701123285,-0.06807547324771467,-0.20763970640770588,-0.3011504973263528,
-0.8996622589683314,-0.45403586829184944,-0.9456608492311657,0.3594178053383249,0.33596069197719725,-0.41025400087515557,-0.5383571117365556,0.15529998280539523,-0.3774630233889382,
-0.5424101251551381,-0.04120569871969517,-0.9052151006340788,-0.4541708101037837,0.33596069197719725,1.3935471445956769,1.2491365842832125,-0.5705793956208071,-1.14013483744598,
1.1863667859666875,0.38493811333502176,-0.7637784223885172,-0.09256601491825099,3.851540552412827e-16,-1.252027868761544,0.5824013039911797,0.15529998280539523,-9.728482535567586e-16,
0.04997905478388058,0.04706932998816165,-0.4773248288679484,0.5627431154776456,0.33596069197719725,0.0707596379170664,1.2660280217412168,1.2441190504446986,0.005305802414893703,
-1.6532692314875315,0.157828270841889,0.36244279349886643,1.1001588807692309,0.33596069197719725,1.2732937348976212,-0.9725741688706769,0.0,1.243601549343343,1.0
0.9347387469295695,-0.773834926169099,1.0848246886642896,-2.0938940530820473,0.33596069197719725,1.1530403251995658,-0.4177663902655779,0.15529998280539523,-0.8381500953846316,
-0.8078368605112037,-1.1802601948996527,-5.148716173818101e-16,-1.6307617396792617,0.33596069197719725,-0.2900005911771001,-1.6509249337404452,-1.6593984632601104,-9.728482535567586e-16,
1.9820899808226673,-0.580253639137503,-0.890189796944,-0.30341735032911077,-3.133198627352555,-1.1317744590634884,-0.48950249933092727,0.5182396720184964,-1.0949254154091024,
-3.1200591762375035e-16,0.644418231388915,-0.8981663126702677,-0.6189053812232888,0.33596069197719725,0.0707596379170664,0.4984410854030946,-0.5705793956208071,-1.2116752437236342,
-0.5654241718797169,0.0159559166038782,1.4724374233743083,-0.4966798362056373,0.33596069197719725,0.31126645731317737,-1.448372821557815,0.15529998280539523,0.8255157059238977,1.0
1.3318992994015133,-0.20292754579091235,0.8309990851325993,-0.6605420408814964,-3.133198627352555,0.1910130476151219,0.5065627405045331,0.5182396720184964,-0.15816138305866975,
0.00012379331123450502,-0.4038958080340193,0.1772445365775493,-0.7750607445627798,0.33596069197719725,-0.41025400087515557,0.4505479749007633,0.0,-0.5217026254474832,
0.8617859421120942,2.0264692908407382,0.62995282151835,-1.1419537467098653,0.33596069197719725,1.3935471445956769,-1.011323114914675,1.2441190504446986,-0.366555752032891,
0.457760540857594,1.830323796679753,0.04661790743087464,1.266262422067482,3.851540552412827e-16,-1.733041507553766,-1.0927896322331943,0.8811793612315975,-9.728482535567586e-16,
-1.0034738484977128,-0.19580026290196587,0.6893691367993344,-1.0506512173851883,0.33596069197719725,-1.011521049365433,0.3075698504134736,-0.9335190848339081,-0.3470009995732111,
-0.7808379477137695,-1.314397463539142,-0.30845958311514865,-0.7389776087168882,0.33596069197719725,-0.16974718147904458,0.15059644498740654,-1.6593984632601104,-0.8370063886347123,
1.0562972437964782,3.026498878895467,0.39282121368277195,-0.5696941387866723,0.33596069197719725,1.5138005542937323,0.29515654581572326,1.6070587396577998,-0.18080506253704104,
-0.4418735672882042,3.3108969288277303,-1.6701366315386887,1.2612732428843223,0.33596069197719725,0.31126645731317737,-0.5431911853846261,0.8811793612315975,-0.1944974596605316,
-0.5174806469121739,1.2807889963296586,-0.7162366799053317,0.7329170445395592,-3.133198627352555,0.9125335058034548,1.1880664693544924,-0.5705793956208071,-0.25068519925386595,
-1.1228741685902133,-0.3375915805255137,-0.7037464581572209,0.8149804928167521,0.33596069197719725,-1.733041507553766,-1.0485426767865864,0.5182396720184964,0.21260927441642527,
0.3906495447932513,1.8181728484744406,-0.35289119260519447,-1.3134811348559714,0.33596069197719725,0.5517732767092883,1.0282897917550027,-0.5705793956208071,-1.4017803521760157,
2.1898184728178216,1.0110109724928906,-0.99301612646981,0.9356378965204973,0.33596069197719725,-0.6507608202712666,0.39528202262080486,0.5182396720184964,-0.017009654520596967,
-1.2462752250195772,-0.08224183588954778,-0.5374119281350636,-0.06646290088151717,0.33596069197719725,-0.0494937717809891,-1.2593752657795032,-1.6593984632601104,-0.35943963516563515,
-0.0477786984714508,0.17885667673016142,-1.674621157541702,-0.5054554557052086,0.33596069197719725,1.6340539639917877,-0.5161567982163732,-1.6593984632601104,-1.6302993647099475,
1.4759317508821397,-1.1008931412270135,0.7173286936851112,0.3315840992082774,0.33596069197719725,-0.530507410573211,-0.43698167921109626,-1.2964587740470093,0.8492571430764039,1.0
-0.16179435695720906,1.148055494974544,-0.014493119295019227,-7.209671949983916e-16,0.33596069197719725,-1.3722812784595995,-0.5744206670572519,-0.20763970640770588,-9.728482535567586e-16,
0.42223547826053204,3.582633830170259e-16,-1.8958248686786914,0.7885372132896927,0.33596069197719725,-0.0494937717809891,-0.8092263148145056,1.6070587396577998,-0.7277842375196187,
-1.2406333445324569,-0.2565133981844908,-0.8867195745941306,1.097713888265049,-3.133198627352555,0.6720266864073439,0.7277826746588405,0.15529998280539523,-0.04954409162183485,
0.3958178958651078,-1.2257979263132848,0.47142364151209515,1.2399772371748081,0.33596069197719725,1.7543073736898431,-1.2925925679090184,-1.2964587740470093,1.4632563721342429,1.0
-0.27980813391333437,-0.7765264082572905,-0.54840097747457,-0.5988614764834357,0.33596069197719725,0.0707596379170664,-1.2392281347184928,-1.6593984632601104,-0.8003017667678184,
1.007741831574142,-0.9783818968164988,-0.7268533857621498,-0.026368978902159314,0.33596069197719725,1.7543073736898431,1.3513557865031822,1.2441190504446986,-0.6666666476887004,
1.2291144513837182,0.68570743535394,-0.0053097917308026635,-2.869517949171395,0.33596069197719725,1.2732937348976212,0.0,0.5182396720184964,-9.728482535567586e-16,
2.7683874738325933,-0.173554025407748,0.47953484341422814,1.0626874481975832,0.33596069197719725,-0.0494937717809891,0.5135637519029203,0.8811793612315975,1.1899012319617424,1.0
0.5619396110991788,3.582633830170259e-16,-1.5841174836961738,-7.209671949983916e-16,0.33596069197719725,0.1910130476151219,0.5494641281486008,0.15529998280539523,-9.728482535567586e-16,
0.28328430511223857,-1.3693584779804902,0.7189843050724831,1.0085075173619666,-3.133198627352555,0.9125335058034548,-0.9617117124132006,1.2441190504446986,1.218988887249881,1.0
0.13902371294494553,0.7804210611387952,-0.8466782279311593,-0.28977439224794177,0.33596069197719725,-0.530507410573211,-0.5719381035498884,0.8811793612315975,-0.8257229939272167,
-0.46206267162244824,0.1312872593002453,0.06038658097929684,-0.17632446672986224,0.33596069197719725,0.31126645731317737,0.6081610904992901,-0.5705793956208071,-0.13713872185197884,
0.29721233247496776,0.6955663280080604,0.040106369443362905,-2.1588676722912936,0.33596069197719725,1.5138005542937323,0.11056994292015178,-0.20763970640770588,-1.7201183138224074,
-0.3986499297937698,-0.8763384863677556,-0.529901984790242,-0.2965672092745424,0.33596069197719725,0.0707596379170664,-0.8772054197571795,-1.2964587740470093,-0.5688262210400054,
0.11056578039060629,-0.23186594719334166,-1.1056465845296388,1.0915689921702945,0.33596069197719725,1.3935471445956769,-0.39212557026301775,-1.6593984632601104,0.08337692925089948,
1.3720571327996063,-0.4647047828707676,-0.25004945307316845,-2.4879986612666403,0.33596069197719725,-0.0494937717809891,-0.22753257271619143,0.15529998280539523,-2.1804397269496865,
-1.17932165262936,1.14756575464517,1.4724374233743083,-0.07161680326008948,0.33596069197719725,1.6340539639917877,0.15153640884634986,-0.9335190848339081,1.0492306960825473,1.0
1.17696200016086,-1.3377452556476521,-1.4975373854860954,-2.3068648071843687,0.33596069197719725,-0.530507410573211,-1.1417809121852909,-0.5705793956208071,-2.907825082947964,
1.371527492050587,-1.1514084798446438,1.4724374233743083,-0.1646445976288869,0.33596069197719725,-0.2900005911771001,-1.6609107405059147,-1.6593984632601104,1.1103354479926817,1.0
-0.20397863788247556,-1.079428611917514,-0.21994551142475108,-0.894064193893176,0.33596069197719725,0.31126645731317737,-0.31451562760050994,0.15529998280539523,-0.8606599428376843,
-1.666137353091727,-1.1453794731398104,0.12218123873268666,-0.5415385915511003,0.33596069197719725,-0.8912676396673775,0.6327403713877876,0.8811793612315975,-0.38796887010065195,
-0.7416168756638037,-1.07654958899308,-1.1787472211245704,1.0575579720595834,0.33596069197719725,-0.771014229969322,-0.10448949759110729,1.6070587396577998,-0.021058616228072157,
1.3494397229668316,-0.24591577108776658,-0.813028312671629,0.0024531102329304164,0.33596069197719725,0.7922800961053993,-0.41395042547581,0.0,-0.5755890482274117,
-0.09947011626371086,0.26894712372542234,-0.5018952699739351,-0.4709082463302138,0.33596069197719725,-0.530507410573211,0.0,1.6070587396577998,-9.728482535567586e-16,
-1.1713734089027328,-1.257173259374271,-1.1311939555382522,0.3594178053383249,0.33596069197719725,0.1910130476151219,-0.5219974869200735,0.8811793612315975,-0.5189200842883763,
-0.6284945653300356,-0.2903846194147766,-0.16104488463929387,-1.068108597692235,0.33596069197719725,-1.733041507553766,-0.27053528884681965,1.6070587396577998,-0.9603630075934088,
0.8484439920132892,0.1039818410806045,-0.3907172154249115,-0.5143269855135926,0.33596069197719725,1.7543073736898431,-0.7627019227694701,-0.9335190848339081,-0.64855168120684,
0.52582330544056,0.7487365602081691,1.4724374233743083,0.26608593271248354,0.33596069197719725,-0.530507410573211,0.24495500244666057,0.5182396720184964,1.3156097835634524,1.0
-0.3366594318973952,-1.5256522067540965,-1.2706442112283447,-0.5988614764834357,0.33596069197719725,-1.011521049365433,1.8253494629061928,-0.9335190848339081,-1.5768412514228454,
-0.4770561890366348,0.37368335593652524,0.2002301823994496,0.5603730790562236,3.851540552412827e-16,-0.8912676396673775,0.12020271610329279,0.15529998280539523,-9.728482535567586e-16,
-0.5044277782896142,0.10684189798004454,-5.148716173818101e-16,-7.209671949983916e-16,0.33596069197719725,0.43151986701123285,1.4361554410796882,-0.5705793956208071,-9.728482535567586e-16,
-1.0869633772350964,-0.31060413777871054,-1.159744550275069,0.7722476319147256,0.33596069197719725,1.1530403251995658,0.0,0.15529998280539523,-9.728482535567586e-16,
1.6989500185753976,-0.7489996591448889,0.8774714761015094,1.335814377709713,0.33596069197719725,-1.3722812784595995,-1.5178022524371848,0.5182396720184964,1.8646898004204335,1.0
-0.4282009522190413,-1.1547287749046646,-0.3806434350983564,-1.2448427830217015,3.851540552412827e-16,-1.3722812784595995,-0.06781236914588551,0.8811793612315975,-9.728482535567586e-16,
1.2617978711279463,-1.3867272452647275,-2.8084741361664,-0.26973048750808937,-3.133198627352555,0.43151986701123285,-0.8410511820348897,0.15529998280539523,-2.491027833683086,
1.5956938664566518,0.6527727061695618,0.8461936469514757,-0.31729353263187643,0.33596069197719725,1.0327869155015104,1.9165469871741794,-0.5705793956208071,0.24416051477879847,
1.021552809512346,-1.2887234317054908,-1.2137955989920584,-1.000424669128043,0.33596069197719725,0.0,-1.875313359107479,1.2441190504446986,-1.5804417015124592,
-0.5481873944594302,-1.0972782160541166,-1.133605453505525,0.8670435114782592,0.33596069197719725,0.1910130476151219,0.1820669006576837,0.5182396720184964,-0.16275364444965176,
0.36883791564955865,0.22885774601569578,0.8787173396819618,0.7424557782467498,0.33596069197719725,0.31126645731317737,1.7975679182187654,1.2441190504446986,1.1356908553051999,1.0
-0.10092745862953637,-1.678861813286622,-0.3213227426801161,0.12081274969664856,0.33596069197719725,-1.733041507553766,-0.47510591278427433,-0.9335190848339081,-0.1035292293750785,
-1.0664258802247664,-0.1169530092799136,1.1452258944907303,0.24535960935515025,-3.133198627352555,-0.16974718147904458,-1.1509404432065942,0.0,0.9375255942701235,1.0
0.28170676671179384,-0.5922181298828233,1.4724374233743083,-1.7858483248555497,3.851540552412827e-16,-1.3722812784595995,0.0,-1.6593984632601104,-9.728482535567586e-16,
-1.3686844894428176,0.11339272500860491,-5.148716173818101e-16,0.28629619402586337,0.33596069197719725,0.0,0.7305842494061677,0.8811793612315975,-9.728482535567586e-16,
1.2294364687763992,-0.8860282808995289,1.0008709184637754,0.8201673277022842,-3.133198627352555,0.9125335058034548,0.6923542343403167,-1.6593984632601104,1.1550539852669357,1.0
-0.5844106008011074,-0.38118503364780265,-0.7946999967846111,0.32526704866849254,0.33596069197719725,-0.16974718147904458,1.1771885033427132,-1.6593984632601104,-0.4201442449462,
0.14646151551403797,0.267595992605499,1.4724374233743083,-0.4966798362056373,0.33596069197719725,-1.011521049365433,0.22662281466040812,0.5182396720184964,0.6994397526577275,
0.23661967210450124,1.4676968541016657,-0.722233856493709,0.5338354828035968,3.851540552412827e-16,-0.41025400087515557,2.075847342271693,0.8811793612315975,-9.728482535567586e-16,
-0.35858511888657346,-0.6827304180771534,1.2708053220535747,-0.1941655562842744,0.33596069197719725,0.7922800961053993,-1.3501943934353289,-0.9335190848339081,0.9106539894591454,1.0
0.5696905797915646,-0.7374567999150337,1.059451920835735,0.26266808809382913,0.33596069197719725,1.6340539639917877,-0.5253516365091886,-1.2964587740470093,1.0586892582192373,1.0
-0.5957026907008796,-1.1474699181704289,0.44764041736754945,0.1289301863192576,0.33596069197719725,1.3935471445956769,-0.7567424139105696,0.5182396720184964,0.5054227807781633,
0.8821206788333572,-0.3601043947776675,-0.696247519964574,-0.14177725735486676,0.33596069197719725,0.0707596379170664,2.2165964441253267,1.6070587396577998,-0.8020977071315667,
-1.5519466306948166,0.9301289141449179,-0.09435635807450449,0.6480314411036308,0.33596069197719725,-1.252027868761544,1.9600140239161565,-0.20763970640770588,0.3115680253780569,
0.06436994958858398,0.49189664010372897,-2.415671761550827,1.0766286275161994,-3.133198627352555,-0.530507410573211,0.07143915874524198,-1.6593984632601104,-1.172792610745556,
-3.1200591762375035e-16,0.366543401345964,0.3413619061533303,-3.6133049452406936,0.33596069197719725,-1.3722812784595995,-0.8335053063777625,-1.2964587740470093,-2.5989102507215676,
-1.1725031188925363,0.7856309607331149,0.4865118025785728,1.2642704286808657,3.851540552412827e-16,1.5138005542937323,-1.0870329685721094,-0.9335190848339081,-9.728482535567586e-16,
-0.8183764550325948,-0.6964042675472307,0.23594964824483,0.18358696431520244,0.33596069197719725,-0.2900005911771001,0.3768959961672686,0.15529998280539523,0.3043500459805291,
0.48978811037046827,-1.7359092626975776,-3.1651138249944215,0.6065069075451504,0.33596069197719725,1.7543073736898431,2.081399640080136,-1.6593984632601104,-2.052062178826861,
0.12277390315069203,-0.7907677919822489,-1.3861914201131145,0.9905449466792693,0.33596069197719725,-0.8912676396673775,-1.2296135606174334,0.0,-0.14741227363409715,
0.31054616694947246,0.6668564364774734,-0.7861555189871123,0.07896137322785549,0.33596069197719725,0.0,-1.1251092303682724,-1.2964587740470093,-0.43980754748385137,
0.46265036626568756,3.582633830170259e-16,0.4193178612908773,0.9326425540158362,0.33596069197719725,0.0,-1.7466213897972636,-0.20763970640770588,1.2092252883962247,1.0
0.6224140670165093,0.7770849394329118,0.4166280496302554,-0.8660704923161366,0.33596069197719725,-0.530507410573211,0.010345641457983164,0.0,-0.38132634903929274,
1.143832610138481,-0.23454891914001683,-0.11618334087581068,-0.9531256464159787,0.33596069197719725,1.2732937348976212,0.5322081011308072,-0.20763970640770588,-0.8937863259019636,
0.3755217810629741,0.006020258734697746,-5.148716173818101e-16,0.51145846987622,0.33596069197719725,0.1910130476151219,-0.46650503008089456,0.8811793612315975,-9.728482535567586e-16,
-0.33921236441392627,0.7397692278458173,-1.108640853315024,1.0340655540811023,0.33596069197719725,0.7922800961053993,-0.39981150578157704,0.15529998280539523,0.03513648769933978,
0.6639672347039424,-0.551933368103279,0.7886710769773125,1.1050268827510936,0.33596069197719725,-0.16974718147904458,-1.648705895939107,0.5182396720184964,1.6205776064102544,1.0
2.0112733585600004,1.8336985341418508,0.6315822591020485,0.4806293128753417,0.33596069197719725,-1.6127880978557105,0.0010534422959942147,0.8811793612315975,0.8721493293329632,1.0
-0.21996794581894033,-0.22147217866025914,0.5189044045136825,0.21687469027586848,0.33596069197719725,0.5517732767092883,-0.5322592069632053,-0.9335190848339081,0.6135888560174079,
-1.1441783521290942,1.754502838114503,-0.12988340824502703,-0.283037947796639,0.33596069197719725,0.6720266864073439,-1.19970947568696,-0.20763970640770588,-0.23126445409617466,
1.1409573524975376,0.05955728407218184,1.4724374233743083,1.5615379246732075,0.33596069197719725,-0.8912676396673775,2.7838318536315105,1.6070587396577998,2.173332919074272,1.0
-0.20651738883054344,-0.7308230824168815,0.652977119075267,-0.31729353263187643,0.33596069197719725,0.7922800961053993,-0.7992771213502954,0.5182396720184964,0.3025462240142659,
-3.1200591762375035e-16,0.561652380988789,-1.0415047490042493,0.7055963971013953,0.33596069197719725,1.3935471445956769,-0.24190559773467107,1.2441190504446986,-0.19194258535566944,
0.8559106620118583,0.09922578738994184,0.36905439110774035,0.2312420900808766,-3.133198627352555,-1.6127880978557105,0.12357338163931067,0.15529998280539523,0.2435344426762699,
-0.6620351214337702,-1.2406547599049251,0.9535921050455044,0.4037860555642129,0.33596069197719725,0.6720266864073439,-0.8870961210401527,1.6070587396577998,1.1201606741528194,1.0
-0.173751183384802,3.582633830170259e-16,-0.6006738929157647,-0.10324691767268025,0.33596069197719725,-0.0494937717809891,0.38290700441702163,-1.6593984632601104,-0.560647633051951,
0.29007295012069384,0.3605249117618035,1.3440610160058715,1.4353703243755829,-3.133198627352555,-1.252027868761544,0.2787191546518424,0.8811793612315975,1.9436509061869411,1.0
0.13475927912628957,1.538767011437275,0.5240972710792436,-7.209671949983916e-16,0.33596069197719725,-1.1317744590634884,-1.4658655928966586,0.15529998280539523,-9.728482535567586e-16,
-3.1200591762375035e-16,0.0609282231702144,-2.63466878591547,1.283973747910055,0.33596069197719725,0.1910130476151219,1.804253168446749,-1.6593984632601104,-1.081801625068223,
-0.5524314492746039,-0.8809327946006466,0.4286080870148455,-3.2841739562653465,0.33596069197719725,-0.8912676396673775,0.4699807014798781,-0.5705793956208071,-2.3646115392923495,
0.48890763972356593,0.11685794897404288,-0.38957320411650714,0.32526704866849254,0.33596069197719725,0.43151986701123285,2.5706253366328315,0.15529998280539523,-0.21883312480400932,
-0.3592895642274228,0.1060036928025324,0.7039717787453172,0.6437591317799016,0.33596069197719725,-1.252027868761544,-0.5773928822147076,1.6070587396577998,1.1024736039380123,1.0
0.736680198280587,-0.7119695191423967,1.17588322664821,0.7095560971371124,0.33596069197719725,0.9125335058034548,-0.0989635460720189,-1.6593984632601104,1.4764030580636602,1.0
0.6011677808858845,-0.5887297892238003,0.30744054770287277,1.149872591125131,0.33596069197719725,0.43151986701123285,-0.23737745485238976,0.0,1.186942270688279,1.0
-1.10126573502325,-0.28787348722447575,1.4724374233743083,-3.6133049452406936,0.33596069197719725,-0.16974718147904458,-0.5750316475149205,-0.20763970640770588,-1.7635000029522083,
1.117795925700378,1.5312947401901955,-5.148716173818101e-16,-4.17595808722772,0.33596069197719725,-0.6507608202712666,2.031526421338893,-0.9335190848339081,-9.728482535567586e-16,
-0.6627324919338419,-1.5230371524883288,0.8055782176903218,0.09174489565681289,0.33596069197719725,-0.2900005911771001,0.5285225936426426,0.5182396720184964,0.6491046236183966,
-3.1200591762375035e-16,-0.4564391156257567,1.0144126581729433,-2.3923898253029736,0.33596069197719725,0.7922800961053993,1.1921240622370433,0.8811793612315975,-1.2542108772042428,
0.3288320107046485,1.5423761980135775,-0.03168968102685011,1.5101630877532672,0.33596069197719725,-1.252027868761544,-0.33231738676319145,-0.9335190848339081,1.2294722948117893,1.0
1.943542662482607,-1.2487471520045854,0.9840734899036536,-0.6605420408814964,0.33596069197719725,-1.011521049365433,-0.09700144636593817,1.6070587396577998,0.222027932816948,
-0.31968114290530253,3.2773741922466115,-0.6082845646325804,0.09174489565681289,0.33596069197719725,0.0,0.0,-0.9335190848339081,-9.728482535567586e-16,
-0.4578367972046155,0.7400205398276396,-0.40874862592457406,-1.7858483248555497,3.851540552412827e-16,-0.530507410573211,1.0515366246136681,-0.9335190848339081,-9.728482535567586e-16,
-0.09568449313087,-1.0688124139021555,-1.4405113422210623,0.20959448992769888,0.33596069197719725,-1.4925346881576549,-1.369565533011472,0.15529998280539523,-0.8102056545612327,
-0.4071888191112563,0.07304425397364842,0.36105883611106493,-0.14177725735486676,0.33596069197719725,-0.2900005911771001,-1.1992260147569265,0.15529998280539523,0.25412004897540014,
0.8037886358236297,-0.7876319867845811,0.45826487771177254,-2.0337378776722383,0.33596069197719725,1.7543073736898431,1.0584193461088105,-0.9335190848339081,-1.3741112355272562,
-1.666137353091727,-0.8651747483282991,1.4483953821697784,-0.26973048750808937,0.33596069197719725,-1.6127880978557105,-1.165907695139989,0.15529998280539523,0.9698263472409699,1.0
-1.2310705222684237,0.15617682566263644,0.9984101275724573,-0.11407023665585073,0.33596069197719725,-1.3722812784595995,1.596461397667831,1.2441190504446986,0.5478316925470464,
-1.2465716318327673,-1.5946318844409872,-0.2490164484513533,1.6927688133134897,0.33596069197719725,-1.4925346881576549,-1.097252823328229,0.8811793612315975,1.270634372442093,1.0
0.9688560650445738,-1.5059114266707105,-1.2847951210862494,-7.209671949983916e-16,0.33596069197719725,-0.0494937717809891,-1.3796878765554066,0.5182396720184964,-9.728482535567586e-16,
1.803499397579615,0.20150030540881583,0.5830135300045424,0.26266808809382913,0.33596069197719725,-1.3722812784595995,1.2409009827948152,0.5182396720184964,0.565652926005148,
-0.18902772565154927,-0.6856287840742091,1.3689657392039523,1.651132153655282,3.851540552412827e-16,0.9125335058034548,-1.5646003292401023,0.8811793612315975,-9.728482535567586e-16,
-0.25969413800452734,0.49735634924958194,0.9567243033671349,0.8218889336449425,0.33596069197719725,0.6720266864073439,0.00194658773026663,0.5182396720184964,1.3941144122202545,1.0
0.0025352197154225094,-0.1685298587387994,1.3385020736711246,1.7631540318836576,0.33596069197719725,-1.3722812784595995,0.6805688370685775,-0.9335190848339081,2.393648437271284,1.0
1.2011127274226878,-0.8456495642416169,-0.16449009111747942,1.460030568520807,-3.133198627352555,1.7543073736898431,0.2893651161363854,0.8811793612315975,0.8226540278001038,1.0
-1.0923896150840873,0.5907031927059362,-0.45982029573018407,0.1329586655437025,0.33596069197719725,-0.0494937717809891,0.7572642568889445,0.8811793612315975,-0.29113172299708345,
0.1873089184478819,0.09903483210891945,-0.7731823976281068,0.597487515889122,0.33596069197719725,-1.1317744590634884,1.0864905892433943,-1.6593984632601104,-0.17665954905849682,
0.9961796822438049,3.0994864771342496,0.01636636673286849,-1.26708354132892,0.33596069197719725,0.0,0.9588941851526294,1.6070587396577998,-1.0799082130316107,
0.47572159579760237,-0.6547225936856587,-0.009945162125182995,0.016489256453385136,0.33596069197719725,1.5138005542937323,0.5221049976762353,-0.20763970640770588,-0.02771225918826227,
0.13375145394351984,-1.2306634979628321,0.32079157242405554,0.8637835195557109,0.33596069197719725,0.0,0.4738628279659395,-0.20763970640770588,0.9118750805071061,1.0
1.0245554327244566,1.2198613054410403,-0.06873384695779125,0.17218063755807464,0.33596069197719725,1.3935471445956769,-0.44630638304571174,-1.6593984632601104,0.1267978399945403,
-1.666137353091727,-0.3746580780070853,-0.07375431233907752,0.6109792984604607,0.33596069197719725,-1.252027868761544,-0.10386531164144959,0.15529998280539523,0.4524878997625011,
0.6697872093800755,-1.1324840710104056,-0.8193175698766945,0.7095560971371124,0.33596069197719725,-0.41025400087515557,0.0038426914075557323,0.15529998280539523,-0.03930528531680755,
-0.7923929449554894,0.1613036181496487,1.1728736568095512,-0.5415385915511003,0.33596069197719725,-1.011521049365433,1.2900016704360695,-0.5705793956208071,0.3566714203206403,
-1.666137353091727,0.02979282913896482,0.16988615763395892,1.0511002061176113,0.33596069197719725,-1.4925346881576549,0.0,0.15529998280539523,-9.728482535567586e-16,
0.486818359193092,-0.2149543890094422,-0.12107612244007654,0.061597355034623893,0.33596069197719725,-1.011521049365433,-0.26482341599630876,0.15529998280539523,-0.015952861262550497,
1.4335994083335666,0.48654056478602725,-0.7853883177545999,-0.7157835480127437,0.33596069197719725,-0.41025400087515557,1.8154185247769046,0.0,-1.3040003449134778,
-0.22525346950688874,-0.6604111054045906,-1.4630317780895252,1.019367035814359,0.33596069197719725,-0.0494937717809891,1.231272285046237,-0.20763970640770588,-0.3673826521913668,
0.9716739997778724,1.1452471529620951,1.4724374233743083,-0.041173101641081726,0.33596069197719725,0.43151986701123285,0.0,-1.2964587740470093,-9.728482535567586e-16,
1.6955497412141467,0.3138110409041236,0.7242134071862597,0.7213206059230285,3.851540552412827e-16,1.7543073736898431,0.0,0.5182396720184964,-9.728482535567586e-16,
1.3691117171799703,-1.1781995312156015,-1.8015785056509623,0.2694894467036572,0.33596069197719725,0.0,0.9184166793169196,1.2441190504446986,-1.2068227347533285,
1.7259429887755107,0.5401832752780933,0.9659499311984533,-7.209671949983916e-16,0.33596069197719725,-0.8912676396673775,0.6433952194584461,1.2441190504446986,-9.728482535567586e-16,
0.7403215232645111,-0.523202472328532,1.1506854745164894,0.8670435114782592,0.33596069197719725,1.6340539639917877,0.6416140636711385,1.2441190504446986,1.5291206304392115,1.0
0.008442859773613628,3.142840331137431,0.2253722091746737,0.35024553941127345,0.33596069197719725,-1.1317744590634884,-0.15302124057444763,0.5182396720184964,0.47117219338722277,
-1.666137353091727,-0.713373485197326,1.4724374233743083,-0.11407023665585073,0.33596069197719725,1.2732937348976212,0.4413788790246658,0.5182396720184964,0.9930433020864338,1.0
-0.3444869820171586,-1.1512516004024869,0.33243416058193953,-1.2899508816029401,0.33596069197719725,1.3935471445956769,-0.4758625626675671,-1.6593984632601104,-0.7515451127918169,
-3.1200591762375035e-16,-0.8109479099010456,-1.5614758813260494,1.1158743078384041,0.33596069197719725,-1.4925346881576549,-1.1858381388683659,0.15529998280539523,-0.18171792401011852,
2.308836629392908,-0.4072309149395703,0.5045445380329903,-7.209671949983916e-16,0.33596069197719725,1.5138005542937323,0.0,-0.20763970640770588,-9.728482535567586e-16,
-0.2674489060687951,-0.3843201072953311,0.3651029956836896,1.0125968806590222,-3.133198627352555,-1.252027868761544,0.22145909651031068,0.8811793612315975,0.8657800966547098,1.0
0.06088476903933793,0.4740586329640404,-0.6182829646833239,-0.20020080265608944,0.33596069197719725,-0.771014229969322,1.5490212551546307,0.8811793612315975,-0.7402250282423296,
0.5310397128802208,-1.4132845237053364,0.7461491738571444,0.47008712706877565,0.33596069197719725,1.0327869155015104,0.15958936611911279,-0.5705793956208071,0.9382707907071469,1.0
-0.026500571262550662,-1.0076411826605431,-1.8522987354074611,1.2159935418295356,0.33596069197719725,0.0707596379170664,0.8228415878458607,-1.6593984632601104,-0.47165515859967894,
1.7864154859483254,-0.11504399445338594,1.229623155663679,-1.000424669128043,0.33596069197719725,0.7922800961053993,0.750167713353747,0.15529998280539523,0.06867258530943637,
-0.7578939706141923,3.582633830170259e-16,-0.9369115518300966,-7.209671949983916e-16,-3.133198627352555,0.0707596379170664,-1.2074100188574544,1.6070587396577998,-9.728482535567586e-16,
0.13926868505895845,0.6377635055594796,-1.0607624841644192,0.7537562423874709,0.33596069197719725,-0.771014229969322,-0.3006680044956803,-1.6593984632601104,-0.163083404266369,
-0.889430502662368,-0.9833970939966201,-0.05079500486376715,-7.209671949983916e-16,0.33596069197719725,0.31126645731317737,-0.5686046143214941,-0.20763970640770588,-9.728482535567586e-16,
-1.5234515454125022,-0.6791566476722817,0.5831555846033454,0.21687469027586848,0.33596069197719725,-0.2900005911771001,-1.1682721960363691,-0.20763970640770588,0.7100221447192385,
-0.7459499005632277,-1.2925726417545553,0.27122361030253556,0.44036964574018794,0.33596069197719725,-0.530507410573211,-0.0955444578734896,-0.9335190848339081,0.5744665941817416,
-0.11502417397413663,-1.3373435054798515,-0.7798579364713538,0.7386537249366553,0.33596069197719725,1.1530403251995658,-0.7397223211944195,-0.20763970640770588,0.07004396406065647,
-0.5456426592879204,1.1598855589270216,-0.505581707174558,0.9489818172441911,0.33596069197719725,-0.6507608202712666,-1.0152166726125618,0.15529998280539523,0.46836356523802763,
-0.8344873852185621,-0.33796881541619317,-1.232463439270057,0.748125674856657,0.33596069197719725,1.6340539639917877,-1.4603707097367529,-0.20763970640770588,-0.21012322758948573,
-1.618183834093948,-0.878268305028665,-0.1793190907080525,-0.21240760257575322,0.33596069197719725,-0.6507608202712666,-0.5799265091886606,-1.6593984632601104,-0.25809489416412196,
-0.16559724254316696,0.7369850997796807,1.3275385427081738,1.8701293339413982,0.33596069197719725,-1.1317744590634884,0.3014087713644836,0.5182396720184964,2.5005106423697203,1.0
-1.666137353091727,2.899176172837201,0.07622965091567081,0.0024531102329304164,0.33596069197719725,0.0707596379170664,-0.00575890434974216,-0.9335190848339081,0.0657866288255564,
0.7600029205582889,-0.44238645797525195,1.0775664613700846,-2.4879986612666403,0.33596069197719725,1.1530403251995658,-0.8790647687373148,0.5182396720184964,-1.1279888869234336,
0.0161339842049839,1.1806373872001863,1.4724374233743083,-0.18817485088191763,3.851540552412827e-16,-0.41025400087515557,-0.4661358803476051,-0.20763970640770588,-9.728482535567586e-16,
-3.1200591762375035e-16,0.9546783612330212,-0.6005694553922655,-1.1419537467098653,0.33596069197719725,-1.3722812784595995,-0.27322304341720893,-0.9335190848339081,-1.3521392605371259,
-0.41380761689667633,0.08048736848508649,-0.13513870679109125,-1.202109922119674,0.33596069197719725,-1.252027868761544,-0.33755093200120545,0.15529998280539523,-1.0442289810281475,
-0.9000633364505987,-0.3051833932643199,1.4724374233743083,-0.43777152714101675,0.33596069197719725,-1.6127880978557105,1.787541547596958,-1.6593984632601104,0.6296436056112887,
0.276015063572534,2.436926993937749,1.4724374233743083,-1.8761342768429976,0.33596069197719725,0.43151986701123285,-0.8822099841968642,0.0,-0.3339319752760431,
1.39714444608005,-1.206823619759849,-1.857793375250957,0.5791423984404118,0.33596069197719725,-1.733041507553766,0.38364612246165525,-0.5705793956208071,-0.9583569852152951,
-1.666137353091727,1.5430908249827058,0.5300270879767159,-7.209671949983916e-16,0.33596069197719725,0.0,-0.5055347613774049,-0.5705793956208071,-9.728482535567586e-16,
0.05190638078423682,-0.45514876608795296,0.0818212971571969,-0.7389776087168882,0.33596069197719725,-0.41025400087515557,-0.6445968506822796,-0.20763970640770588,-0.482178865233069,
-0.2501556658625389,-0.6652903776349747,1.0393517128590073,-7.209671949983916e-16,0.33596069197719725,-1.6127880978557105,2.3240475835433574,1.2441190504446986,-9.728482535567586e-16,
0.6626129944750891,-1.3128369503142816,-0.7825472544259396,-1.7442116651973418,0.33596069197719725,-0.41025400087515557,-0.8291816694408993,-1.6593984632601104,-1.935430792281927,
0.15967538154592806,-0.4790574054533682,-0.8922596646108243,-0.4879980753981608,0.33596069197719725,0.0707596379170664,-0.5236142883795059,-0.9335190848339081,-1.024296408958744,
-0.8998579717841066,-1.2601633984682874,-0.7026560985601654,0.32208999217570067,0.33596069197719725,-1.6127880978557105,-0.7926501382698767,-0.5705793956208071,-0.20488117630399555,
-0.42461503913888193,1.1806872414641716,-0.5819149369863746,1.4345622238631632,0.33596069197719725,0.1910130476151219,3.109521984445623,-1.2964587740470093,0.49333958119505433,
-0.9482220456051258,-0.1784503547705639,1.0264489507662737,1.0511002061176113,0.33596069197719725,1.2732937348976212,-0.9833347565570765,1.2441190504446986,1.7065476364436383,1.0
1.1068456623475262,0.5953376679484291,-1.2882981949141097,1.0523958758223637,-3.133198627352555,1.5138005542937323,0.0,0.5182396720184964,-9.728482535567586e-16,
-0.050970812252607245,-0.4368932023922985,-0.6406789183883266,-0.8660704923161366,0.33596069197719725,-1.6127880978557105,0.09597360818268998,-1.6593984632601104,-1.1868827533271842,
2.0127100702163703,0.46252645674143394,-1.9929871123655822,-0.4966798362056373,0.33596069197719725,0.0,-1.359159550780342,1.2441190504446986,-1.800362700196478,
-0.1409579871641869,-0.9077587231629722,-5.148716173818101e-16,-1.5962145303042672,0.33596069197719725,-1.1317744590634884,1.4247346707674955,0.15529998280539523,-9.728482535567586e-16,
-0.8520361542871773,-0.6444208319636809,1.4724374233743083,0.7885372132896927,-3.133198627352555,1.6340539639917877,1.376556385821084,-1.2964587740470093,1.4343554874299858,1.0
-1.666137353091727,-1.031005732048827,-0.2980329005389603,-1.6668448755251528,0.33596069197719725,1.5138005542937323,0.5645023630662116,-1.6593984632601104,-1.6114996170449605,
-1.666137353091727,0.64738989159111,-0.26426681332136914,0.28961618596551575,0.33596069197719725,0.9125335058034548,0.30620242268196984,0.15529998280539523,0.017451460430347374,
-1.666137353091727,-0.7666514881061842,0.6066319985437145,-0.5602000317540963,0.33596069197719725,-1.011521049365433,-0.2332592597193924,0.5182396720184964,0.02825301613940656,
0.21887831683808665,0.614465423607619,1.4724374233743083,-0.5793006047228385,0.33596069197719725,0.9125335058034548,-1.1926348324180231,1.6070587396577998,0.7393750869575052,
0.48409854226120813,-1.7173463069814987,0.5549103694791699,1.707342578162876,0.33596069197719725,-0.0494937717809891,1.374739322719056,0.15529998280539523,1.7039750013657906,1.0
-1.666137353091727,1.7345950701775812,-0.7275495776650655,0.7367459992696523,0.33596069197719725,0.5517732767092883,0.0,0.5182396720184964,-9.728482535567586e-16,
0.90818293132957,-0.4069272343750657,-1.7956711110371086,0.9386222267116847,0.33596069197719725,-0.41025400087515557,-1.4199110811409914,0.15529998280539523,-0.4846105451418166,
-0.6046576606249532,3.582633830170259e-16,-1.2116917490122638,0.32208999217570067,0.33596069197719725,-1.252027868761544,0.504369442162715,0.8811793612315975,-0.6872355755269115,
0.0867792692518486,-1.7167935768320988,0.1660617871640503,1.036709650548236,0.33596069197719725,-0.16974718147904458,0.0,-1.2964587740470093,-9.728482535567586e-16,
1.6954864768357667,-1.5257030732212045,-0.6786066944638688,0.48584950384140585,0.33596069197719725,0.0707596379170664,1.8879153410345413,1.2441190504446986,-0.25588642151952556,
-3.1200591762375035e-16,3.2756352163943387,0.3072152309409465,1.3247826759030632,0.33596069197719725,-0.530507410573211,-1.4858859902099388,1.2441190504446986,1.4223570718237566,1.0
-0.36915192634556887,-0.7023150780715699,-0.5598813165736606,-0.43777152714101675,0.33596069197719725,0.0,-0.7669222189313407,1.2441190504446986,-0.7141072542214981,
-1.0526931374595827,1.5748816005362225,-5.148716173818101e-16,0.37447829110510833,0.33596069197719725,0.43151986701123285,1.5956027665917272,0.5182396720184964,-9.728482535567586e-16,
-1.666137353091727,-0.9660781944260249,-1.283464079089979,0.5837676924229531,0.33596069197719725,0.1910130476151219,-1.232229049405646,1.2441190504446986,-0.3989089298523922,
-0.863833431751555,-0.07519987385675996,1.4724374233743083,-0.10864053816566902,0.33596069197719725,1.7543073736898431,-0.623525516441127,-1.6593984632601104,1.0775940290029433,1.0
-0.3061392938708849,-0.20864039680024538,1.1118536103664673,1.0639647685204483,0.33596069197719725,1.0327869155015104,0.5407200458585466,-0.9335190848339081,1.6667970415135531,1.0
-1.1580654277212614,-0.9312059114348382,1.4724374233743083,1.5594609847827263,0.33596069197719725,1.2732937348976212,-0.3136963285767713,-1.2964587740470093,2.404800544137673,1.0
-0.21845655437052125,-0.3073567181691089,0.7071845423273518,0.14492551958586228,-3.133198627352555,1.3935471445956769,-0.5425157675239181,-1.6593984632601104,0.479345357192029,
0.009999770133129623,-1.2129799853526648,-0.4173547495887047,-0.11407023665585073,0.33596069197719725,-1.011521049365433,0.4856321852588979,-0.20763970640770588,-0.43859009487149275,
-0.32120704707605013,1.9949725551583186,1.4724374233743083,0.09174489565681289,0.33596069197719725,1.7543073736898431,-0.9497226286629561,-1.6593984632601104,1.2643826107337024,1.0
-0.7879216022833126,-0.08485323204971094,0.04283341111460805,0.9821185364333889,-3.133198627352555,-0.771014229969322,-0.17640302102081765,-0.9335190848339081,0.6274801581519651,
0.11077841434165554,-0.30691101997540743,0.3372133057391853,0.48584950384140585,-3.133198627352555,-0.16974718147904458,-1.1871670440396997,0.15529998280539523,0.5242627405700114,
0.4107844446770949,-1.2331516581307,0.031521985703117046,-2.0337378776722383,0.33596069197719725,1.2732937348976212,0.190586159780937,0.15529998280539523,-1.6313216582171641,
-1.27137708683987,0.16193588970181247,-3.1651138249944215,0.25578892067113784,0.33596069197719725,0.5517732767092883,-0.615614606651807,0.0,-2.1330075248274487,
1.4745176261170525,-1.2628825358865605,1.4724374233743083,-2.7215208142783203,-3.133198627352555,-0.41025400087515557,-0.1786785430608643,-0.5705793956208071,-1.2903935842096343,
-0.18259358206429402,-1.21858509657891,0.6504360394962767,0.7885372132896927,0.33596069197719725,-0.0494937717809891,1.2131649260517083,0.5182396720184964,1.044452238697845,1.0
-0.0536735581872823,-0.9442014694397168,-5.148716173818101e-16,-0.28977439224794177,0.33596069197719725,-0.41025400087515557,-1.2920716560375916,0.15529998280539523,-9.728482535567586e-16,
0.7030926652710471,-1.616842250562367,0.009549635188153336,0.09174489565681289,0.33596069197719725,0.6720266864073439,1.829168319897015,-1.2964587740470093,-0.05043159976054505,
0.18165225604475135,-1.2690021917748302,0.2706482719761598,0.8372212511239715,0.33596069197719725,0.6720266864073439,-1.183354376955309,1.2441190504446986,0.9772092949654637,1.0
0.9719617115523745,-0.0766188356133404,-0.611305869775839,-1.9777338182090214,0.33596069197719725,1.6340539639917877,-1.458163657956,0.15529998280539523,-1.9477277058108113,
0.24083105258197104,0.04085078033187165,0.7960266351164312,-0.9685877691079945,0.33596069197719725,0.0,0.7499670995655614,-1.2964587740470093,-0.23324823458102267,
-3.1200591762375035e-16,-1.2201362824130597,-1.4342618408385341,-0.09256601491825099,0.33596069197719725,-0.2900005911771001,0.0,0.5182396720184964,-9.728482535567586e-16,
0.3224827228561612,0.4326472546458732,0.2968975216851387,-0.6291160428685438,-3.133198627352555,-0.771014229969322,-1.0364758600599904,1.6070587396577998,-0.4202479349767426,
-1.329918182450291,0.6824396611732765,0.732253486238136,-0.26315768319395694,-3.133198627352555,1.0327869155015104,1.145441009623332,1.6070587396577998,0.04084886673595423,
0.044807769202748975,0.8655594574013644,-5.148716173818101e-16,1.948913179948471,0.33596069197719725,-1.011521049365433,-1.1419667721627096,-0.5705793956208071,-9.728482535567586e-16,
-0.11084516381224217,1.1630968765454224,0.5111516473521278,0.9067257474852027,0.33596069197719725,1.7543073736898431,1.4056441609944406,-1.6593984632601104,1.0203811925381892,1.0
-0.3028312842679833,-0.5020709266504049,-1.0681689632005116,1.0766286275161994,-3.133198627352555,-1.733041507553766,0.3814360928750446,1.6070587396577998,-0.17768503141612219,
-0.21547120875418616,3.582633830170259e-16,-5.148716173818101e-16,1.280071159154166,0.33596069197719725,1.5138005542937323,0.8515658097881611,1.2441190504446986,-9.728482535567586e-16,
-1.666137353091727,-0.29456991924068776,0.3556189938952393,-0.2501696157474915,0.33596069197719725,-0.6507608202712666,-0.6828147556172944,1.6070587396577998,0.12338210153899143,
-0.6767416839807918,0.06509840341272811,0.8678742483306966,-0.39047250442895204,0.33596069197719725,1.6340539639917877,2.3485035209823293,0.8811793612315975,0.16878645906284293,
0.0275564773599594,0.8145422891506794,-2.092524341435215,-0.6189053812232888,0.33596069197719725,-1.1317744590634884,0.0,-0.20763970640770588,-9.728482535567586e-16,
0.1011198981216422,-1.4749520123121356,0.6863964108717319,0.9190250266869588,0.33596069197719725,1.2732937348976212,0.7106839520759212,-0.9335190848339081,1.2150979447271022,1.0
-1.2025204284539734,0.1936262100795229,-0.5486091501828231,0.5603730790562236,0.33596069197719725,-0.0494937717809891,-0.3748163928127246,-0.5705793956208071,0.07301578804774873,
1.3150940149997044,-0.4559314894844835,-0.14236497885770602,-0.6088215633782268,0.33596069197719725,-0.0494937717809891,-0.2000323799763937,-0.9335190848339081,-0.5797038272726746,
-1.0252297304847688,-0.2972745444825008,-1.471848705796643,-7.209671949983916e-16,0.33596069197719725,-0.771014229969322,0.1898954725967832,1.6070587396577998,-9.728482535567586e-16,
0.9898779926784311,-0.35941723796639613,-0.9061825999763607,0.17218063755807464,0.33596069197719725,-0.2900005911771001,0.5182617311650558,0.8811793612315975,-0.5787473270219299,
0.3945963648012572,-0.9119388297392744,1.201285976237124,0.2240901768760304,0.33596069197719725,0.9125335058034548,0.0,-0.20763970640770588,-9.728482535567586e-16,
-0.7837772108660039,0.007505685207203164,0.11927344412057589,1.0928016984021616,0.33596069197719725,-1.733041507553766,-0.8996627487171783,0.8811793612315975,1.0483699528509067,1.0
1.8745226031106452,0.18828730789025278,-0.3626165648104984,-0.14177725735486676,0.33596069197719725,0.0,1.6707747973618672,-1.6593984632601104,-0.5088561836045454,
-1.384708729846477,0.1215117882303046,-0.05388312742742905,-7.209671949983916e-16,0.33596069197719725,-1.4925346881576549,0.7656567881539486,1.2441190504446986,-9.728482535567586e-16,
0.9346566763433235,-0.6964793923977229,0.6483582759108579,0.016489256453385136,0.33596069197719725,1.7543073736898431,0.3222539877986795,1.6070587396577998,0.4848752964597795,
1.0240463134670936,-0.5219824619776448,0.59187599900915,0.7115287272638802,0.33596069197719725,-0.771014229969322,1.2913867222635023,-0.9335190848339081,0.9319573704115114,1.0
-0.8105550826449087,-1.5787231395175065,-0.005813340974196952,1.249172592999535,0.33596069197719725,0.5517732767092883,-0.1562164255765689,-1.6593984632601104,1.024471641188107,1.0
1.4542449604066947,-0.9656334451792542,1.3483355211523944,1.1590061546898187,0.33596069197719725,1.1530403251995658,-0.13982039889562187,-0.9335190848339081,1.973700989273342,1.0
-0.3488605396222801,-1.37919546614061,1.2063146021841193,-1.8297366833159467,0.33596069197719725,1.6340539639917877,0.354482392757579,-1.2964587740470093,-0.5905879921327892,
-3.1200591762375035e-16,0.7907116567264657,0.5604305412972856,-0.7272977396159128,0.33596069197719725,-0.0494937717809891,-0.6948186444386619,0.5182396720184964,-0.10721020575872464,
0.21140817612582827,-0.7956200473853947,0.14448828436624908,0.1043302159366512,0.33596069197719725,1.0327869155015104,1.780783050300844,1.6070587396577998,0.06538610588548743,
-0.22180671058683177,-0.0017323904421614467,0.8432621151763693,-0.007040996799646341,3.851540552412827e-16,-1.011521049365433,-1.1291792070176232,-0.5705793956208071,-9.728482535567586e-16,
0.8157174472532546,-0.235639890785116,0.44552986743761425,0.47537533403032833,0.33596069197719725,-1.3722812784595995,-1.4662662342533515,0.5182396720184964,0.8377217539215893,1.0
0.7967045060457961,-0.3914118582815272,1.3110507231820165,1.3173440268469967,0.33596069197719725,1.1530403251995658,-0.029686004535439108,-0.9335190848339081,2.065424831498576,1.0
-1.666137353091727,-1.2205357901309515,1.124112545282947,-1.26708354132892,0.33596069197719725,0.0,1.1452907785208195,0.15529998280539523,-0.256705050153661,
1.3575036317390914,-0.6048550847108304,-1.0993791140553388,0.04385376555812365,0.33596069197719725,0.1910130476151219,-1.470644608284095,0.5182396720184964,-0.6789570832886345,
-1.666137353091727,1.2290885232557258,-1.1778804156752272,-0.7874539150257225,0.33596069197719725,0.7922800961053993,-1.1624573130037543,0.5182396720184964,-1.4345280832023195,
1.0591354121712413,0.743563690668765,-0.7318481261535925,1.111071116914569,0.33596069197719725,-1.3722812784595995,-1.2489907144116443,-0.20763970640770588,0.44617836040619735,
1.1625005676158218,1.5466828853617614,1.2128953490389054,-7.209671949983916e-16,0.33596069197719725,1.2732937348976212,0.5655368064493939,0.15529998280539523,-9.728482535567586e-16,
-1.2719999115253013,1.7739471606412998,-1.7463813900841483,0.10848233188324298,-3.133198627352555,0.43151986701123285,2.08461763285894,-0.9335190848339081,-1.6023045163372407,
-0.5253470974522327,-0.31078745603167063,0.5388489545288278,-1.3377138865498066,0.33596069197719725,1.5138005542937323,-0.17275076534512762,-0.5705793956208071,-0.6570219790839834,
-1.2881791549556765,0.6570722306254181,0.5015000900350943,0.8045063230056754,0.33596069197719725,-1.252027868761544,-1.2027518046826644,0.15529998280539523,1.1266601961283222,1.0
-0.3103007232571733,-0.5821801507312365,1.4291320378570975,0.5997517764860896,0.33596069197719725,0.0707596379170664,-0.6348220415767502,-0.9335190848339081,1.6192422440191447,1.0
-0.41251796073969565,-0.12072145547812094,-5.148716173818101e-16,-0.21240760257575322,0.33596069197719725,-1.4925346881576549,0.14492223991564954,0.5182396720184964,-9.728482535567586e-16,
-3.1200591762375035e-16,-0.03379717343596847,-1.4761285476670531,1.0890979494776436,0.33596069197719725,-0.530507410573211,-1.127611635453199,-0.9335190848339081,-0.1432738514260901,
1.3640556948204858,0.6626735175242415,-1.03109239998192,1.5211376158574803,0.33596069197719725,1.1530403251995658,-0.3921434979029324,1.2441190504446986,0.48751328101788693,
-3.1200591762375035e-16,1.1439309732402507,-1.289219153172187,0.28961618596551575,0.33596069197719725,1.5138005542937323,-0.636734117488621,-0.5705793956208071,-0.6862319019551333,
-0.6914991799675837,-0.2629923082399947,-0.5425136292914806,0.30925593988911065,0.33596069197719725,0.7922800961053993,0.9197026912870471,-1.2964587740470093,-0.22312420946636624,
-0.30404434176959577,-0.019954125997165523,-0.130881799220168,-0.39047250442895204,0.33596069197719725,-0.0494937717809891,1.8119763887701237,0.15529998280539523,-0.5456879807407048,
-1.666137353091727,-0.35308369898904257,-1.2700266523431158,0.35024553941127345,0.33596069197719725,0.43151986701123285,-1.494088363648956,1.2441190504446986,-0.5581069818044142,
-0.9590287554758758,-0.05177932508071585,1.4724374233743083,0.0118374563434706,0.33596069197719725,0.6720266864073439,-0.17439955132765883,1.6070587396577998,1.1413298862147685,1.0
0.9848221240457965,-0.15700431041811266,-1.455343021370777,-0.3752994103665464,0.33596069197719725,1.0327869155015104,1.8578211331176526,1.6070587396577998,-1.537880334346041,
1.6991774048221056,0.43839747205061863,1.4724374233743083,-7.209671949983916e-16,3.851540552412827e-16,-0.16974718147904458,-1.2278091642861422,-1.2964587740470093,-9.728482535567586e-16,
-1.4294013176310145,-0.9757598645917577,1.4552356228566843,-0.5415385915511003,0.33596069197719725,0.0707596379170664,0.3024113163858413,0.0,0.6444155835197738,
-0.7247575730565874,-0.8027260356832587,1.1226530765444893,-0.7628539446431161,0.33596069197719725,1.0327869155015104,-0.16741461709758923,-0.20763970640770588,0.24923247213922553,
-0.10335370275727747,0.9632047973501567,-0.7231725003045846,0.25578892067113784,0.33596069197719725,-1.1317744590634884,0.9996095074668953,1.2441190504446986,-0.40896842040900244,
0.23318725057553805,0.2701940951807815,0.47820542442164127,0.3892644357724786,0.33596069197719725,-1.252027868761544,-1.0558751596224791,0.5182396720184964,0.7618109538698946,
-0.9631272407016422,-0.6025370631722702,-1.399796474893273,0.4037860555642129,0.33596069197719725,0.6720266864073439,-1.8650948440400437,-0.20763970640770588,-0.584913967324997,
0.3911566928302343,1.9170899486418775,1.1372665632308445,-0.11953649904764813,0.33596069197719725,0.1910130476151219,-1.3813736208707394,0.15529998280539523,0.8724935356664779,1.0
-0.5945343201667339,-1.6241055121537191,-0.004605005129763657,-0.031273748493481204,0.33596069197719725,0.0707596379170664,-1.1848791627054434,1.2441190504446986,0.06613768514688491,
-0.09023148573325288,-0.19475770875695092,-0.39338881917107066,0.931140727689779,0.33596069197719725,-1.6127880978557105,0.5440625952798267,-0.5705793956208071,0.421348265187854,
-3.1200591762375035e-16,-0.28493153304147434,-1.3376228114602065,0.1043302159366512,0.33596069197719725,1.5138005542937323,-0.6161979529582764,0.0,-0.8743721658455901,
-0.06731597377693758,1.0559153112618749,-2.791218349458602,1.6579146510523697,3.851540552412827e-16,-0.530507410573211,2.0699998086667253,-0.20763970640770588,-9.728482535567586e-16,
-0.5534189182029113,-0.5536815268972919,-1.1228995631433358,0.0118374563434706,0.33596069197719725,-1.3722812784595995,1.6951463153051405,0.5182396720184964,-0.9609420826906232,
-0.19469287814180833,-0.2901414735152068,1.3713367141754649,0.49361738032180713,0.33596069197719725,-1.1317744590634884,-0.6516876626789541,-0.5705793956208071,1.490901623804781,1.0
-0.17136866078654947,-0.059931303865577296,-0.3858681184133063,-1.9253455192796138,0.33596069197719725,1.3935471445956769,-0.3713774942430017,0.0,-1.8167293340300337,
-0.48055437304517484,-1.1126555464803611,-0.11514576431099605,0.5013116265334217,0.33596069197719725,-1.011521049365433,-0.2389528143271432,0.8811793612315975,0.3425831889894782,
-0.3584655592657355,0.056890250905777075,0.841213782027233,0.9792901820120395,0.33596069197719725,0.1910130476151219,0.0004415170487742037,-0.20763970640770588,1.4343600833660977,1.0
1.6805858982790582,-0.10055685208325142,1.4724374233743083,1.3060566575249566,-3.133198627352555,-0.8912676396673775,1.695173247119337,1.6070587396577998,1.8293671080557963,1.0
0.5413961844623963,1.2565600754858968,1.4724374233743083,1.8980108463245338,0.33596069197719725,1.5138005542937323,-1.1367711946503791,-1.2964587740470093,2.740849413733037,1.0
-0.3987365527631882,2.5689909084602904,-1.046141303831405,-0.43777152714101675,3.851540552412827e-16,-1.733041507553766,2.072042067935849,-0.9335190848339081,-9.728482535567586e-16,
0.6907317181230466,1.226553720445889,-2.171020595789787,0.3284317189446883,0.33596069197719725,1.1530403251995658,-0.4601157964618063,1.6070587396577998,-1.334564444428381,
-0.4408242691437304,-0.39235078970391907,1.4724374233743083,0.03935659672740526,0.33596069197719725,0.0,-0.235042241786199,1.6070587396577998,1.1681744535062997,1.0
1.2134586528971842,-1.1541768451146812,1.4724374233743083,0.3027620100731877,0.33596069197719725,0.5517732767092883,1.4490223758482035,-0.20763970640770588,1.2546739883041615,1.0
0.33141713360752245,-0.8024598889726611,0.299662851708738,-0.9685877691079945,0.33596069197719725,-0.41025400087515557,-0.5551095569367396,-0.5705793956208071,-0.5101669735585898,
-0.19215959085602402,-0.7134389480069651,-1.3918165384702545,0.9919408832187937,0.33596069197719725,-0.0494937717809891,-1.0652525452269412,1.2441190504446986,-0.16290491225988038,
0.4171254861031695,-1.1751866151772101,1.1979251525441201,1.165789510858282,0.33596069197719725,0.9125335058034548,-0.6899053276511854,1.2441190504446986,1.906917538165813,1.0
-1.666137353091727,1.0712669114015276,-0.044022920604120164,0.03935659672740526,-3.133198627352555,1.3935471445956769,1.678598277021587,0.8811793612315975,-0.34106887719668716,
-1.3113013334089727,0.6981429583212172,-0.04981688826260168,-7.209671949983916e-16,0.33596069197719725,1.7543073736898431,0.9029180454018412,-1.2964587740470093,-9.728482535567586e-16,
-1.3850250802546493,-0.23683843087678635,1.1181967299778495,-1.068108597692235,0.33596069197719725,0.7922800961053993,1.8790598035731894,-0.20763970640770588,-0.15531263245005456,
0.08255293318815118,-0.32676632371989606,0.4688420550600003,0.569811986544548,0.33596069197719725,-0.0494937717809891,-0.41768539808167937,0.8811793612315975,0.8528727377765499,1.0
1.8275424172864636,0.47749349225591997,-1.2936473063642138,-0.33856296511099554,-3.133198627352555,1.6340539639917877,1.3088549105041023,0.8811793612315975,-1.5636739688828585,
2.3750953988432486,0.08615184018527358,-0.2953297927455822,1.165789510858282,0.33596069197719725,-0.771014229969322,1.2602020401030338,0.5182396720184964,0.6315339307008145,
0.626069248856653,-0.47113645931673415,0.8477046962827064,0.5411594744229268,0.33596069197719725,0.0707596379170664,1.0899671472624717,-0.5705793956208071,1.002538868995336,1.0
0.475447487316011,-0.43967278362423384,0.6727522566130171,0.48584950384140585,0.33596069197719725,1.7543073736898431,0.028368413868687496,-0.9335190848339081,0.9054359453272846,1.0
-1.666137353091727,1.004372643041123,0.3849508717410507,0.2929226544789373,0.33596069197719725,-1.6127880978557105,0.0,0.8811793612315975,-9.728482535567586e-16,
-0.6700989395991815,-0.8615423556662977,1.1633712458100818,-1.9777338182090214,3.851540552412827e-16,-0.0494937717809891,1.866570389210173,0.8811793612315975,-9.728482535567586e-16,
-3.1200591762375035e-16,1.0092132511354144,-0.33819821823834406,1.2572597024571661,0.33596069197719725,-0.0494937717809891,-1.190332783464234,1.6070587396577998,0.8576404018622329,1.0
-0.7559160428954682,0.24745726001020588,0.2883196086419314,0.4458543753749408,0.33596069197719725,1.3935471445956769,-0.7910689484206604,-0.20763970640770588,0.6441799968583098,
-0.25894995247644964,1.79846395650783,-3.1651138249944215,1.7807605831822677,0.33596069197719725,-1.011521049365433,-0.10840592588368884,-0.9335190848339081,-0.9365383467244969,
-0.5926145679628162,-0.430817511233644,-0.44014690558255654,0.24535960935515025,0.33596069197719725,1.3935471445956769,-1.4480295568541457,-0.20763970640770588,-0.019269436786682387,
-1.666137353091727,-1.1780700021606796,0.9668317706880595,0.628626447768416,0.33596069197719725,0.6720266864073439,-0.3525738672103473,-0.5705793956208071,1.271969135066161,1.0
0.7466696879267595,0.18063495492887532,-0.371446538220148,-1.8297366833159467,0.33596069197719725,-0.2900005911771001,-0.709153481721559,0.8811793612315975,-1.7029985607158562,
-1.2519947459334986,-0.9772472412104511,-0.45936630675665824,0.45401260382135694,0.33596069197719725,0.9125335058034548,1.712125553706664,-1.2964587740470093,-0.10272899338376472,
0.18827263312193437,-1.009628876606565,-1.126275810291463,0.7556244524127693,0.33596069197719725,0.1910130476151219,0.5456283266279653,0.8811793612315975,-0.274785988021334,
2.2025062619227644,1.6635631409087146,1.2444622359628525,0.7885372132896927,0.33596069197719725,-0.530507410573211,0.2439306888413767,1.6070587396577998,1.5663701691967862,1.0
-1.0836419623314615,1.105580381408686,0.7170536835868074,0.7685828992897012,0.33596069197719725,1.3935471445956769,0.4002911086079639,0.15529998280539523,1.1398309125057047,1.0
-1.666137353091727,-0.2298844336045864,1.038147673502744,-0.6499309499437242,0.33596069197719725,-0.6507608202712666,-1.5667688667682578,-0.5705793956208071,0.38211661879342457,
-0.3883339480862425,0.017247162906541352,-1.9201793796936466,1.5174959009217348,0.33596069197719725,1.1530403251995658,-0.7698147176024763,-0.9335190848339081,-0.15897881476767306,
1.1342378449160682,-0.05022954740583836,-0.1048517757481499,1.813348217891808,-3.133198627352555,-1.733041507553766,0.12764110824912486,1.6070587396577998,1.165954248077956,1.0
2.07545524055106,0.4892344175836615,-0.24358523955452685,-1.5962145303042672,0.33596069197719725,-0.16974718147904458,0.7521347623651802,-0.20763970640770588,-1.5272874373338632,
-1.4241327993479522,-0.4606590226088812,-0.24411936818457655,1.2771318551663997,0.33596069197719725,-1.252027868761544,-0.04708330897825842,0.15529998280539523,0.8587822260629168,1.0
0.4708969409595973,-1.7618808228579905,-0.6330427772359929,-0.41377755671017247,0.33596069197719725,1.7543073736898431,-0.09552562405281359,-1.6593984632601104,-0.8005122435673584,
-0.5851715327241666,-1.3170384347362487,-0.32009702555110087,0.5814583398050724,0.33596069197719725,-0.8912676396673775,2.4857162061719507,-1.6593984632601104,0.04748535463387674,
-0.1906734367642672,-0.723996671611442,1.0662398545414922,-0.26315768319395694,0.33596069197719725,-1.733041507553766,-0.888831399526145,1.6070587396577998,0.6654597911207143,
2.8285231675249194,-0.4685877978331467,-2.136564496551821,1.4561034350860997,0.33596069197719725,-1.011521049365433,-1.1354351827788087,-0.9335190848339081,-0.3447068896215413,
-1.666137353091727,0.6194051970643584,1.4724374233743083,-1.3377138865498066,0.33596069197719725,-1.6127880978557105,2.4459485028551566,-1.2964587740470093,-0.14852500386967882,
0.20418243811667955,1.2619055185614227,0.6421315522083381,0.15280652224548477,-3.133198627352555,-1.011521049365433,2.3161731759687045,-1.6593984632601104,0.22138713910867563,
0.43905487414781846,-0.7413467075768574,0.032092964972480806,-0.016647462735811885,0.33596069197719725,-1.011521049365433,-0.4682980246510149,0.8811793612315975,0.05177903854891027,
1.117580991323182,-0.11667473918656053,1.132544505757478,-0.2965672092745424,0.33596069197719725,-0.771014229969322,0.01974046040006551,-1.6593984632601104,0.620136084988588,
0.03319711321636813,0.5959803160763605,-1.6020674598565536,0.48584950384140585,0.33596069197719725,0.7922800961053993,-0.962727655263074,1.6070587396577998,-0.7392706212510479,
0.26380346609111716,-0.742652562734669,-0.6894740792550382,-1.1228531737411234,0.33596069197719725,-1.3722812784595995,-0.6554796492393747,0.8811793612315975,-1.375096833911832,
-0.5043074825184536,1.141036443220497,-0.05920133179370999,0.6437591317799016,-3.133198627352555,0.9125335058034548,0.0,-0.20763970640770588,-9.728482535567586e-16,
0.2210741819087077,-1.3570222498618931,1.4724374233743083,1.5677370486320803,-3.133198627352555,-1.011521049365433,-0.5625590839568166,-0.5705793956208071,2.2111668092427545,1.0
-3.1200591762375035e-16,-0.2663796313621949,0.02726447940160262,0.8522693279525416,0.33596069197719725,0.5517732767092883,0.8680691339871319,0.8811793612315975,0.6510338913907632,
0.6079788115281297,-0.2729781641980077,0.6029599494109026,1.0030227877272146,0.33596069197719725,0.31126645731317737,2.4348685761028728,0.8811793612315975,1.0902646033749281,1.0
-3.1200591762375035e-16,0.5533356113506146,-0.6023786532902037,-0.20020080265608944,0.33596069197719725,-0.2900005911771001,-0.8997275503256669,0.8811793612315975,-0.5438886632650913,
0.33960454778191085,-1.131591336569635,0.6456108100383395,-0.30341735032911077,0.33596069197719725,-0.530507410573211,-0.777136679805435,-0.9335190848339081,0.30654670388392097,
-0.10649010314761166,1.1538095360758616,1.4724374233743083,0.19855028013695605,3.851540552412827e-16,-0.771014229969322,0.6054931479748324,0.8811793612315975,-9.728482535567586e-16,
-3.1200591762375035e-16,3.582633830170259e-16,1.2353735618031094,-1.9777338182090214,0.33596069197719725,-0.16974718147904458,-0.4119954979671263,-1.6593984632601104,-0.6307542563581805,
-0.13078482359432017,-0.23133668293566412,-0.01326703058791464,1.3210718721941408,0.33596069197719725,-0.8912676396673775,0.4073237750870091,-0.5705793956208071,1.0346318508308512,1.0
-1.666137353091727,-0.4461859579272637,0.8643279043630961,-1.0506512173851883,0.33596069197719725,0.6720266864073439,1.10771060044661,-0.20763970640770588,-0.2749935214143925,
1.3109374721427367,3.582633830170259e-16,0.750738167311885,1.1417955404274385,0.33596069197719725,-0.16974718147904458,-0.5611414232576867,0.15529998280539523,1.5398162279660668,1.0
-1.0686548430472493,0.7881054444378168,0.668503621185667,-1.5006056943405996,0.33596069197719725,0.6720266864073439,-0.9518008476069075,-0.20763970640770588,-0.6322708512290631,
-0.7920533548680422,0.9237714413806141,1.3703572230601877,0.8989429755198951,0.33596069197719725,0.1910130476151219,1.8830151398800568,-0.20763970640770588,1.6275351336172235,1.0
-0.7282671923747309,-0.7521006999405095,1.361690037420407,-1.000424669128043,0.33596069197719725,0.0,1.6385795145574924,-0.20763970640770588,0.1016183207455439,
1.434455175268063,-0.8930563487196208,-0.06625407855579421,-2.1588676722912936,0.33596069197719725,1.1530403251995658,-0.8463377170776034,1.2441190504446986,-1.7284795162304163,
-1.666137353091727,-0.8988866078782949,0.8253588095781832,0.6501591930366932,0.33596069197719725,1.3935471445956769,0.018673311909445562,1.6070587396577998,1.1545338198112454,1.0
3.3701701729445572,1.0241613465613297,-0.36298353360339103,-0.44592975558743286,0.33596069197719725,-0.16974718147904458,0.7581357601494876,1.6070587396577998,-0.6866874565771423,
1.0849447246578328,-0.23236987342344112,-0.9890268371033162,0.6394642175397433,0.33596069197719725,1.2732937348976212,0.028383541713869677,-0.9335190848339081,-0.22616624339658442,
0.17069953416518094,-1.0540238365379282,-0.23127572693446055,0.2829625675841469,0.33596069197719725,1.3935471445956769,-0.06526911672627511,-1.2964587740470093,0.06495963099297485,
-0.1346273340128801,0.6249703892355214,-0.0072639105921014,-1.2899508816029401,0.33596069197719725,1.0327869155015104,-0.6859777386724454,1.6070587396577998,-0.9924732270849324,
0.23910744943352696,0.7117245172301456,-1.845244698793347,1.2582649495177558,0.33596069197719725,-1.252027868761544,-0.39387811619169594,-1.2964587740470093,-0.34051819080518453,
0.4977080817551821,-0.4393743354406874,1.0786311325975084,0.04385376555812365,0.33596069197719725,-0.6507608202712666,-0.585156213944496,0.8811793612315975,0.9005300400473237,1.0
0.6339342281574195,3.582633830170259e-16,-3.1272313181943794,0.6834658916836752,0.33596069197719725,-1.1317744590634884,1.0413400239548563,0.0,-1.882838464706302,
0.5355615395733743,2.9038430973507956,1.4724374233743083,0.16061174485999086,0.33596069197719725,1.5138005542937323,1.1649997946280637,-0.20763970640770588,1.1609646063002055,1.0
0.02397310415255552,-0.3297551340388333,1.4724374233743083,0.39510429475673636,0.33596069197719725,-0.6507608202712666,-1.6858858995835224,0.15529998280539523,1.565398817410268,1.0
-0.29099900470676954,0.4617529512150211,-0.22143828479142139,-0.36781791134463987,-3.133198627352555,-0.530507410573211,-0.9389964566631682,1.2441190504446986,-0.6077906753432021,
-0.24042993085380204,-0.39471631305103955,0.092100856413714,-0.7508279928689443,-3.133198627352555,1.2732937348976212,-0.6675603043027636,0.5182396720184964,-0.7013413930573004,
-0.288331262119506,-0.8694882922154384,0.4324339465075183,0.25578892067113784,0.33596069197719725,1.0327869155015104,1.256773488222367,-0.20763970640770588,0.44508085088059424,
1.1702562916178956,0.2676286613811273,-5.148716173818101e-16,0.016489256453385136,0.33596069197719725,-1.1317744590634884,-0.5216609338427631,-0.20763970640770588,-9.728482535567586e-16,
0.577224510531267,-1.0811262394380745,0.30449234095156824,-0.11407023665585073,-3.133198627352555,-0.6507608202712666,-0.5844604787180256,1.6070587396577998,-0.03153969434948717,
-1.666137353091727,0.5530683089195146,-0.08577977022516256,0.5435861934132092,0.33596069197719725,-0.16974718147904458,-0.23130436438017468,1.2441190504446986,0.3984285799047308,
0.6456641443328303,1.927722049858785,-0.028126590506705306,-7.209671949983916e-16,0.33596069197719725,0.5517732767092883,0.2394556518972936,1.2441190504446986,-9.728482535567586e-16,
0.13941001181542356,3.582633830170259e-16,0.29155579423242745,-1.9777338182090214,0.33596069197719725,-1.4925346881576549,0.7098249054067421,-1.2964587740470093,-1.4285292756783592,
-0.09490414164309187,-0.6433560206819298,-1.4417160713922095,-0.25663767305874474,0.33596069197719725,-1.011521049365433,0.3747557154731236,0.5182396720184964,-1.319880794438482,
-0.5008713267970786,-0.9898863768343171,0.12704870475209099,-0.05625223923626211,-3.133198627352555,0.0,-1.6738264886235668,1.6070587396577998,-0.036844848577971843,
1.1596546818062514,-0.6058142575731627,0.27067137420592363,-1.3884639671680103,0.33596069197719725,-1.6127880978557105,0.30000482960865354,-1.6593984632601104,-0.9363825317149829,
0.965803015145415,-0.43319041522677726,0.23055872945642802,-0.6088215633782268,0.33596069197719725,-1.011521049365433,-0.6692846484163566,-0.5705793956208071,-0.26252822465300313,
-0.9228105834209781,1.1126982276619715,-0.16905949846363685,-1.9253455192796138,0.33596069197719725,0.1910130476151219,-1.3104179302009682,-1.2964587740470093,-1.5821846291591102,
0.37248493434800006,0.2906735879906448,1.4003904862168959,1.850510805908079,-3.133198627352555,-0.2900005911771001,1.4369620743197244,1.6070587396577998,2.2351501157721447,1.0
-1.1410249215399075,0.957788249138782,-0.32884841298124295,0.6895615666193299,0.33596069197719725,1.2732937348976212,-0.31493313696276726,1.2441190504446986,0.3391967827062781,
-1.5888740585216186,-0.5869194343622902,0.34473093460729914,-1.471084735685212,0.33596069197719725,0.6720266864073439,0.24193323799105118,0.15529998280539523,-0.9429287651327071,
-0.7623595615601199,0.17418022159502192,1.4724374233743083,-2.5963910196592654,0.33596069197719725,-0.771014229969322,0.78561300109231,-0.5705793956208071,-1.0426018035923406,
0.872346298022348,0.07570508309216852,-0.010855680446782685,0.6501591930366932,0.33596069197719725,-0.2900005911771001,0.0,-0.9335190848339081,-9.728482535567586e-16,
0.9719489899665079,-1.604617088291864,0.3298181473070343,0.0118374563434706,0.33596069197719725,-0.0494937717809891,-1.426793055272945,-0.5705793956208071,0.37200665264364224,
0.4888852692141927,-1.5685996767698753,-0.030575123752739717,0.8080127513421769,0.33596069197719725,-0.2900005911771001,0.11428787974439206,-1.2964587740470093,0.6282244951662589,
0.7216245743069367,-1.53214241651698,1.4724374233743083,1.2212680041667299,-3.133198627352555,0.1910130476151219,0.5511049151887151,-0.20763970640770588,1.8468339402876377,1.0
0.4922805358300092,-0.3061028582827232,-0.21763066671626266,0.3833822586004705,0.33596069197719725,-0.8912676396673775,-0.6443608274709596,1.2441190504446986,0.2001621675839279,
-0.778567492398208,0.7696481044456537,1.4724374233743083,-0.8128227577345182,0.33596069197719725,-0.771014229969322,-0.2521416263455087,0.15529998280539523,0.4795206661227747,
0.3997868373079273,-0.9162753840052719,-0.038926493670406445,0.7974476968086527,0.33596069197719725,-0.771014229969322,-0.640255609681191,-1.2964587740470093,0.6701529208650888,
0.8043019801483025,-1.2643900303207305,-0.9152750794860592,1.3776336348037788,0.33596069197719725,0.0,-1.6259080522359404,0.15529998280539523,0.5517290146385782,
0.7536746598086699,-0.7081489837800274,0.8688290226897485,0.34096844531881687,0.33596069197719725,0.0707596379170664,1.1325037394797215,0.0,0.8532243829722589,1.0
-3.1200591762375035e-16,-0.19467868191244225,-0.27205612432914544,0.565106252219957,-3.133198627352555,0.5517732767092883,-0.9823017626342496,-0.5705793956208071,0.11252539604957361,
0.703190832483444,-0.9794576344048537,0.8005732286714998,-0.26315768319395694,0.33596069197719725,1.7543073736898431,-0.1880340123974256,-1.6593984632601104,0.4119206852318835,
0.3114442643053169,-1.1789343126395564,-3.083266129287847,-0.1361596785496044,0.33596069197719725,1.7543073736898431,-0.0076675956654568625,-1.2964587740470093,-2.4342361110990987,
1.1004161140072184,-1.2151741551759112,0.0872069660634378,0.6855028736752785,0.33596069197719725,-1.011521049365433,0.0,-0.20763970640770588,-9.728482535567586e-16,
-3.1200591762375035e-16,2.5357895507952635,-0.4516887328887198,1.238949071239139,3.851540552412827e-16,0.1910130476151219,-0.7783860799363034,1.6070587396577998,-9.728482535567586e-16,
-1.0424645539483104,-1.3254814273777649,-1.1515571134018177,0.44858290533117595,0.33596069197719725,-1.011521049365433,-0.20596857014171366,0.5182396720184964,-0.48590806110477036,
-0.25337671735913786,0.38180321454023114,-0.5602488258190428,0.8149804928167521,0.33596069197719725,-1.1317744590634884,0.19749745476971883,0.8811793612315975,0.227275878644056,
-0.8921003520452488,2.470227582856764,-0.5839723843881739,-0.894064193893176,0.33596069197719725,-1.252027868761544,-0.7236214810407113,-0.9335190848339081,-1.104997820747122,
